Date,ss2,ss3,ss5,ss7,ss10,ss20,ss30,s1,s2,s3,s5,s7,s10,s20,s30,ust1m,ust2m,ust3m,ust6m,ust1y,ust2y,ust3y,ust5y,ust7y,ust10y,ust20y,ust30y,inf1y,inf2y,inf3y,inf5y,inf7y,inf10y,inf20y,inf30y,be5,be10,be20,be30,ry5,ry10,ry30
4/28/2020,14.77538,9.01275,5.81028,-0.49679,1.03046,-15.28432,-43.36423,0.42253,0.35597,0.3547,0.426,0.51572,0.61929,0.75486,0.77277,0.08643,0.09151,0.10169,0.13225,0.16248,0.20822,0.26457,0.3679,0.52069,0.60899,1.02256,1.20641,-0.98995,-0.02997,0.37762,0.8266,1.07571,1.33556,1.57121,1.63233,78.19357,114.2,125.84758,147,-0.4140357,-0.53301,-0.26359
4/29/2020,13.83057,9.2257,5.60033,-0.38214,1.17851,-14.53087,-43.14211,0.40378,0.33567,0.33701,0.41761,0.52079,0.6371,0.7882,0.81027,0.09151,0.09151,0.10678,0.12207,0.16248,0.19744,0.2447,0.36159,0.52447,0.6253,1.03964,1.24169,-0.94999,0.01039,0.42004,0.85516,1.10224,1.34867,1.5958,1.65245,78.5,113.5,124.60478,146.5,-0.42341,-0.5097,-0.22331
4/30/2020,13.08573,8.68877,5.50831,-0.49404,1.1292,-15.74783,-45.7485,0.3628,0.31663,0.3223,0.39947,0.51046,0.63568,0.78961,0.81239,0.10931,0.10428,0.12458,0.11444,0.16757,0.18577,0.2354,0.34423,0.51537,0.62428,1.05417,1.26987,-0.96638,-0.02134,0.39669,0.81794,1.06698,1.31767,1.56351,1.61176,71.7,107.5,116.38951,140.2,-0.37277,-0.45072,-0.13213
5/1/2020,12.97329,7.98795,4.58309,-1.24044,0.29201,-15.85331,-45.61005,0.36898,0.33052,0.33654,0.41387,0.51954,0.64243,0.79978,0.82108,0.10168,0.0966,0.11695,0.12207,0.16248,0.20079,0.25665,0.36788,0.53192,0.6394,1.05924,1.27717,-0.98004,-0.04003,0.36737,0.78355,1.03547,1.29119,1.54427,1.5972,69.2,106,115.90757,139.6,-0.32412,-0.4206,-0.11883
5/4/2020,12.92653,8.20522,4.08484,-1.63835,-0.58341,-16.35556,-46.90469,0.34464,0.30945,0.31746,0.39766,0.50586,0.63028,0.80253,0.82706,0.10168,0.0966,0.11187,0.13734,0.15739,0.18018,0.23535,0.3568,0.52223,0.63601,1.06766,1.2961,-0.93504,-0.0025,0.39772,0.80363,1.05124,1.31391,1.55162,1.61568,70.4,108,118.03315,141.7,-0.3472,-0.44399,-0.1209
5/5/2020,12.84551,8.25586,4.34282,-1.16306,-0.51626,-16.00841,-47.0058,0.35,0.31366,0.32596,0.4113,0.52375,0.6512,0.83266,0.85903,0.09151,0.11185,0.11186,0.14243,0.15993,0.1852,0.24333,0.36787,0.53538,0.65636,1.08779,1.32909,-0.86753,0.04745,0.4305,0.81925,1.06138,1.31664,1.56128,1.63627,72.4,109.4,120.7224,145,-0.35613,-0.43764,-0.12091
5/6/2020,11.58505,6.34192,2.8194,-4.16025,-3.71491,-18.29431,-50.11241,0.32478,0.29339,0.30792,0.40374,0.53007,0.67414,0.87892,0.91153,0.09151,0.10168,0.11695,0.14752,0.15739,0.18034,0.24599,0.37579,0.57202,0.71098,1.15856,1.41266,-0.93582,0.00172,0.3955,0.79985,1.0429,1.30011,1.53831,1.62014,72.3,110,120.57697,145.6,-0.34721,-0.38902,-0.04334
5/7/2020,11.42824,6.05525,3.24407,-3.38521,-3.37687,-17.93645,-49.45619,0.2939,0.24002,0.24176,0.32552,0.45119,0.59666,0.79606,0.82567,0.08642,0.11185,0.10169,0.13734,0.13197,0.12698,0.18196,0.29353,0.48518,0.63059,1.05595,1.32027,-0.87614,0.01276,0.38605,0.78652,1.02352,1.27387,1.49745,1.57953,71.3,108.1,118.06436,142.9,-0.41947,-0.45041,-0.10873
5/8/2020,10.04164,4.39329,1.96496,-4.46261,-4.0177,-17.75917,-49.88134,0.30443,0.24826,0.24976,0.34311,0.48051,0.6397,0.85348,0.88343,0.09151,0.11185,0.11186,0.14243,0.14722,0.14784,0.20583,0.32346,0.52514,0.67988,1.11546,1.38224,-0.75825,0.10042,0.44998,0.8275,1.06128,1.30749,1.54012,1.61864,74.38325,111.50226,121.49756,147,-0.4203725,-0.4351426,-0.08776
5/11/2020,8.00364,2.81811,0.43269,-6.04823,-5.90903,-19.49765,-52.01223,0.31233,0.25976,0.26575,0.36265,0.50249,0.66603,0.88922,0.92316,0.09151,0.10168,0.12204,0.15771,0.15739,0.17972,0.23757,0.35832,0.56297,0.72512,1.17042,1.44328,-0.75995,0.11524,0.47139,0.85789,1.08811,1.32997,1.56479,1.64365,75.3,112.5,122.51151,148.5,-0.39468,-0.39988,-0.04172
5/12/2020,9.03995,4.34801,1.61508,-4.5071,-5.13001,-17.75259,-49.37679,0.32524,0.26222,0.26128,0.35065,0.48124,0.63736,0.85759,0.88779,0.10676,0.10168,0.12712,0.15262,0.1523,0.17182,0.2178,0.3345,0.52631,0.68866,1.10907,1.38156,-0.7097,0.12003,0.4588,0.83644,1.06009,1.2935,1.5218,1.59616,73.4,109,118.19122,144,-0.3995,-0.40134,-0.05844
5/13/2020,10.81176,6.17093,2.93353,-2.96902,-3.59427,-17.49455,-49.81949,0.32465,0.26803,0.2638,0.34637,0.46688,0.6133,0.82539,0.85324,0.09659,0.0966,0.11695,0.15262,0.14722,0.15991,0.20209,0.31703,0.49657,0.64924,1.06811,1.35143,-0.73998,0.10042,0.44692,0.82126,1.04257,1.27331,1.50426,1.57461,72.1,107.2,116.48479,142.1,-0.40397,-0.42276,-0.06957
5/14/2020,10.59701,6.3197,2.81712,-3.01442,-3.09115,-16.79503,-48.11298,0.30708,0.25394,0.25221,0.32773,0.44358,0.58683,0.78861,0.81425,0.09659,0.08643,0.12713,0.14752,0.14722,0.14797,0.18901,0.29956,0.47372,0.61774,1.02043,1.29538,-0.69002,0.12746,0.46015,0.82489,1.03602,1.25909,1.47654,1.54497,72.5,105.9,114.77089,140.60359,-0.42544,-0.44126,-0.1106559
5/15/2020,10.16625,6.67703,3.66661,-1.74723,-2.1671,-15.85175,-47.14001,0.29697,0.24972,0.25333,0.34404,0.46765,0.61707,0.82017,0.84722,0.09151,0.10168,0.11695,0.14752,0.14467,0.14806,0.18656,0.30737,0.48512,0.63874,1.04936,1.31862,-0.62011,0.18,0.50728,0.86093,1.06845,1.29358,1.50483,1.57289,75.6,109.1,118.35844,143.51595,-0.44863,-0.45226,-0.1165395
5/18/2020,9.45193,5.74799,3.3555,-1.80398,-1.88488,-15.06514,-47.25357,0.31448,0.27679,0.29402,0.40934,0.55201,0.72157,0.94709,0.98251,0.09659,0.09151,0.11695,0.15262,0.15738,0.18227,0.23654,0.37579,0.57005,0.74042,1.1773,1.45505,-0.46459,0.27996,0.60028,0.9477,1.1481,1.36366,1.57352,1.64178,84.62025,117,125.43718,151.37328,-0.4704125,-0.42958,-0.0586828
5/19/2020,8.78667,5.71989,3.50322,-1.87269,-2.12337,-14.93665,-47.62441,0.29824,0.26015,0.27542,0.38212,0.52143,0.689,0.92335,0.95896,0.10168,0.09151,0.12204,0.15262,0.15994,0.17228,0.21822,0.34709,0.54016,0.71023,1.1567,1.4352,-0.3725,0.3073,0.60715,0.93,1.12893,1.34765,1.55235,1.62733,82.5,115,123.96218,149.76088,-0.47791,-0.43977,-0.0624088
5/20/2020,8.86919,5.51784,3.25656,-1.8253,-1.62168,-28.59828,-47.12381,0.28812,0.24894,0.26296,0.36212,0.4978,0.66147,0.89255,0.92653,0.09659,0.10168,0.11695,0.14243,0.15486,0.16025,0.20778,0.32955,0.51605,0.67769,1.17846,1.39777,-0.29768,0.3684,0.65194,0.95712,1.1513,1.36822,1.56649,1.64234,83.7,115.7,124.09538,150.24067,-0.50745,-0.47931,-0.1046367
5/21/2020,9.13233,6.18752,3.24006,-1.46713,-1.13003,-26.56511,-46.25181,0.29493,0.25768,0.27237,0.3699,0.50255,0.66397,0.89849,0.93461,0.09659,0.10168,0.11695,0.14243,0.15994,0.16636,0.21049,0.33749,0.51721,0.67526,1.1641,1.39713,-0.17506,0.43227,0.68721,0.95811,1.14082,1.35305,1.54568,1.62279,81.5,112.8,120.64989,147.48062,-0.47751,-0.45274,-0.0776762
5/22/2020,9.43095,6.68053,3.87131,-0.62765,-0.25187,-24.03097,-44.75067,0.30281,0.2609,0.27233,0.37134,0.49947,0.65573,0.88687,0.92329,0.09659,0.10677,0.12712,0.14752,0.15994,0.16659,0.20551,0.33262,0.50574,0.65824,1.12718,1.3708,-0.18991,0.42255,0.67794,0.95197,1.13005,1.34103,1.52779,1.60693,80.6,111.1,119.31344,145.82002,-0.47338,-0.45276,-0.0874002
5/26/2020,9.17759,5.87187,3.23842,-1.18831,-0.75586,-25.50305,-45.37712,0.3104,0.26928,0.28019,0.38257,0.52147,0.68977,0.94145,0.98482,0.12202,0.11694,0.1373,0.1628,0.16757,0.17743,0.22147,0.35018,0.53335,0.69733,1.19644,1.43859,-0.07025,0.47992,0.71438,0.98176,1.15877,1.36891,1.54932,1.62444,82.7,113,120.35726,146.75008,-0.47682,-0.43267,-0.0289108
5/27/2020,8.62397,6.26036,4.29953,-0.77699,-0.97494,-26.74698,-46.86595,0.30318,0.26711,0.28151,0.37937,0.50717,0.66559,0.9188,0.96301,0.11693,0.12202,0.16274,0.16789,0.18028,0.18079,0.2189,0.33632,0.51494,0.67534,1.18624,1.43167,-0.07247,0.49503,0.72856,0.99813,1.17449,1.37762,1.56106,1.63565,83.3,113.5,119.86714,147.37933,-0.49668,-0.45966,-0.0421233
5/28/2020,9.05083,6.12615,4.5576,-1.75371,-0.97085,-27.52483,-47.36444,0.29619,0.26549,0.2829,0.39106,0.5267,0.69419,0.95243,1.00087,0.13219,0.13728,0.16782,0.16789,0.17265,0.17491,0.22164,0.34543,0.54422,0.7039,1.22765,1.47451,0.0112,0.55886,0.78976,1.05893,1.22749,1.42366,1.60073,1.67398,86.88582,118,123.86724,152.11867,-0.5234282,-0.4761,-0.0466767
5/29/2020,9.62796,7.52702,5.56252,-0.9952,-0.3434,-28.10861,-47.36364,0.29074,0.25158,0.26266,0.35529,0.4821,0.64023,0.88792,0.92949,0.13727,0.13982,0.15765,0.16789,0.17265,0.15537,0.18736,0.29965,0.49204,0.64366,1.169,1.40312,0.08497,0.57011,0.78653,1.03151,1.19733,1.39292,1.57555,1.6432,83.11999,114.3,122.3628,148.77009,-0.5315499,-0.49934,-0.0845809
6/1/2020,9.04894,6.67726,5.37898,-0.99715,-0.62299,-28.93646,-48.37427,0.28564,0.24782,0.2595,0.35505,0.48889,0.65533,0.92182,0.97085,0.12202,0.1322,0.15256,0.16789,0.16248,0.15738,0.19273,0.30126,0.49886,0.66156,1.21118,1.45459,0.13496,0.60004,0.81199,1.05635,1.23113,1.43351,1.61517,1.67473,85.04404,117.72023,123.90734,151.9294,-0.5491804,-0.5156423,-0.064704
6/2/2020,8.1912,5.36605,4.49622,-1.67271,-1.00191,-29.56349,-49.00069,0.28578,0.24916,0.26243,0.36364,0.50036,0.66948,0.93655,0.9886,0.11693,0.1322,0.15256,0.16789,0.16248,0.16725,0.20877,0.31868,0.51709,0.6795,1.23218,1.47861,0.2202,0.62733,0.81556,1.06016,1.22843,1.42241,1.60495,1.66825,85.34663,117,123.33353,150.2,-0.5347863,-0.4905,-0.02339
6/3/2020,7.16331,4.26187,3.77436,-2.09253,-0.98766,-29.19355,-48.24549,0.29935,0.27046,0.29148,0.41352,0.56705,0.74993,1.01875,1.06783,0.12201,0.1322,0.15256,0.17807,0.17265,0.19883,0.24886,0.37578,0.58798,0.75981,1.31069,1.55028,0.31752,0.68998,0.86333,1.09647,1.26441,1.45905,1.63325,1.69347,88.43465,120.3,126.68395,152.6,-0.5085665,-0.44319,0.02428
6/4/2020,8.11809,4.92875,3.9273,-2.09732,-0.50518,-29.06522,-47.25191,0.29779,0.27419,0.30093,0.44214,0.61472,0.8134,1.09933,1.15196,0.11693,0.14237,0.14747,0.17298,0.16502,0.19301,0.25164,0.40287,0.63569,0.81845,1.38998,1.62448,0.44529,0.76262,0.92333,1.13805,1.30584,1.49695,1.66925,1.72495,88.69476,121.2,127.56809,153.99928,-0.4840776,-0.39355,0.0844872
6/5/2020,8.53462,5.60038,4.22474,-2.55814,-1.88785,-30.85676,-48.62975,0.30396,0.30044,0.34821,0.51801,0.69173,0.88545,1.14658,1.19061,0.12201,0.14236,0.15764,0.17807,0.17773,0.21509,0.29221,0.47576,0.71731,0.90433,1.45515,1.67691,0.59989,0.8674,1.01296,1.21603,1.37105,1.54437,1.70857,1.7607,96.85588,125.7,131.55213,156.7,-0.4927988,-0.35267,0.10991
6/8/2020,7.34563,4.57188,4.24088,-2.38155,-1.62964,-29.93994,-48.00171,0.31252,0.30257,0.33897,0.4943,0.66925,0.86639,1.13105,1.17716,0.13218,0.15254,0.16782,0.18826,0.18282,0.22911,0.29325,0.45189,0.69307,0.88269,1.43045,1.65718,0.62498,0.88743,1.03224,1.24235,1.39251,1.56996,1.72948,1.77814,98.94311,127.6,131.51753,156.2,-0.5375411,-0.39331,0.09518
6/9/2020,8.90753,5.92496,4.62439,-2.35044,-1.50031,-29.25016,-47.00011,0.3137,0.29448,0.32102,0.45192,0.6211,0.81283,1.07045,1.11335,0.1627,0.15763,0.16782,0.18826,0.18281,0.2054,0.26177,0.40568,0.6446,0.82783,1.36295,1.58335,0.76996,0.96501,1.06786,1.23388,1.36792,1.52993,1.68219,1.73022,99.47227,125,128.39083,152.9,-0.5890427,-0.42217,0.05435
6/10/2020,8.76479,6.44094,5.88341,-0.72397,-0.49574,-28.62277,-45.87344,0.29466,0.26531,0.27782,0.3945,0.55571,0.74192,1.01189,1.06007,0.15761,0.15762,0.17291,0.18317,0.17773,0.17766,0.21341,0.33567,0.56295,0.74688,1.29812,1.5188,0.87999,1.01995,1.11024,1.251,1.38074,1.54228,1.6918,1.73735,102.12012,127,129.85437,154,-0.6855312,-0.52312,-0.0212
6/11/2020,7.7349,5.00673,5.21807,-0.92288,-0.76613,-29.13337,-47.5058,0.28775,0.25508,0.25956,0.35372,0.48506,0.6442,0.88747,0.92655,0.14236,0.14745,0.16782,0.17807,0.18281,0.17773,0.20949,0.30154,0.49429,0.65186,1.1788,1.40161,0.85753,0.9879,1.0758,1.21067,1.33712,1.49982,1.6448,1.69536,95.8,121.5,125.82928,149.3,-0.65646,-0.56314,-0.09139
6/12/2020,7.58582,5.27808,4.83323,-1.54764,-0.98952,-30.36955,-48.24621,0.3014,0.26581,0.27272,0.37383,0.51772,0.68779,0.92774,0.96435,0.15252,0.15254,0.16273,0.18316,0.17264,0.18995,0.21994,0.3255,0.5332,0.69769,1.23144,1.44681,0.88499,1.00012,1.08309,1.21463,1.32657,1.48266,1.63146,1.68285,97,120.5,125.80174,148.3,-0.6445,-0.50731,-0.03619
6/15/2020,6.90542,4.8599,4.64037,-1.48899,-1.11723,-30.49596,-48.74719,0.29036,0.25709,0.2686,0.37196,0.51834,0.68983,0.9256,0.96068,0.14235,0.15254,0.16782,0.18826,0.17518,0.18804,0.21991,0.32554,0.53322,0.70099,1.23055,1.44815,0.94231,1.02488,1.10519,1.23735,1.34368,1.49619,1.63314,1.68397,99.1,122,126.05857,148.9,-0.66546,-0.51901,-0.04085
6/16/2020,6.81377,4.73464,4.87361,-1.4385,-1.5007,-31.12537,-49.25026,0.30159,0.27029,0.28302,0.39825,0.55389,0.73867,0.99927,1.04408,0.15253,0.1322,0.17291,0.18317,0.20064,0.20217,0.23559,0.34951,0.56769,0.75367,1.31052,1.53658,1.03787,1.09034,1.16232,1.28979,1.3938,1.53995,1.68245,1.73368,104.1,126.5,130.35387,154,-0.69149,-0.51133,-0.00342
6/17/2020,6.44673,4.43812,3.71133,-2.58769,-2.76957,-31.8852,-50.7571,0.29417,0.26068,0.26953,0.3757,0.52349,0.70474,0.96767,1.01478,0.14236,0.1322,0.16783,0.17298,0.18792,0.19625,0.22509,0.33839,0.54932,0.73227,1.28647,1.52233,1.07242,1.09747,1.15476,1.26811,1.37225,1.51963,1.65817,1.70865,101.8,125.00162,129.84737,152.5,-0.67961,-0.5177462,-0.00267
6/18/2020,6.34695,4.67016,3.4842,-2.45132,-2.50799,-30.85415,-50.25288,0.28898,0.25781,0.26653,0.3605,0.49727,0.66776,0.91623,0.95764,0.13727,0.1322,0.15256,0.16789,0.18029,0.19434,0.21983,0.32566,0.52178,0.69284,1.22477,1.46017,1.18499,1.17498,1.20748,1.30745,1.40213,1.53906,1.66258,1.71392,104.59538,126.3,130.64324,152.9,-0.7202938,-0.57016,-0.06883
6/19/2020,6.78693,4.69453,3.72834,-2.46551,-2.13596,-30.1557,-49.75396,0.28611,0.25442,0.26406,0.36309,0.50232,0.67647,0.92908,0.97168,0.13727,0.12711,0.15256,0.17298,0.17265,0.18655,0.21711,0.32579,0.52697,0.69782,1.23063,1.46922,1.22257,1.19038,1.2226,1.31703,1.41511,1.55105,1.665,1.71805,107.7,129,132.34482,154.7,-0.75121,-0.59218,-0.07778
6/22/2020,6.05035,4.03768,3.74251,-2.29537,-1.50379,-29.56447,-49.25137,0.28214,0.2512,0.26275,0.37128,0.51267,0.68775,0.93098,0.96905,0.13218,0.12711,0.15256,0.17807,0.17011,0.19069,0.22235,0.33383,0.53561,0.70277,1.22661,1.46156,1.29978,1.24373,1.27128,1.36324,1.45914,1.59319,1.704,1.75515,111.8,132.7,135.2747,157.9,-0.78417,-0.62423,-0.11744
6/23/2020,5.66711,4.55411,4.10821,-1.82454,-1.3835,-29.06693,-48.87808,0.28108,0.25017,0.25998,0.36539,0.51283,0.69394,0.95619,0.99959,0.1271,0.12203,0.14747,0.17298,0.1752,0.1935,0.21442,0.32427,0.53102,0.70773,1.24683,1.48835,1.34121,1.29135,1.31163,1.39313,1.48797,1.6239,1.73303,1.78505,115.2,136.5,138.75665,161.9,-0.82773,-0.65727,-0.13065
6/24/2020,6.14521,5.12327,3.07854,-1.73787,-1.08672,-28.34509,-48.28134,0.27426,0.24812,0.25773,0.35927,0.49932,0.67228,0.92308,0.96216,0.1271,0.12711,0.14239,0.16789,0.17265,0.18667,0.20648,0.32845,0.51665,0.6831,1.2065,1.44496,1.25251,1.22367,1.25469,1.36401,1.45566,1.59323,1.69771,1.75159,110.5,131.7,135.07049,157.8,-0.77655,-0.6339,-0.13304
6/25/2020,6.64559,5.31289,3.73761,-2.0593,-0.94306,-28.78043,-48.47949,0.28322,0.24921,0.25693,0.36226,0.49704,0.66383,0.89776,0.9311,0.13473,0.14237,0.15256,0.17298,0.17774,0.18275,0.2038,0.32488,0.51763,0.67326,1.18556,1.41589,1.34003,1.29237,1.31208,1.3976,1.48209,1.61263,1.70918,1.75587,112.3,132.5,135.29829,157.6,-0.79812,-0.65174,-0.16011
6/26/2020,6.71462,5.81588,4.03004,-1.65848,-0.98482,-28.61714,-48.61956,0.2686,0.23423,0.24068,0.33677,0.46637,0.62658,0.85511,0.88555,0.13218,0.13728,0.14239,0.1628,0.16248,0.16708,0.18252,0.29647,0.48295,0.63643,1.14128,1.37175,1.31037,1.26246,1.28748,1.38064,1.46277,1.58738,1.6834,1.72701,112.3,131.5,133.83707,156,-0.82653,-0.67857,-0.18825
6/29/2020,6.63837,5.67475,3.74009,-2.0371,-2.00501,-29.7026,-49.6268,0.26176,0.22557,0.22858,0.31808,0.45121,0.61556,0.85839,0.89342,0.14235,0.14236,0.14238,0.1628,0.15739,0.15925,0.17188,0.2807,0.4716,0.63562,1.15542,1.38969,1.34247,1.29762,1.32166,1.40625,1.48199,1.59881,1.68897,1.72933,115.4,133.00033,133.54691,156.2,-0.8733,-0.6943833,-0.17231
6/30/2020,7.07077,5.45624,3.73365,-2.43171,-1.75826,-29.44179,-49.25298,0.26049,0.22411,0.22902,0.32436,0.46374,0.63442,0.88139,0.9175,0.13473,0.13474,0.14747,0.16534,0.15993,0.15341,0.17446,0.28703,0.48806,0.652,1.17581,1.41003,1.33744,1.30525,1.33474,1.4254,1.49891,1.61266,1.69747,1.73869,116.8,133.4,133.58474,156.1,-0.88097,-0.682,-0.15097
7/1/2020,6.80567,5.16582,3.28185,-2.63717,-1.98389,-28.67912,-48.99418,0.2645,0.23133,0.24195,0.34514,0.48843,0.66172,0.90728,0.94352,0.1271,0.1322,0.14747,0.15771,0.15739,0.16327,0.19029,0.31232,0.5148,0.68156,1.19407,1.43346,1.33601,1.32105,1.35444,1.44427,1.52163,1.64136,1.7261,1.76556,118.75,136,135.37435,158,-0.87518,-0.67844,-0.14654
7/2/2020,7.24018,5.23917,3.36701,-2.62072,-2.37904,-29.5521,-49.50146,0.26389,0.22601,0.23183,0.3303,0.47266,0.64632,0.89813,0.93685,0.1271,0.13219,0.14747,0.1577,0.15739,0.15361,0.17942,0.29662,0.49886,0.6701,1.19365,1.43186,1.36739,1.36062,1.39358,1.48566,1.56265,1.68146,1.75816,1.79276,122.6,139.5,137.6237,160.3,-0.92938,-0.7249,-0.17114
7/6/2020,6.16444,4.0745,2.87713,-3.06097,-2.74892,-29.83944,-49.62461,0.25276,0.22122,0.23078,0.33493,0.47966,0.65498,0.90733,0.94557,0.12201,0.13728,0.15256,0.16789,0.15484,0.15958,0.19001,0.30615,0.51026,0.68246,1.20572,1.44181,1.41624,1.42496,1.45735,1.55186,1.61807,1.72639,1.79458,1.82405,128.7,144.5,141.2655,163.4,-0.98085,-0.76254,-0.19219
7/7/2020,5.39479,3.62529,2.75348,-3.16751,-2.74824,-29.59909,-49.24937,0.24733,0.21753,0.22527,0.31947,0.45351,0.61882,0.8599,0.89598,0.12202,0.1322,0.14747,0.1628,0.15484,0.16358,0.189,0.29192,0.48518,0.6463,1.15589,1.38847,1.41746,1.41007,1.44138,1.52755,1.59213,1.69322,1.75426,1.77945,126.5,141.7,137.54817,159.2,-0.97308,-0.7707,-0.20353
7/8/2020,6.14109,4.07701,2.72505,-3.26787,-3.01261,-29.35654,-49.25454,0.24682,0.21513,0.22196,0.31762,0.45478,0.62193,0.86233,0.89855,0.12202,0.12202,0.14238,0.15771,0.1523,0.15372,0.18117,0.29036,0.48745,0.65205,1.15589,1.39109,1.43034,1.41029,1.43702,1.52106,1.58438,1.68393,1.7387,1.76607,125.4,140.3,135.4938,157.11391,-0.96364,-0.75095,-0.1800491
7/9/2020,6.35091,4.34872,3.19759,-2.36753,-2.02645,-27.86368,-47.63445,0.24782,0.21331,0.21681,0.30493,0.4296,0.58427,0.80425,0.83229,0.11693,0.11694,0.13221,0.15262,0.14976,0.1498,0.17332,0.27295,0.45328,0.60453,1.08289,1.30863,1.37251,1.36536,1.40534,1.49797,1.56216,1.66365,1.7205,1.74994,122.8,138,133.6191,154,-0.95505,-0.77547,-0.23137
7/10/2020,6.47014,4.58215,3.54114,-2.11052,-1.47921,-26.98923,-46.49255,0.24834,0.21858,0.2296,0.33221,0.46176,0.61758,0.83312,0.86007,0.12202,0.12202,0.13221,0.14752,0.14721,0.15388,0.18378,0.2968,0.48287,0.63237,1.10301,1.32499,1.42503,1.40038,1.42309,1.51154,1.57489,1.67044,1.72063,1.74691,125.2,139.2,133.85283,154.2,-0.9552,-0.75963,-0.21701
7/13/2020,6.57707,4.66924,3.4811,-1.95104,-1.75955,-26.56745,-46.25343,0.25363,0.2237,0.2331,0.33164,0.46335,0.62135,0.84436,0.8734,0.12202,0.12203,0.1373,0.14752,0.15484,0.15791,0.1864,0.29682,0.48286,0.63894,1.11003,1.33593,1.41996,1.40005,1.42535,1.53026,1.59737,1.69133,1.74251,1.76996,127.3,141.4,136.17988,156.5,-0.97618,-0.77506,-0.22907
7/14/2020,6.46903,4.60045,3.49635,-2.04261,-2.25184,-27.31345,-46.75066,0.24976,0.21867,0.22456,0.31592,0.43961,0.59017,0.8058,0.83252,0.1271,0.12203,0.1373,0.14752,0.15486,0.15396,0.17855,0.28095,0.46003,0.61269,1.07893,1.30003,1.45252,1.4273,1.44658,1.54918,1.60922,1.69315,1.74036,1.76548,128.8,140.8,135.67768,155.8,-1.00705,-0.79531,-0.25797
7/15/2020,7.0474,5.22806,3.87104,-1.72284,-2.002,-27.18854,-46.75072,0.25307,0.22449,0.23089,0.32287,0.45192,0.60907,0.83331,0.86264,0.1271,0.12711,0.13221,0.14243,0.14977,0.154,0.1786,0.28415,0.46914,0.62909,1.10519,1.33015,1.48375,1.43892,1.45604,1.54733,1.60794,1.67886,1.73226,1.76761,129.5,139.89879,135.98561,156.4,-1.01085,-0.7698979,-0.23385
7/16/2020,7.54153,5.74872,3.98891,-1.57794,-1.7556,-26.6279,-46.00201,0.24805,0.22145,0.22828,0.31453,0.43966,0.5935,0.81264,0.84066,0.11185,0.10677,0.11695,0.13225,0.14215,0.14603,0.17079,0.27463,0.45543,0.61105,1.07892,1.30068,1.47505,1.43568,1.47107,1.56933,1.63232,1.69305,1.74699,1.7777,131.3,140.6,136.93765,156.9,-1.03837,-0.79495,-0.26832
7/17/2020,7.53224,5.64956,3.99914,-1.47061,-1.50043,-26.12522,-45.50016,0.24761,0.22144,0.23004,0.32104,0.45211,0.61245,0.84305,0.87324,0.11185,0.11185,0.12204,0.13225,0.14214,0.14612,0.17354,0.28104,0.46681,0.62745,1.1043,1.32824,1.54249,1.48882,1.52391,1.61323,1.67381,1.7361,1.78024,1.81319,135.5,144.6,139.76222,160.2,-1.07396,-0.81855,-0.27376
7/20/2020,7.16131,5.20977,3.37308,-2.53137,-2.37597,-27.4205,-46.87535,0.24437,0.21977,0.22832,0.31797,0.44148,0.59548,0.81957,0.8489,0.11185,0.11185,0.11695,0.13225,0.14214,0.14816,0.17622,0.28424,0.46679,0.61924,1.09377,1.31765,1.54005,1.50005,1.53733,1.62856,1.68541,1.74261,1.78278,1.81743,137.1,145,140.19171,160.5,-1.08676,-0.83076,-0.28735
7/21/2020,6.99378,5.42019,3.74542,-2.22828,-2.00231,-26.6887,-46.62583,0.23884,0.21208,0.21994,0.30736,0.43078,0.58608,0.8155,0.84691,0.10168,0.10168,0.11695,0.13225,0.1396,0.14214,0.16574,0.26991,0.45306,0.6061,1.08239,1.31317,1.61495,1.53906,1.58276,1.66791,1.72125,1.77273,1.80531,1.83339,140.4,147.3,141.12318,161.6,-1.13409,-0.8669,-0.30283
7/22/2020,6.62832,4.99421,3.49005,-2.19463,-1.75502,-26.2526,-46.2518,0.24019,0.21249,0.21835,0.30323,0.42424,0.57707,0.80021,0.82702,0.10168,0.0966,0.11695,0.13226,0.13706,0.14621,0.16841,0.26833,0.44619,0.59462,1.06274,1.28954,1.64003,1.55747,1.59581,1.67977,1.72916,1.77727,1.80552,1.82881,141.5,147.5,140.6811,160.76907,-1.14667,-0.88038,-0.3181507
7/23/2020,5.97217,4.39041,3.51599,-1.73355,-1.11693,-24.15583,-43.62212,0.23117,0.20798,0.21498,0.30031,0.41968,0.57033,0.78686,0.81345,0.09659,0.0966,0.11187,0.12971,0.1396,0.14826,0.17108,0.26515,0.43702,0.5815,1.02842,1.24967,1.64999,1.55503,1.56745,1.63824,1.69269,1.74854,1.77657,1.79713,137.2,144.5,139.77629,158.1,-1.10685,-0.8635,-0.33133
7/24/2020,6.32164,4.97759,3.24615,-1.68276,-0.75194,-22.65101,-41.62569,0.2331,0.21158,0.21835,0.30562,0.42698,0.57968,0.79625,0.82178,0.10168,0.0966,0.10678,0.13226,0.1396,0.14836,0.16857,0.27316,0.44381,0.5872,1.02276,1.23804,1.67743,1.54132,1.55981,1.63215,1.68722,1.74441,1.78103,1.80628,135.7,150.2,141.7721,159.4,-1.08384,-0.9148,-0.35596
7/27/2020,6.76585,4.83812,2.97355,-1.37895,-0.76336,-22.25692,-40.87979,0.24061,0.22116,0.23021,0.31786,0.44374,0.60009,0.81664,0.84276,0.09659,0.10168,0.10678,0.13734,0.14214,0.1535,0.18183,0.28812,0.45753,0.60772,1.03921,1.25156,1.63995,1.54003,1.5624,1.63756,1.69132,1.74663,1.77565,1.79748,137,151.5,143.46182,161,-1.08188,-0.90728,-0.35844
7/28/2020,7.65375,5.99082,3.61781,-1.63015,-0.62863,-21.70188,-40.6263,0.24077,0.21817,0.22326,0.30113,0.4217,0.57351,0.79016,0.81643,0.09659,0.10168,0.10678,0.11699,0.13451,0.14163,0.16335,0.26495,0.438,0.5798,1.00718,1.22269,1.61629,1.53121,1.55289,1.63008,1.68342,1.7386,1.76506,1.78848,136.24724,150.62779,142.69458,160.98088,-1.0975224,-0.9264779,-0.3871188
7/29/2020,7.68033,6.25634,4.10938,-1.38619,-0.50788,-22.25408,-41.50282,0.22916,0.20473,0.21006,0.29345,0.41842,0.57471,0.79845,0.82803,0.09659,0.0966,0.10169,0.11698,0.12689,0.12793,0.1475,0.25236,0.43228,0.57979,1.02099,1.24306,1.6325,1.55542,1.57989,1.65509,1.70906,1.76568,1.79325,1.81879,137.9,152.7,144.49311,163.4,-1.12664,-0.94721,-0.39094
7/30/2020,6.63156,5.53525,3.86872,-1.47449,-0.62817,-22.06413,-41.50113,0.2132,0.18642,0.18962,0.26748,0.38464,0.53424,0.75256,0.78154,0.09405,0.0966,0.09915,0.10426,0.11673,0.12011,0.13427,0.22877,0.39936,0.5405,0.97319,1.19654,1.58966,1.53753,1.56737,1.64651,1.69803,1.74761,1.76899,1.79114,137.9,151.7,142.41437,161,-1.15023,-0.9765,-0.41346
7/31/2020,7.44595,6.75172,4.50071,-1.24949,-0.74964,-23.06232,-42.24987,0.213,0.18473,0.18589,0.25805,0.37727,0.52805,0.74552,0.77404,0.09659,0.09914,0.09661,0.10426,0.11673,0.11027,0.11836,0.21301,0.38974,0.53552,0.97613,1.19653,1.53621,1.56389,1.59651,1.67664,1.72984,1.7794,1.80078,1.8265,141.9,154.9,146.01158,164.1,-1.20599,-1.01348,-0.44447
8/3/2020,7.38127,6.62523,4.48617,-1.4474,-1.00698,-23.62861,-43.37749,0.2145,0.18799,0.18993,0.2689,0.39403,0.55164,0.77773,0.81023,0.08134,0.08643,0.09661,0.10681,0.11673,0.11418,0.12367,0.224,0.40848,0.56169,1.01401,1.244,1.64004,1.61004,1.64039,1.71342,1.76461,1.80812,1.83324,1.85802,146.5,158.2,147.55004,166.3,-1.241,-1.02031,-0.419
8/4/2020,7.63812,6.839,5.00988,-0.65793,-0.62002,-23.18493,-42.99823,0.21282,0.18661,0.18409,0.2442,0.3571,0.50561,0.72798,0.76065,0.08134,0.08643,0.09661,0.10681,0.11673,0.11023,0.11569,0.19408,0.36366,0.5118,0.95982,1.19063,1.63377,1.60622,1.63512,1.70559,1.74926,1.78706,1.80936,1.83477,145.8,156.2,145.39731,163.67859,-1.26392,-1.0502,-0.4461559
8/5/2020,7.95755,7.16677,4.79079,-0.7108,-0.60443,-22.48938,-42.36767,0.21501,0.19571,0.19801,0.26559,0.38265,0.53596,0.7615,0.79432,0.08134,0.09151,0.10169,0.11698,0.12435,0.11613,0.12633,0.21767,0.38975,0.542,0.98639,1.21799,1.70501,1.67992,1.70949,1.77824,1.81279,1.84871,1.86492,1.88725,152.5,161.5,149.15912,166.6,-1.30733,-1.073,-0.44801
8/6/2020,7.67216,6.88294,5.53982,0.0885,0.14508,-21.05213,-40.61784,0.21362,0.19283,0.19516,0.26833,0.38384,0.53688,0.76253,0.79468,0.07625,0.09151,0.09661,0.1119,0.12435,0.11611,0.12633,0.21293,0.38295,0.53543,0.97305,1.20086,1.68302,1.69009,1.72439,1.78878,1.82207,1.8543,1.8574,1.86921,153.5,161.8,149.71967,164.3,-1.32207,-1.08257,-0.44214
8/7/2020,8.29727,7.68283,6.31141,0.89398,1.406,-19.23395,-38.23889,0.22575,0.20896,0.21386,0.29177,0.41465,0.57564,0.80949,0.84591,0.07625,0.09151,0.09661,0.11698,0.12943,0.12599,0.13703,0.22866,0.40571,0.56158,1.00183,1.2283,1.63502,1.65005,1.68984,1.75915,1.8036,1.84686,1.85032,1.86246,150.2,161.2,149.15263,163.5,-1.27334,-1.05042,-0.4067
8/10/2020,8.93235,8.18872,6.87134,1.37738,1.74815,-18.95096,-37.75066,0.23626,0.21928,0.22428,0.3021,0.4269,0.59055,0.83089,0.86932,0.07625,0.09151,0.10169,0.12207,0.13197,0.12996,0.14239,0.23339,0.41313,0.57307,1.0204,1.24683,1.62747,1.63001,1.67228,1.74386,1.78936,1.83762,1.86229,1.87994,148.8,160.5,150.85743,165.1,-1.25461,-1.03193,-0.40417
8/11/2020,7.90085,6.68531,5.63555,-0.26244,0.25534,-20.87722,-39.49807,0.24432,0.23882,0.25341,0.3452,0.48313,0.65982,0.90914,0.95149,0.07625,0.09151,0.10169,0.12716,0.14215,0.15981,0.18645,0.28884,0.48575,0.65727,1.11791,1.34647,1.63129,1.64126,1.68707,1.76291,1.80789,1.85476,1.88125,1.89972,150.9,162.6,153.20828,167.6,-1.22016,-0.96873,-0.32953
8/12/2020,7.96934,6.36971,4.81578,-1.12785,-2.09172,-21.44266,-40.11292,0.24574,0.23756,0.25021,0.34337,0.48254,0.66298,0.92161,0.96418,0.08134,0.08134,0.10678,0.11698,0.1396,0.15787,0.1864,0.29521,0.49382,0.68387,1.13604,1.36531,1.84755,1.75276,1.7678,1.81286,1.849,1.8884,1.91196,1.93201,156.2,166.1,156.073,170.7,-1.26679,-0.97713,-0.34169
8/13/2020,7.90703,6.00788,4.17582,-1.40838,-2.06841,-22.62809,-40.93966,0.24888,0.24297,0.25969,0.35926,0.50622,0.69438,0.96635,1.01577,0.07625,0.09151,0.10678,0.11698,0.14215,0.1639,0.19948,0.3175,0.5203,0.71501,1.19263,1.42516,1.82753,1.74989,1.76512,1.81667,1.84678,1.88527,1.91189,1.93371,157.2,167.4,155.62141,171,-1.2545,-0.95899,-0.28484
8/14/2020,8.92223,6.99448,5.95982,0.77622,-0.27035,-20.56064,-39.75744,0.24239,0.23725,0.25383,0.35809,0.50981,0.70584,0.99063,1.04241,0.07625,0.10423,0.09915,0.12207,0.13198,0.14803,0.18389,0.29849,0.50205,0.70854,1.19624,1.43998,1.81495,1.73246,1.74742,1.79913,1.83667,1.88804,1.92116,1.93067,154.8,165.9,153.63669,170,-1.24951,-0.95046,-0.26002
8/17/2020,7.79708,5.85734,5.24279,-0.15017,-1.25365,-21.8769,-41.25133,0.236,0.22804,0.23989,0.33662,0.47991,0.66998,0.95734,1.01127,0.07879,0.0966,0.10678,0.12207,0.12689,0.15007,0.18132,0.28419,0.48141,0.68252,1.17611,1.42378,1.81996,1.72709,1.73575,1.7859,1.82584,1.87529,1.909,1.92182,154,165.40248,154.35418,170.06795,-1.25581,-0.9715048,-0.2768995
8/18/2020,7.52688,5.99154,4.76539,-0.61397,-1.49221,-21.49594,-41.12217,0.2289,0.21935,0.23079,0.32549,0.46554,0.653,0.93485,0.98681,0.07625,0.08897,0.10169,0.12207,0.12689,0.14408,0.17087,0.27784,0.47168,0.66792,1.14981,1.39803,1.83995,1.74764,1.75432,1.807,1.84814,1.90323,1.93778,1.95394,156.5,168.8,158.31479,173.9,-1.28716,-1.02008,-0.34097
8/19/2020,6.91867,5.6782,4.02016,-1.11055,-1.8648,-24.36968,-40.99629,0.21971,0.20927,0.21982,0.31646,0.46176,0.65578,0.94876,1.00415,0.06609,0.08897,0.09915,0.11953,0.12435,0.14008,0.16304,0.27626,0.47287,0.67443,1.19237,1.41411,1.84004,1.72979,1.73265,1.78321,1.83144,1.89171,1.92649,1.9514,154.8,167.9,158.52339,173.89828,-1.27174,-1.00457,-0.3248728
8/20/2020,7.63365,6.66456,4.8714,-0.27258,-1.00182,-23.00095,-40.12566,0.22513,0.21644,0.2271,0.31559,0.44894,0.63374,0.92046,0.97502,0.07371,0.09406,0.09915,0.12208,0.12435,0.1401,0.16045,0.26671,0.45166,0.64361,1.15044,1.37627,1.79498,1.68535,1.69265,1.74282,1.78948,1.84563,1.86925,1.89148,150.6,162.8,152.65378,166.9,-1.23929,-0.98439,-0.29273
8/21/2020,7.39975,6.72898,5.26338,0.1496,-0.11823,-20.99647,-37.87254,0.22657,0.22024,0.2331,0.32431,0.45554,0.63772,0.92076,0.97402,0.07879,0.09406,0.09915,0.12208,0.12689,0.14624,0.16581,0.27153,0.45405,0.63876,1.13069,1.35274,1.83005,1.71709,1.72284,1.77882,1.82137,1.86889,1.89283,1.91168,153.1,164,154.42867,167.8,-1.25947,-1.00124,-0.32526
8/24/2020,6.53926,5.90984,4.24285,-0.57513,-1.00362,-21.30188,-37.87631,0.22157,0.21773,0.23293,0.32116,0.45293,0.63536,0.91815,0.96986,0.07117,0.08897,0.10169,0.12207,0.12943,0.15234,0.17376,0.27873,0.45868,0.64525,1.13113,1.34862,1.88005,1.76378,1.76797,1.82372,1.86247,1.90874,1.92317,1.94151,157.85,167.75,157.36404,170.03865,-1.29977,-1.03225,-0.3517665
8/25/2020,7.27935,6.17892,4.87552,0.17037,-0.37474,-20.56236,-36.4999,0.2294,0.22431,0.24095,0.33948,0.48343,0.67726,0.96783,1.0215,0.07371,0.08897,0.10424,0.11699,0.12943,0.1515,0.17909,0.29073,0.48173,0.68101,1.17339,1.3865,1.90743,1.7892,1.79262,1.83587,1.8816,1.93125,1.94532,1.95922,160.6,170.25,160.4247,172.25,-1.31527,-1.02149,-0.336
8/26/2020,7.75067,6.61823,5.51507,0.4808,0.00763,-20.12601,-35.74721,0.23617,0.23055,0.24515,0.34285,0.48888,0.68561,0.99022,1.04747,0.07371,0.09151,0.09915,0.1119,0.12435,0.15337,0.17914,0.2879,0.48408,0.68592,1.192,1.40543,1.94249,1.82585,1.82801,1.87704,1.91814,1.96074,1.97657,1.98926,164.9,173.2,163.01046,174.8,-1.3611,-1.04608,-0.34257
8/27/2020,9.00805,7.3552,5.88843,-0.40037,-0.24319,-21.12142,-36.74748,0.25048,0.2481,0.26419,0.36973,0.52946,0.74491,1.0702,1.13459,0.08388,0.08897,0.09915,0.11444,0.12943,0.15729,0.18977,0.30909,0.53196,0.74479,1.27884,1.49965,1.88077,1.80534,1.81388,1.87274,1.91711,1.96543,1.98403,2.0017,165.85,173.8,162.52389,175.2,-1.34941,-0.99321,-0.25235
8/28/2020,8.78543,8.19194,6.62445,0.3546,0.24972,-21.57015,-37.7501,0.23063,0.22169,0.23511,0.34074,0.5073,0.73032,1.06423,1.13022,0.09913,0.09406,0.10169,0.11189,0.11927,0.1338,0.15282,0.2744,0.50341,0.72767,1.2798,1.50762,1.90936,1.81753,1.8321,1.901,1.94765,1.99981,2.01553,2.03777,167.74579,177.35,165.75917,178.85,-1.4030579,-1.04583,-0.28088
8/31/2020,8.94603,8.68014,6.63165,0.30977,0.37837,-21.39824,-38.12376,0.22847,0.21943,0.23173,0.32815,0.4838,0.69632,1.01281,1.07053,0.10167,0.09151,0.10424,0.1192,0.12181,0.1299,0.14489,0.26181,0.48068,0.69252,1.22679,1.45176,1.89773,1.81424,1.83846,1.91875,1.97275,2.03314,2.05411,2.07881,169.6,180.3,169.70364,183,-1.43419,-1.11048,-0.37824
9/1/2020,8.54111,8.26987,6.62814,0.78225,0.75159,-20.56167,-37.37442,0.22936,0.21728,0.2276,0.32022,0.47032,0.67722,0.99087,1.04912,0.08133,0.09151,0.10169,0.11667,0.11927,0.13187,0.1449,0.25394,0.4625,0.6697,1.19649,1.42286,1.88004,1.78247,1.81012,1.88608,1.94402,2.00211,2.03369,2.06496,165.5,176.6,167.51286,180.75,-1.40106,-1.0963,-0.38464
9/2/2020,8.91953,8.419,6.99683,1.63773,1.49839,-19.10084,-35.87559,0.23557,0.225,0.23443,0.32549,0.46752,0.66515,0.96387,1.01591,0,0.09151,0.10678,0.11667,0.11927,0.1358,0.15024,0.25552,0.45114,0.65017,1.15488,1.37467,1.86501,1.76489,1.78466,1.86274,1.92212,1.98689,2.00668,2.03298,162,173.2,164.69301,177.31701,-1.36448,-1.08183,-0.3985001
9/3/2020,9.22964,8.15265,7.26519,2.18588,1.63268,-19.82599,-35.7472,0.22817,0.21632,0.22381,0.30925,0.44577,0.63727,0.93112,0.98259,0.08134,0.0966,0.10678,0.11666,0.11672,0.12402,0.14228,0.2366,0.42391,0.62094,1.12938,1.34006,1.77505,1.67237,1.69219,1.76516,1.83018,1.90418,1.93222,1.96965,154.16369,165.27552,159.37986,172.21179,-1.3050369,-1.0318152,-0.3820579
9/4/2020,8.49824,7.16212,6.2471,1.15792,0.37353,-22.42077,-38.00054,0.23731,0.23471,0.25403,0.36707,0.51956,0.72588,1.03363,1.0901,0.09151,0.10677,0.11186,0.11666,0.12689,0.14973,0.18241,0.3046,0.50798,0.72214,1.25784,1.47011,1.75995,1.68502,1.72893,1.82198,1.88964,1.9636,1.99638,2.03252,158.3,170.1,164.45677,177.85417,-1.2784,-0.97886,-0.3084317
9/8/2020,8.53579,6.97704,6.24542,1.34672,0.24768,-22.60121,-38.12585,0.23784,0.22819,0.24002,0.33381,0.48212,0.68533,0.98747,1.04098,0.09151,0.10168,0.11186,0.12682,0.1396,0.14283,0.17025,0.27136,0.46865,0.68285,1.21348,1.42224,1.65495,1.6251,1.68462,1.80441,1.87925,1.95558,1.98777,2.02614,156.3,168.8,163.41719,176.63929,-1.29164,-1.00515,-0.3441529
9/9/2020,8.65744,7.24866,6.12626,1.54091,0.50064,-22.49966,-37.74976,0.23972,0.23042,0.2432,0.33896,0.49602,0.70752,1.02342,1.08149,0.09151,0.0966,0.11187,0.12682,0.13706,0.14385,0.17071,0.2777,0.48061,0.70251,1.24842,1.45899,1.68746,1.65497,1.71337,1.82867,1.90611,1.98535,2.01557,2.05169,158.50101,170.9,164.99933,178.37295,-1.3073101,-1.00649,-0.3247395
9/10/2020,8.41906,7.12727,6.1218,1.60771,0.74838,-21.93835,-37.0006,0.23823,0.22409,0.23414,0.32626,0.47958,0.69036,1.00484,1.06228,0.09151,0.10168,0.11187,0.12174,0.13706,0.1399,0.16287,0.26504,0.4635,0.68288,1.22422,1.43229,1.61504,1.60981,1.67885,1.80231,1.88733,1.9715,2.00841,2.04087,156.1,169.4,163.60878,177.1,-1.29596,-1.01112,-0.33871
9/11/2020,8.00563,6.70385,6.23315,1.89792,0.61647,-21.06697,-36.62813,0.22642,0.20805,0.21684,0.31471,0.46535,0.67273,0.98993,1.0495,0.09151,0.10168,0.11187,0.12174,0.13452,0.12799,0.1498,0.25238,0.44637,0.66657,1.2006,1.41578,1.6425,1.61444,1.66662,1.78031,1.85793,1.93518,1.96981,1.99965,154.01538,166.27313,160.03108,173.94973,-1.2877738,-0.9961613,-0.3237173
9/14/2020,8.10707,6.97569,6.12417,1.86941,0.74958,-20.67022,-36.25015,0.2292,0.21706,0.2274,0.32155,0.46959,0.67572,0.98767,1.04489,0.09151,0.10168,0.10678,0.12174,0.13198,0.13599,0.15764,0.26031,0.4509,0.66822,1.19437,1.40739,1.63493,1.60525,1.66554,1.78049,1.85363,1.92629,1.97128,1.99868,153.7,165.5,158.99785,173,-1.27669,-0.98678,-0.32261
9/15/2020,8.2568,7.05135,5.99817,1.68619,0.62408,-20.00048,-36.00034,0.23358,0.22056,0.23083,0.32826,0.47688,0.6843,1.00864,1.07003,0.08642,0.10168,0.10678,0.11159,0.12943,0.138,0.16029,0.26826,0.46001,0.67805,1.20864,1.43003,1.64991,1.62496,1.68238,1.79624,1.8707,1.945,1.98619,2.01362,155,167.1,159.76909,175,-1.28174,-0.99295,-0.31997
9/16/2020,7.95592,6.89668,5.49956,1.39969,0.12478,-21.41012,-37.25008,0.2251,0.21758,0.2293,0.32804,0.478,0.68751,1.01154,1.07347,0.08134,0.0966,0.10169,0.11667,0.12181,0.13802,0.16032,0.27304,0.46399,0.68625,1.22564,1.44597,1.70488,1.66928,1.71742,1.82627,1.89244,1.95645,1.99518,2.01896,158.4,168.33612,160.30077,175.43419,-1.31096,-0.9971112,-0.3083719
9/17/2020,8.0278,6.9957,5.87189,1.43527,0.49842,-20.58083,-36.37558,0.21882,0.2133,0.22638,0.32859,0.47775,0.68633,1.00419,1.06271,0.07117,0.08643,0.10169,0.11159,0.11927,0.13302,0.15642,0.26987,0.4634,0.68135,1.21,1.42647,1.71003,1.66761,1.71766,1.81268,1.87499,1.94247,1.97639,1.99871,158,167.6,159.70466,174.5,-1.31013,-0.99465,-0.31853
9/18/2020,8.10951,7.65407,5.99007,1.74288,0.74497,-20.25264,-36.12685,0.22026,0.2192,0.23436,0.33777,0.48879,0.70033,1.02809,1.09027,0.07625,0.09151,0.09661,0.11159,0.11927,0.1381,0.15782,0.27787,0.47136,0.69288,1.23062,1.45154,1.68503,1.65749,1.7079,1.8032,1.86649,1.93086,1.96675,1.98962,158.1,167.7,160.38203,175.6,-1.30313,-0.98412,-0.30446
9/21/2020,8.14481,7.31479,6.12079,1.99198,0.74787,-20.75112,-36.37578,0.22356,0.21755,0.22837,0.32795,0.47298,0.67743,1.0003,1.06209,0.07117,0.08643,0.09661,0.10144,0.11673,0.1361,0.15522,0.26673,0.45305,0.66994,1.20781,1.42584,1.56536,1.56704,1.62867,1.73159,1.8058,1.87844,1.91854,1.94587,151.5,162.6,157.27387,172.1,-1.24827,-0.95606,-0.29516
9/22/2020,7.94262,7.32108,6.22088,1.89913,0.98526,-20.35772,-36.00542,0.22063,0.21351,0.2232,0.32098,0.46746,0.67327,0.99399,1.05414,0.08643,0.08643,0.09152,0.10144,0.11673,0.13409,0.14999,0.25876,0.44846,0.6634,1.19756,1.41419,1.54003,1.53999,1.60507,1.71139,1.78632,1.85877,1.89829,1.92054,149.9,161.75,157.02589,171.68862,-1.24024,-0.9541,-0.3026962
9/23/2020,8.45088,7.7476,5.68741,2.09958,1.2497,-19.64016,-35.50011,0.22422,0.22223,0.23539,0.33371,0.48094,0.68744,1.00922,1.06925,0.08643,0.08643,0.09661,0.10651,0.11927,0.13772,0.15791,0.27681,0.45988,0.67488,1.20559,1.42423,1.54751,1.53546,1.60084,1.70166,1.77812,1.85721,1.90516,1.93439,148.2,160.6,157.33753,172.2,-1.20519,-0.93112,-0.29777
9/24/2020,9.21998,8.31701,6.74822,2.52872,2.3741,-17.77047,-33.62533,0.22581,0.226,0.24111,0.34188,0.48579,0.68717,1.00474,1.06366,0.08643,0.08643,0.09661,0.10651,0.11927,0.1338,0.15794,0.2744,0.4605,0.66342,1.18244,1.4,1.50998,1.5036,1.57072,1.67618,1.7561,1.83786,1.89261,1.93285,145.1,158.3,156.88334,171.63901,-1.1766,-0.91958,-0.3163901
9/25/2020,9.35359,8.8903,7.02337,2.79675,2.63683,-17.3838,-33.62064,0.22291,0.22343,0.239,0.33676,0.48243,0.6849,1.00729,1.06758,0.08897,0.09151,0.10424,0.11159,0.11927,0.12989,0.1501,0.26653,0.45446,0.65853,1.18113,1.40387,1.50004,1.49484,1.56646,1.68079,1.76211,1.84509,1.89939,1.9428,144.5,159.5,158.07331,173.3,-1.17847,-0.93647,-0.32913
9/28/2020,9.38435,9.16273,7.24557,3.30932,3.49775,-16.50118,-32.75083,0.21688,0.22373,0.24176,0.33741,0.48869,0.6968,1.02948,1.09511,0.08642,0.09151,0.09915,0.10651,0.11927,0.12989,0.15013,0.26495,0.4556,0.66182,1.19449,1.42262,1.53988,1.55099,1.62131,1.73571,1.80616,1.87785,1.9307,1.9729,148.7,161.9,160.48722,175.8,-1.22205,-0.95718,-0.33538
9/29/2020,9.53012,9.1936,7.87971,3.71337,3.50238,-17.24875,-33.49912,0.21341,0.21929,0.23676,0.328,0.47453,0.67801,1.00643,1.07018,0.08134,0.08897,0.09661,0.10651,0.11673,0.12402,0.14485,0.24921,0.4374,0.64298,1.17892,1.40517,1.51489,1.5668,1.63768,1.75827,1.83138,1.90171,1.95109,1.98706,150.5,163.7,161.37565,176.6,-1.25579,-0.99402,-0.36083
9/30/2020,9.13139,8.27119,7.11163,2.91042,2.74323,-17.52356,-33.8775,0.21086,0.21533,0.23554,0.3408,0.49385,0.70322,1.04429,1.11282,0.08897,0.09151,0.09915,0.10651,0.11927,0.12402,0.15283,0.26969,0.46475,0.67579,1.21953,1.45159,1.53481,1.55301,1.62997,1.74966,1.82876,1.90545,1.96147,2.00109,149.6,163.9,161.70796,177.5,-1.22631,-0.96321,-0.32341
10/1/2020,9.18622,8.36596,7.26049,2.88753,2.50532,-18.44721,-34.87304,0.21469,0.22176,0.24182,0.34387,0.49366,0.70169,1.03731,1.10548,0.08642,0.08134,0.09152,0.10651,0.11672,0.1299,0.15816,0.27127,0.46478,0.67663,1.22178,1.45421,1.49497,1.54746,1.62492,1.74966,1.83084,1.9094,1.97146,2.01267,149.18555,164.06434,162.85366,178.3959,-1.2205855,-0.9640134,-0.329749
10/2/2020,8.87226,7.97642,7.12199,2.79784,2.37347,-19.3908,-35.87556,0.21306,0.22061,0.24334,0.35517,0.50658,0.71605,1.05264,1.12042,0.08642,0.08643,0.08643,0.10144,0.1218,0.13189,0.16358,0.28395,0.47859,0.69231,1.24654,1.47917,1.45504,1.53819,1.62119,1.74988,1.83439,1.91772,1.98217,2.02717,148.5,164.9,163.90851,179.87132,-1.20105,-0.95669,-0.3195432
10/5/2020,8.38232,7.43154,6.62567,1.76048,1.62534,-20.74982,-37.24987,0.21173,0.22756,0.25927,0.38981,0.55353,0.77722,1.12311,1.19338,0.08134,0.08643,0.09152,0.11667,0.1218,0.14374,0.18494,0.32354,0.53592,0.76096,1.33061,1.56588,1.53246,1.58871,1.66855,1.79223,1.87559,1.95405,2.01139,2.05508,152.7,168.9,167.78807,183.5144,-1.20346,-0.92804,-0.269264
10/6/2020,8.30416,7.21386,6.99453,2.27608,2.12223,-20.38146,-36.62603,0.21371,0.22878,0.25824,0.38403,0.54268,0.76067,1.10123,1.16971,0.08896,0.09406,0.09661,0.11159,0.13452,0.14574,0.18608,0.31407,0.51991,0.73944,1.30504,1.53597,1.56501,1.58518,1.65974,1.78464,1.86315,1.9346,1.98685,2.02546,151.8,167.2,164.79091,180.58204,-1.20393,-0.93256,-0.2698504
10/7/2020,8.39971,7.4249,7.13996,2.63573,2.3826,-19.87099,-36.24717,0.21825,0.23967,0.27636,0.41567,0.58311,0.80813,1.15399,1.22544,0.08642,0.0966,0.09152,0.11159,0.13198,0.15567,0.20209,0.34426,0.55674,0.7843,1.3527,1.58791,1.55252,1.61015,1.69044,1.8205,1.90165,1.97166,2.01875,2.05117,154.9,170.8,167.24918,183,-1.20474,-0.9237,-0.24209
10/8/2020,8.753,8.04196,7.87239,3.44812,2.99867,-18.3207,-34.7505,0.21235,0.23333,0.26943,0.40397,0.57058,0.79521,1.14564,1.21808,0.08642,0.08643,0.10169,0.11159,0.12944,0.1458,0.18901,0.32525,0.5361,0.76522,1.32885,1.56558,1.59247,1.6321,1.70001,1.82602,1.90752,1.98347,2.03124,2.06247,156.7,172.6,168.72686,184.75,-1.24175,-0.96078,-0.28192
10/9/2020,8.50985,7.79933,7.62542,3.2503,3.25021,-17.95989,-34.49992,0.21423,0.237,0.27485,0.41122,0.5798,0.80703,1.15578,1.22807,0.09151,0.09151,0.10169,0.11666,0.12944,0.1519,0.19686,0.33497,0.5473,0.77452,1.33537,1.57307,1.62,1.65976,1.71685,1.83206,1.91587,1.99726,2.04224,2.07208,156.2,173.1,169.06087,184.82905,-1.22703,-0.95648,-0.2752205
10/13/2020,9.17,8.58798,7.73587,3.68987,3.61783,-17.31627,-33.37766,0.21497,0.23167,0.26183,0.37896,0.54111,0.76256,1.10927,1.17991,0.09151,0.09151,0.10169,0.11667,0.12689,0.13996,0.17594,0.3016,0.50421,0.72638,1.28243,1.51369,1.55003,1.59514,1.66133,1.78622,1.87761,1.96891,2.02018,2.05746,151.5,170.5,168.22665,183.75,-1.2134,-0.97862,-0.32381
10/14/2020,9.03187,8.50374,7.72849,3.38458,3.36409,-17.81824,-33.75404,0.20933,0.22831,0.25837,0.37891,0.53696,0.75508,1.09428,1.16121,0.0915,0.09151,0.10169,0.11159,0.12689,0.13798,0.17332,0.30162,0.50311,0.72144,1.27246,1.49875,1.54491,1.58621,1.65656,1.78776,1.86741,1.96176,2.01042,2.04273,151.4,169.8,167.43034,182.37195,-1.21238,-0.97656,-0.3249695
10/15/2020,9.27081,8.99828,8.01738,3.46247,3.50882,-17.72536,-33.74673,0.21031,0.23271,0.26596,0.39299,0.55044,0.76734,1.10431,1.17126,0.0915,0.09151,0.10169,0.11159,0.12435,0.14,0.17598,0.3128,0.51581,0.73224,1.28156,1.50872,1.5224,1.58599,1.65482,1.78751,1.87402,1.96264,2.01318,2.04302,151.6,170,167.65818,182.67962,-1.2032,-0.96776,-0.3180762
10/16/2020,8.60464,8.27276,7.5147,2.89055,2.75746,-18.85607,-35.49723,0.20746,0.23013,0.2641,0.39285,0.55238,0.77071,1.10671,1.17378,0.08134,0.0966,0.10169,0.11159,0.12181,0.14408,0.18137,0.31769,0.52347,0.74313,1.29527,1.52875,1.53998,1.60532,1.6761,1.80437,1.89173,1.98014,2.03581,2.06185,153.2,171.5,168.56074,184.20671,-1.21431,-0.97187,-0.3133171
10/19/2020,8.40463,8.28066,8.00071,3.42051,3.37536,-17.81231,-34.62487,0.20253,0.23017,0.26949,0.40892,0.57331,0.79522,1.13451,1.20128,0.08642,0.09151,0.10169,0.11667,0.12689,0.14612,0.18668,0.3289,0.5391,0.76146,1.31263,1.54753,1.53001,1.58763,1.659,1.78778,1.87779,1.96952,2.02749,2.05484,151.5,170.7,167.96698,183.50177,-1.1861,-0.94554,-0.2874877
10/20/2020,8.76698,8.30363,7.99741,3.13814,2.99868,-18.34069,-35.00049,0.20471,0.23382,0.27504,0.42171,0.59598,0.82654,1.17979,1.25242,0.09151,0.09151,0.10169,0.11667,0.12435,0.14615,0.192,0.34174,0.5646,0.79655,1.3632,1.60242,1.54502,1.60235,1.67149,1.79888,1.88764,1.97787,2.03718,2.06716,152.9,172.2,169.04369,185.1,-1.18726,-0.92545,-0.24858
10/21/2020,8.26551,7.67006,7.49421,2.84585,2.87206,-18.15155,-34.7511,0.20316,0.23086,0.27139,0.42473,0.60704,0.84374,1.20486,1.28131,0.09151,0.09151,0.09661,0.11159,0.12435,0.1482,0.19469,0.34979,0.57858,0.81502,1.38638,1.62882,1.53497,1.61264,1.68835,1.823,1.90917,1.99717,2.05818,2.08058,154.8,174.1,170.32001,186.80989,-1.19821,-0.92598,-0.2392789
10/22/2020,8.35742,8.00614,7.00191,2.51637,2.50097,-18.66949,-34.99964,0.2079,0.23787,0.28272,0.44391,0.63167,0.87198,1.23324,1.3075,0.08643,0.08897,0.08644,0.10651,0.12435,0.1543,0.20266,0.37389,0.60651,0.84697,1.41993,1.6575,1.53243,1.61982,1.69863,1.84004,1.92523,2.00753,2.06667,2.09151,168.31318,175.39047,171.6422,187.77249,-1.3092418,-0.9069347,-0.2202249
10/23/2020,8.23213,7.84618,6.99901,2.58429,2.8745,-17.56277,-33.87519,0.21032,0.23674,0.27869,0.43927,0.62797,0.86916,1.23274,1.30704,0.08642,0.08643,0.09152,0.11159,0.12435,0.15442,0.20023,0.36928,0.60213,0.84042,1.40837,1.64579,1.49012,1.59533,1.68052,1.8254,1.91461,2.00589,2.06798,2.09281,166.8,175.2,171.69445,187.9,-1.29872,-0.91158,-0.23321
10/26/2020,8.7428,8.21026,6.87611,2.5008,2.75056,-17.4997,-33.87479,0.21305,0.2358,0.27182,0.41722,0.59702,0.82937,1.18376,1.2549,0.08642,0.08643,0.09152,0.11159,0.11927,0.14837,0.18972,0.34846,0.57201,0.80186,1.35876,1.59365,1.41026,1.54313,1.64304,1.79866,1.89125,1.98569,2.0492,2.07407,163.8,173.06756,170.16534,186.03157,-1.28954,-0.9288156,-0.2666657
10/27/2020,8.64743,8.45669,7.13055,2.85898,2.75282,-17.57852,-34.12396,0.21017,0.23597,0.26906,0.40377,0.57748,0.80432,1.1572,1.22934,0.08134,0.09151,0.09152,0.10651,0.11927,0.14943,0.18449,0.33246,0.54889,0.77679,1.33299,1.57058,1.4549,1.56047,1.65709,1.79602,1.88731,1.97854,2.04139,2.06865,163.5,172.1,169.35224,185.5,-1.30254,-0.94421,-0.28442
10/28/2020,8.53422,8.61468,6.92595,2.89135,2.86888,-17.93322,-34.25227,0.20658,0.23487,0.27069,0.40989,0.5825,0.80887,1.15645,1.22807,0.08134,0.08643,0.09661,0.10651,0.11673,0.14946,0.18454,0.34053,0.55359,0.78018,1.33578,1.57059,1.38001,1.52705,1.62318,1.77005,1.86397,1.95947,2.03183,2.05662,160.8,170.2,168.63366,184.3,-1.26747,-0.92182,-0.27241
10/29/2020,8.23468,8.37191,6.62709,1.539,2.62606,-17.90944,-34.4996,0.20336,0.23385,0.27628,0.43876,0.6269,0.86189,1.21034,1.27985,0.08134,0.08643,0.09152,0.10651,0.12181,0.15142,0.19255,0.37234,0.6114,0.8356,1.38942,1.62484,1.28004,1.46723,1.59346,1.77017,1.87096,1.97655,2.05336,2.0807,160.5,171,170.28719,186.2,-1.23266,-0.8744,-0.23716
10/30/2020,8.61869,8.90125,6.62649,1.05107,2.37576,-17.9996,-34.24972,0.20562,0.23767,0.28175,0.4459,0.64148,0.88148,1.22723,1.2924,0.08642,0.09151,0.09406,0.10398,0.12689,0.15149,0.19274,0.37961,0.63093,0.85769,1.40721,1.63488,1.255,1.45959,1.58677,1.76379,1.86704,1.97448,2.04906,2.07509,159.5,170.6,170.81529,185.9,-1.21539,-0.84831,-0.22412
11/2/2020,8.16746,8.26169,5.62399,-0.31322,0.99949,-19.22027,-35.87519,0.21015,0.23909,0.2781,0.43041,0.62157,0.85766,1.19923,1.26377,0.08134,0.08134,0.09152,0.11159,0.1218,0.15742,0.19547,0.37413,0.62466,0.84763,1.39141,1.62251,1.25751,1.45269,1.60199,1.7858,1.88938,1.98461,2.06167,2.09544,161.2,171.7,172.84702,187.8,-1.23787,-0.86937,-0.25549
11/3/2020,7.83058,7.75452,5.62328,-0.34823,0.74913,-19.70046,-35.62533,0.21481,0.24562,0.28642,0.44635,0.64542,0.88731,1.23179,1.29735,0.08642,0.09151,0.09661,0.11159,0.13452,0.16731,0.20886,0.39007,0.64887,0.87979,1.42878,1.65359,1.29497,1.48622,1.62497,1.79869,1.89705,1.98957,2.06399,2.09525,162.9,172.6,174.0536,187.9,-1.23893,-0.84621,-0.22541
11/4/2020,8.54785,8.59339,6.72834,1.98447,2.61401,-16.59579,-32.62908,0.20814,0.2292,0.26022,0.38923,0.56665,0.79323,1.14888,1.22179,0.07625,0.08134,0.09152,0.09637,0.12181,0.14372,0.17427,0.32192,0.54679,0.76707,1.31483,1.54807,1.28996,1.42978,1.55027,1.71904,1.81427,1.90542,1.97816,2.01073,156.3,164.9,165.66607,180.2,-1.24108,-0.88193,-0.25393
11/5/2020,8.45843,7.96931,6.87459,2.0497,2.87479,-16.25011,-32.25008,0.20421,0.23424,0.27002,0.40339,0.57875,0.80591,1.15327,1.22188,0.08134,0.08134,0.08644,0.09637,0.12181,0.14966,0.19033,0.33464,0.55825,0.77716,1.31577,1.54438,1.30003,1.45086,1.55453,1.72104,1.82007,1.91336,1.98759,2.01875,156.2,165.6,166.64749,181,-1.22736,-0.87884,-0.26562
11/6/2020,8.23657,7.64128,6.3694,1.35598,2.24716,-16.689,-32.62606,0.20104,0.2361,0.27763,0.4255,0.6086,0.84178,1.19964,1.27136,0.07625,0.08134,0.09152,0.10144,0.12385,0.15373,0.20122,0.36181,0.59504,0.81931,1.36653,1.59762,1.26998,1.42523,1.54135,1.71353,1.81769,1.91621,1.99,2.01996,155.5,166,167.03292,181.5,-1.19319,-0.84069,-0.21738
11/9/2020,7.68756,6.27938,5.63784,0.53423,1.25655,-18.17652,-33.87252,0.2112,0.25845,0.31329,0.5028,0.71355,0.96936,1.33709,1.41092,0.08642,0.08643,0.09152,0.10651,0.12435,0.18157,0.2505,0.44642,0.70821,0.95679,1.51886,1.74965,1.45004,1.55796,1.64019,1.80175,1.89345,1.97975,2.04191,2.07172,164.3,172.6,172.01739,186.3,-1.19658,-0.76921,-0.11335
11/10/2020,7.8359,6.30142,5.50051,0.07536,-0.82474,-18.59986,-34.2499,0.21463,0.26208,0.31956,0.51445,0.72538,0.97941,1.34442,1.41719,0.08642,0.08643,0.09152,0.10144,0.12181,0.18372,0.25654,0.45944,0.72463,0.98763,1.53042,1.75969,1.52246,1.61965,1.69144,1.85139,1.93596,2.01183,2.07701,2.10938,169,175.6,175.12179,189.2,-1.23056,-0.76837,-0.13231
11/12/2020,8.35566,7.52081,5.89626,0.39027,-0.61419,-18.39428,-33.99595,0.21459,0.25938,0.30558,0.45452,0.6429,0.8795,1.23487,1.30889,0.08642,0.08643,0.09152,0.10144,0.11927,0.17582,0.23039,0.39556,0.639,0.88564,1.41881,1.64885,1.48011,1.58168,1.66362,1.81833,1.89691,1.97645,2.04592,2.08949,164,171.5,171.84313,186.2,-1.24444,-0.82936,-0.21315
11/13/2020,8.58176,7.73928,6.01175,0.23344,-0.49402,-17.64684,-33.37276,0.21807,0.26386,0.31038,0.46232,0.65074,0.88725,1.24104,1.31379,0.08134,0.08134,0.09152,0.09636,0.11927,0.17804,0.23299,0.4022,0.64841,0.89219,1.41751,1.64752,1.4451,1.5563,1.64456,1.80728,1.89805,1.98188,2.04385,2.08862,164.3,172.7,172.74282,186.99627,-1.2408,-0.83481,-0.2224427
11/16/2020,8.28566,7.82466,6.37443,0.65959,-0.00029,-16.90015,-32.62511,0.21412,0.26098,0.31122,0.47083,0.66433,0.90531,1.26027,1.33258,0.07625,0.08134,0.09152,0.10144,0.11419,0.17812,0.23297,0.40709,0.65773,0.90531,1.42927,1.65883,1.48006,1.56512,1.64746,1.80131,1.8945,1.98019,2.03722,2.07841,164.4,172.5,172.14055,186,-1.23691,-0.81969,-0.20117
11/17/2020,8.56503,7.75843,6.25136,0.55098,-0.37431,-17.49963,-32.99974,0.21705,0.25983,0.30267,0.44727,0.63321,0.86717,1.22156,1.29467,0.08643,0.08134,0.08135,0.09637,0.11165,0.17418,0.22509,0.38476,0.6277,0.87091,1.39656,1.62467,1.46996,1.55514,1.63802,1.78828,1.87888,1.96478,2.0208,2.06189,163.3,171.1,171.02971,184.7,-1.24824,-0.84009,-0.22233
11/18/2020,8.32784,7.64328,6.23292,0.32775,-0.13369,-18.81709,-31.87825,0.2163,0.25752,0.30412,0.45998,0.64549,0.87857,1.22934,1.29995,0.08643,0.07118,0.08135,0.09129,0.10911,0.17424,0.22769,0.39765,0.64221,0.87991,1.41746,1.61873,1.48749,1.55491,1.63631,1.78639,1.8766,1.96194,2.01405,2.04887,163.5,170.7,170.7841,183.9,-1.23735,-0.82709,-0.22027
11/19/2020,8.5534,7.73535,6.24771,0.52836,0.12384,-18.05061,-31.50043,0.21203,0.2538,0.29977,0.4474,0.62846,0.8558,1.19404,1.26211,0.07626,0.07117,0.07118,0.09129,0.10149,0.16827,0.22242,0.38491,0.62317,0.85455,1.37455,1.57711,1.48495,1.5528,1.63597,1.78098,1.87619,1.95903,2.01054,2.04287,162.7,170.4,170.03239,183.3,-1.24209,-0.84945,-0.25589
11/20/2020,8.78518,8.33646,6.75361,0.44009,-0.12317,-18.06153,-31.62432,0.20804,0.25024,0.29518,0.44225,0.61153,0.82718,1.15146,1.21424,0.07626,0.07117,0.07118,0.09129,0.10149,0.16239,0.21182,0.3747,0.60712,0.8284,1.33211,1.53048,1.47006,1.54223,1.62449,1.77311,1.86699,1.94929,2.00266,2.03746,162.2,169.8,170.15624,183,-1.2473,-0.8696,-0.29952
11/23/2020,8.59946,8.07274,5.86648,-0.03612,-0.25433,-17.73729,-31.37661,0.20991,0.25249,0.30042,0.45298,0.6317,0.85526,1.18462,1.24869,0.07626,0.06609,0.08644,0.09129,0.10149,0.1665,0.21969,0.39431,0.63206,0.8578,1.362,1.56246,1.505,1.56736,1.63522,1.78031,1.87589,1.9606,2.01339,2.04448,163,170.7,170.60503,183.7,-1.23569,-0.8492,-0.27454
11/24/2020,9.56605,9.09042,6.62628,-0.22908,0.25065,-17.43716,-31.37476,0.21759,0.25884,0.3053,0.46259,0.65133,0.88325,1.22131,1.28852,0.07626,0.07626,0.08135,0.09129,0.10149,0.16316,0.21438,0.39632,0.65361,0.88074,1.39567,1.60227,1.56751,1.61428,1.68258,1.81566,1.91143,1.99503,2.05139,2.08499,166.8,174.5,173.4381,187.75,-1.27168,-0.86426,-0.27523
11/25/2020,9.73449,9.44407,6.60317,0.11433,0.36389,-17.31838,-31.50416,0.21672,0.25659,0.30083,0.45445,0.64557,0.88109,1.23243,1.30467,0.07626,0.08134,0.09152,0.09129,0.10402,0.15925,0.20639,0.38842,0.64443,0.87745,1.4056,1.61971,1.62004,1.64487,1.69676,1.83162,1.92799,2.01038,2.07138,2.10376,168.55,176.4,175.18617,189.9997,-1.29708,-0.88655,-0.280287
11/27/2020,9.66237,9.75808,6.9945,0.36605,0.37221,-17.37647,-31.75104,0.21147,0.24999,0.29326,0.43785,0.61838,0.84511,1.18912,1.25891,0.07371,0.08134,0.08135,0.09129,0.10656,0.15337,0.19568,0.3679,0.61472,0.84139,1.36288,1.57642,1.61379,1.64358,1.69298,1.82677,1.92338,2.00722,2.06668,2.09284,168.2,176.1,174.28222,189.03903,-1.3141,-0.91961,-0.3139703
11/30/2020,8.51583,8.31825,6.37918,-0.097,0.37712,-17.37388,-31.12421,0.21288,0.23075,0.26824,0.4238,0.61147,0.84516,1.18914,1.25931,0.0788,0.08134,0.08874,0.09383,0.10656,0.14557,0.18504,0.36,0.61243,0.84138,1.36288,1.57055,1.61117,1.63998,1.70814,1.84413,1.94677,2.03142,2.09575,2.11948,169.60259,178.4,177.00598,191.2,-1.3360259,-0.94262,-0.34145
12/1/2020,6.81864,6.31804,4.12835,-1.93509,-0.99829,-18.15909,-31.37436,0.21529,0.24128,0.28795,0.46771,0.67327,0.9235,1.28537,1.3615,0.07625,0.07626,0.0862,0.09129,0.11165,0.17309,0.22477,0.42643,0.69262,0.93348,1.46696,1.67524,1.60248,1.66499,1.73626,1.87617,1.97955,2.0642,2.12303,2.14805,173.1,182.3,180.83393,194.8,-1.30457,-0.88952,-0.27276
12/2/2020,7.48955,6.93638,4.62058,-1.65318,-1.25226,-18.5012,-31.37585,0.21041,0.23822,0.28613,0.46633,0.67784,0.93255,1.309,1.38941,0.07117,0.07626,0.08113,0.09129,0.10911,0.16332,0.21677,0.42012,0.69437,0.94507,1.49401,1.70317,1.65249,1.70493,1.77111,1.91491,2.01601,2.09778,2.153,2.18053,177.1,185.9,184.11334,198.33025,-1.35088,-0.91393,-0.2801325
12/3/2020,8.0356,7.4403,5.62661,-0.35884,-0.49918,-17.84956,-30.49969,0.20541,0.23389,0.28051,0.46056,0.6661,0.9153,1.28345,1.36254,0.07625,0.07117,0.08113,0.09129,0.10403,0.15353,0.20611,0.40429,0.66969,0.92029,1.46195,1.66754,1.69998,1.75261,1.81752,1.94866,2.03646,2.12282,2.17481,2.19477,180.1,187.43654,184.61394,197.6,-1.39671,-0.9540754,-0.30846
12/4/2020,8.11553,7.22591,6.62344,0.63388,0.7492,-16.00042,-28.6253,0.20684,0.23283,0.28358,0.48804,0.71003,0.97586,1.36081,1.44372,0.07625,0.07626,0.08113,0.09129,0.10403,0.15167,0.21132,0.42181,0.70369,0.96837,1.52081,1.72997,1.74999,1.80236,1.85853,1.98485,2.06254,2.14505,2.2047,2.21966,184.5,190.5,186.85193,199.96631,-1.42319,-0.93663,-0.2696931
12/7/2020,8.38339,7.11606,6.50228,0.73164,0.62616,-15.90938,-28.24956,0.206,0.22565,0.2691,0.4535,0.67019,0.93239,1.3203,1.40451,0.08134,0.07626,0.07606,0.09129,0.10149,0.14182,0.19794,0.38848,0.66287,0.92613,1.47939,1.68701,1.76116,1.81254,1.87189,1.98709,2.05924,2.1383,2.19075,2.20573,184.8,189.2,184.5403,197.7,-1.45952,-0.96587,-0.28999
12/8/2020,7.91543,6.33911,6.38152,0.94219,0.62832,-15.03823,-27.37375,0.20951,0.22891,0.27139,0.45072,0.66081,0.91837,1.30158,1.38513,0.07625,0.07118,0.07606,0.09129,0.10149,0.14976,0.208,0.3869,0.65139,0.91209,1.45196,1.65887,1.77628,1.82767,1.88887,2.00134,2.07803,2.14783,2.19382,2.20601,185.50158,189.8,184.71133,197.6,-1.4681158,-0.98591,-0.31713
12/9/2020,7.06144,5.63537,5.71539,0.74515,0.60735,-14.31939,-26.63169,0.19927,0.22239,0.27153,0.46472,0.68242,0.9463,1.33622,1.42204,0.07625,0.07118,0.07606,0.08622,0.10149,0.15178,0.21518,0.40757,0.67497,0.94023,1.47941,1.68836,1.77496,1.82757,1.89312,2.00561,2.08381,2.15773,2.20902,2.2227,185.9,190.9,186.00305,198.89571,-1.45143,-0.96877,-0.3005971
12/10/2020,7.30428,6.23155,5.87963,0.57333,-0.12264,-15.28375,-27.62411,0.19256,0.21095,0.25657,0.44095,0.65024,0.90592,1.27819,1.35934,0.07625,0.07117,0.07606,0.08114,0.09641,0.13791,0.19425,0.38215,0.64451,0.90715,1.43103,1.63558,1.86738,1.86009,1.89988,1.98977,2.06224,2.13426,2.18719,2.20102,184.5,188.6,184.37361,197.1,-1.46285,-0.97885,-0.33542
12/11/2020,7.48398,6.0801,5.62972,0.47639,-0.6226,-16.41873,-28.9991,0.18056,0.19485,0.23674,0.41619,0.62688,0.8836,1.2546,1.33466,0.07625,0.07117,0.07099,0.07607,0.08625,0.12001,0.17594,0.35989,0.62212,0.88983,1.41879,1.62465,1.85559,1.86212,1.89004,1.97362,2.04386,2.11607,2.16539,2.17787,182.9,187.1,183.016,195.3,-1.46911,-0.98117,-0.32835
12/14/2020,7.9215,6.81663,6.50462,1.15332,0.37735,-14.67875,-27.24911,0.18124,0.19522,0.23888,0.42175,0.63365,0.89443,1.27291,1.3558,0.08134,0.07118,0.07099,0.08114,0.08625,0.11601,0.17071,0.3567,0.62212,0.89066,1.4197,1.62829,1.85506,1.86259,1.89638,1.98744,2.05436,2.12907,2.17177,2.18425,184.5,188.4,183.64326,196.3,-1.4883,-0.99334,-0.33471
12/15/2020,7.91339,6.45952,6.50535,1.08384,0.37773,-14.68605,-26.99897,0.18752,0.20117,0.24456,0.43929,0.65771,0.92423,1.30791,1.39291,0.07117,0.07626,0.07606,0.08622,0.08879,0.122,0.17991,0.3742,0.64685,0.92043,1.45476,1.66289,1.8781,1.89655,1.9391,2.03015,2.09296,2.1624,2.19928,2.20797,188.75,191.75,186.1392,198.55,-1.5133,-0.99707,-0.32261
12/16/2020,8.46266,6.69076,6.52739,0.81966,0.01396,-15.07758,-27.36972,0.19064,0.20266,0.24559,0.43471,0.65278,0.91895,1.30446,1.38987,0.07626,0.08134,0.07606,0.08622,0.08879,0.11799,0.17865,0.36942,0.64456,0.91879,1.45522,1.66356,1.95962,1.96266,1.99264,2.05111,2.1071,2.16965,2.19803,2.20053,191.5,193.2,185.16786,197.8,-1.54558,-1.01321,-0.31444
12/17/2020,7.94154,6.58162,6.75948,1.34681,0.25483,-15.07743,-27.12317,0.19192,0.20542,0.24976,0.44338,0.66264,0.9313,1.31773,1.40339,0.08134,0.08643,0.0862,0.09129,0.09133,0.126,0.18394,0.37579,0.64917,0.92875,1.4685,1.67462,1.98185,1.97708,2.00002,2.05761,2.11785,2.18497,2.22095,2.221,191.8,194.88293,187.78954,199.49937,-1.54221,-1.0200793,-0.3203737
12/18/2020,7.99843,6.92724,6.76056,1.22759,0.00539,-15.22713,-27.12295,0.18866,0.20196,0.24812,0.4482,0.67302,0.94712,1.33969,1.42763,0.08134,0.08134,0.0862,0.09129,0.08879,0.12198,0.17885,0.38059,0.66074,0.94707,1.49196,1.69886,1.98996,1.99004,2.01222,2.06836,2.12684,2.19124,2.22515,2.22269,192.7,196,188.60459,200.39329,-1.54641,-1.01293,-0.3050729
12/21/2020,8.32322,7.20688,6.8899,1.1707,0.2576,-15.00596,-26.87212,0.19235,0.2052,0.25117,0.44951,0.6719,0.94302,1.32859,1.41431,0.08134,0.07626,0.09127,0.09129,0.09133,0.12197,0.1789,0.38059,0.66018,0.94043,1.47864,1.68303,1.94745,1.97401,1.99909,2.05231,2.11029,2.17567,2.20281,2.20473,191.1,194.7,187.18532,198.6,-1.53041,-1.00657,-0.30297
12/22/2020,8.73194,7.94322,7.26818,2.03306,0.50927,-14.17507,-26.2465,0.19458,0.20532,0.24805,0.43732,0.65627,0.92232,1.30533,1.39044,0.07626,0.07626,0.08113,0.09129,0.08625,0.11793,0.16841,0.36461,0.63537,0.9172,1.44706,1.65289,1.93991,1.96724,1.99466,2.0509,2.10443,2.16354,2.18873,2.19018,191.32762,193.84297,185.38237,196.76382,-1.5486662,-1.0212297,-0.3147482
12/23/2020,9.12533,8.43016,7.75575,1.89413,0.50293,-14.00844,-25.99889,0.20137,0.21138,0.25572,0.45349,0.68249,0.95875,1.35,1.43681,0.08134,0.07626,0.0862,0.09129,0.08879,0.11994,0.17109,0.3758,0.66309,0.95378,1.49016,1.69719,1.98595,2.00096,2.02309,2.07172,2.12401,2.19303,2.2132,2.22207,194,197.3,188.82883,200.23019,-1.5642,-1.01922,-0.3051119
12/24/2020,8.58783,8.19048,8.16535,2.129,0.89557,-13.44905,-25.6172,0.19523,0.20579,0.25051,0.44662,0.66866,0.93802,1.32419,1.40954,0.08642,0.08643,0.0862,0.09636,0.09133,0.11991,0.16861,0.36458,0.64695,0.92889,1.45853,1.66559,1.98092,1.99553,2.01438,2.05723,2.11153,2.18556,2.20765,2.21704,192.94645,196.8,188.83941,199.9,-1.5648845,-1.03911,-0.33341
12/28/2020,7.76098,8.15494,7.02645,2.51757,1.13747,-12.73336,-24.87027,0.19498,0.20811,0.25285,0.44696,0.67156,0.9436,1.33304,1.41958,0.08642,0.08619,0.09127,0.10144,0.10148,0.1305,0.1713,0.37712,0.64638,0.93223,1.46037,1.66828,1.97996,1.99945,2.01576,2.0549,2.11029,2.18441,2.20568,2.21321,193,196.94195,188.88514,200.07427,-1.55288,-1.0371895,-0.3324627
12/29/2020,7.91852,8.0518,7.12976,1.52842,1.25243,-12.66871,-24.49908,0.19483,0.20517,0.24921,0.44709,0.67368,0.94643,1.34011,1.42798,0.08134,0.08619,0.09127,0.09637,0.11165,0.12598,0.16869,0.37579,0.6584,0.93391,1.4668,1.67297,1.98495,2.00203,2.01228,2.04988,2.10225,2.1736,2.20055,2.20807,192.2,196.1,188.87115,199.80145,-1.54621,-1.02709,-0.3250445
12/30/2020,7.44151,7.52177,6.87711,1.20152,1.25107,-12.44943,-24.12459,0.18926,0.2004,0.24395,0.43825,0.66562,0.93812,1.33178,1.42035,0.06863,0.08112,0.07606,0.08875,0.11165,0.12598,0.16873,0.36948,0.65359,0.9256,1.45627,1.66159,1.99111,2.01072,2.027,2.05619,2.10701,2.17527,2.1956,2.20301,193,196.3,188.65988,199.30145,-1.56052,-1.0374,-0.3314245
12/31/2020,7.49568,7.35067,6.86314,0.92148,0.74396,-12.81571,-24.37729,0.18767,0.19504,0.23708,0.42702,0.64968,0.91729,1.30941,1.3968,0.06609,0.08366,0.07859,0.08875,0.11165,0.12008,0.16357,0.35839,0.64045,0.90984,1.43756,1.64057,2.00033,2.03741,2.05489,2.08719,2.13398,2.19411,2.20573,2.20809,197.2,198.8,189.74377,200.3,-1.61361,-1.07816,-0.36243
1/4/2021,7.55618,7.12116,6.61738,1.05702,0.12112,-13.27706,-25.25147,0.18443,0.18973,0.23215,0.41981,0.64646,0.91689,1.31302,1.4024,0.08134,0.07098,0.08113,0.09129,0.10149,0.11417,0.16094,0.35364,0.63588,0.91567,1.44579,1.65491,1.99193,2.03008,2.05652,2.10023,2.14518,2.20299,2.22073,2.22822,199.33602,200.68268,191.49103,202.70127,-1.6397202,-1.0911568,-0.3721027
1/5/2021,7.12555,6.90647,6.48993,0.64777,-0.38013,-14.37774,-26.25195,0.18445,0.1933,0.24074,0.4407,0.67335,0.95026,1.35025,1.44082,0.08134,0.08112,0.08113,0.08622,0.09895,0.12204,0.17165,0.37579,0.66686,0.95405,1.49402,1.70334,2.07717,2.07737,2.09199,2.12251,2.15873,2.21172,2.22998,2.23749,202.4,202.8,193.46518,204.5,-1.64821,-1.07395,-0.34166
1/6/2021,6.68523,5.95239,5.90011,0.08054,-1.36217,-16.10312,-27.99507,0.1996,0.21062,0.26597,0.49036,0.7397,1.02779,1.44544,1.54074,0.0915,0.08112,0.0862,0.09129,0.10657,0.14377,0.20642,0.43134,0.73888,1.0414,1.60647,1.82069,2.10321,2.12236,2.132,2.15702,2.1937,2.24562,2.26978,2.27978,206.5,206.8,198.47776,209.1,-1.63366,-1.0266,-0.27031
1/7/2021,7.36441,6.68739,6.61122,0.59008,-0.38205,-15.59379,-27.50272,0.19382,0.2115,0.27604,0.51976,0.7749,1.06635,1.47703,1.56918,0.07625,0.08112,0.0862,0.09129,0.10657,0.13786,0.20917,0.45365,0.769,1.07017,1.63297,1.84421,2.18766,2.2072,2.2083,2.21711,2.24412,2.28638,2.30918,2.31401,211.1,209.5,200.47244,210.9,-1.65735,-1.02483,-0.26479
1/8/2021,7.96068,7.10026,7.36554,1.63319,0.74515,-14.08261,-26.00187,0.19395,0.21554,0.29115,0.55138,0.81801,1.1134,1.51601,1.60295,0.07625,0.08112,0.0862,0.09129,0.09895,0.13593,0.22015,0.47772,0.80168,1.10595,1.65683,1.86297,2.20502,2.19749,2.20303,2.21183,2.23013,2.26189,2.27938,2.28275,210.2,206.7,197.0825,206.9,-1.62428,-0.96105,-0.20603
1/11/2021,7.34008,5.90886,7.23783,1.25124,0.36876,-14.10336,-26.00242,0.19774,0.2173,0.29461,0.56935,0.84219,1.13694,1.53397,1.6168,0.07625,0.08619,0.0862,0.09129,0.09895,0.1439,0.23552,0.49697,0.82968,1.13325,1.675,1.87682,2.16359,2.17359,2.17822,2.19491,2.21632,2.26611,2.28475,2.29043,208,207,197.93211,207.41737,-1.58303,-0.93675,-0.1973537
1/12/2021,7.90337,6.62922,7.35311,1.85924,0.98877,-13.14605,-25.25435,0.20363,0.22495,0.2998,0.57697,0.85301,1.14662,1.54836,1.63141,0.08134,0.08112,0.0862,0.09129,0.09895,0.14592,0.23351,0.50344,0.83442,1.13673,1.67982,1.88395,2.16927,2.18112,2.18368,2.19863,2.22228,2.26838,2.29463,2.30342,208.5,207.6,199.4869,209.1,-1.58156,-0.93927,-0.20705
1/13/2021,6.9149,5.98649,7.25629,1.94202,0.87822,-12.89827,-24.24876,0.19994,0.21511,0.28291,0.54567,0.80967,1.09622,1.49186,1.57445,0.08134,0.08112,0.0862,0.09129,0.09895,0.14595,0.22304,0.4731,0.79025,1.08744,1.62084,1.81694,2.17374,2.16636,2.16746,2.17675,2.20188,2.2559,2.28548,2.29668,206.3,205.7,199.29141,208.3,-1.5899,-0.96956,-0.26606
1/14/2021,6.35148,5.55541,7.0967,1.79211,0.73549,-13.50782,-24.63063,0.19374,0.20949,0.27859,0.55374,0.83154,1.13571,1.54195,1.62738,0.07626,0.08112,0.08113,0.09129,0.09895,0.14598,0.22304,0.48275,0.8136,1.12834,1.67702,1.87368,2.19923,2.20183,2.21817,2.23211,2.24931,2.29113,2.31045,2.3217,212.5,209.5,201.83604,211,-1.64225,-0.96666,-0.23632
1/15/2021,6.89603,6.06427,7.35012,2.10708,0.48725,-13.81936,-25.12993,0.19009,0.20501,0.26827,0.52765,0.80001,1.10112,1.51319,1.60015,0.07626,0.08112,0.08113,0.09129,0.09895,0.13605,0.20763,0.45413,0.77892,1.09623,1.65138,1.85144,2.17501,2.20485,2.21688,2.23316,2.25306,2.29429,2.31701,2.32327,212.4,209.3,201.00491,210.2,-1.66987,-0.99677,-0.25056
1/19/2021,7.3976,6.51769,7.24118,2.03865,0.24548,-14.46243,-26.00174,0.19344,0.20401,0.265,0.51859,0.7924,1.09366,1.4949,1.57805,0.07626,0.08112,0.0862,0.09637,0.09895,0.13003,0.19982,0.44616,0.772,1.09119,1.63952,1.83806,2.19498,2.22986,2.24026,2.25355,2.26895,2.30315,2.32278,2.32775,216,211.2,202.84619,211.40178,-1.71384,-1.02081,-0.2759578
1/20/2021,7.7784,7.46705,7.75003,2.56502,0.50002,-14.49999,-25.87499,0.19757,0.20681,0.2693,0.5253,0.79712,1.09454,1.49931,1.58285,0.07626,0.08112,0.08113,0.08622,0.09641,0.12903,0.19463,0.4478,0.77147,1.08954,1.64431,1.8416,2.22003,2.25234,2.26537,2.27918,2.29415,2.30971,2.31487,2.3155,218.5,212,203.27235,211.8,-1.7372,-1.03046,-0.2764
1/21/2021,8.02894,7.92723,8.49658,3.22754,1.12325,-14.68844,-25.50068,0.19393,0.20428,0.2687,0.53121,0.81138,1.11786,1.52944,1.61595,0.061,0.07605,0.08113,0.08622,0.09387,0.12399,0.18943,0.44624,0.7791,1.10663,1.67632,1.87096,2.25993,2.28246,2.29414,2.30918,2.32787,2.35239,2.35656,2.3527,221.8,217.00376,207.45353,215.9,-1.77176,-1.0634076,-0.28804
1/22/2021,7.61951,7.72224,9.3751,4.30007,2.37505,-13.33997,-24.49998,0.18885,0.20019,0.26419,0.52726,0.80654,1.11267,1.52486,1.61077,0.06609,0.08112,0.08113,0.08622,0.09387,0.12399,0.18697,0.43351,0.76354,1.08892,1.65826,1.85577,2.23495,2.25843,2.26287,2.27415,2.29418,2.32002,2.32785,2.32912,218.8,208,205.8499,213.3,-1.75449,-0.99108,-0.27723
1/25/2021,7.43414,7.8125,9.74746,5.00817,3.1237,-12.7107,-23.7505,0.18818,0.19884,0.25723,0.50693,0.77351,1.0701,1.47658,1.56075,0.06609,0.07098,0.07606,0.08622,0.09133,0.1245,0.1791,0.40946,0.72343,1.03886,1.60369,1.79826,2.22003,2.25218,2.25273,2.26414,2.28165,2.30497,2.30294,2.30042,217.8,207.2,203.82815,209.8,-1.76854,-1.03314,-0.29974
1/26/2021,7.62018,7.6231,8.5635,5.11036,3.37525,-13.16986,-24.3749,0.18987,0.20022,0.25935,0.51144,0.7769,1.0718,1.47485,1.5573,0.05592,0.05577,0.07606,0.08114,0.09133,0.12402,0.18312,0.42581,0.7258,1.03805,1.60655,1.80105,2.22996,2.25817,2.26258,2.26474,2.27828,2.30143,2.29588,2.28586,218,206.9,202.12094,207.2,-1.75419,-1.03095,-0.27095
1/27/2021,8.00921,8.05038,9.27841,5.62292,3.88953,-13.28484,-24.74443,0.18647,0.19823,0.25705,0.49861,0.76114,1.05244,1.45061,1.53105,0.04067,0.06591,0.06591,0.07607,0.08625,0.11815,0.17655,0.40581,0.70491,1.01354,1.58346,1.77849,2.20495,2.23988,2.2378,2.24779,2.2553,2.27924,2.27977,2.26728,217.2,205.9,200.03012,205.1,-1.76619,-1.04546,-0.27251
1/28/2021,7.89045,8.16879,9.37979,4.3042,4.25245,-13.29343,-24.37406,0.18352,0.19903,0.26628,0.52342,0.7967,1.09684,1.49502,1.57482,0.04067,0.06084,0.06591,0.07861,0.08372,0.12011,0.18455,0.42955,0.7536,1.05427,1.62792,1.81854,2.13751,2.21754,2.24359,2.28402,2.29638,2.32294,2.33952,2.33076,221.86247,211.23971,206.98144,211.45558,-1.7890747,-1.0581271,-0.2960158
1/29/2021,7.17684,7.73653,9.73481,4.49531,4.24221,-13.28944,-24.12801,0.17434,0.18798,0.25944,0.54122,0.82604,1.1352,1.53615,1.61605,0.04321,0.06084,0.06084,0.07353,0.08118,0.11619,0.18206,0.44384,0.78104,1.09274,1.66902,1.85731,2.07485,2.17078,2.22377,2.29737,2.30951,2.33053,2.34243,2.33376,223.75,212,208.05338,212.25,-1.79366,-1.02726,-0.26519
2/1/2021,7.81524,8.29321,10.74244,5.45355,4.62112,-13.30921,-24.2515,0.17514,0.18845,0.25707,0.53074,0.81494,1.12285,1.52356,1.60317,0.04575,0.0507,0.06084,0.071,0.0761,0.11029,0.17414,0.42327,0.76034,1.07659,1.65662,1.84566,2.12958,2.17494,2.21455,2.26335,2.28367,2.30348,2.31198,2.30448,221.3,209.1,204.96484,209.2,-1.78973,-1.01441,-0.24634
2/2/2021,7.77617,8.16736,10.74503,5.55342,5.12245,-12.89462,-24.00099,0.17373,0.19196,0.26385,0.55142,0.84356,1.15694,1.5584,1.63722,0.04575,0.04056,0.05577,0.06592,0.0761,0.1142,0.18216,0.44391,0.78797,1.10567,1.68732,1.87721,2.15946,2.20877,2.24902,2.29661,2.32096,2.3405,2.34257,2.33359,225.4,213.29829,207.96533,212.39742,-1.81009,-1.0273129,-0.2467642
2/3/2021,8.67136,9.02524,11.50761,6.66573,6.25391,-12.01264,-22.99848,0.1836,0.20286,0.27782,0.57339,0.87314,1.19229,1.60052,1.68159,0.04067,0.04056,0.04563,0.05578,0.07356,0.11615,0.18755,0.45825,0.80644,1.12971,1.72062,1.91156,2.19673,2.25254,2.28109,2.32617,2.35158,2.37292,2.37128,2.36259,230.1,217.4,211.50534,215.5,-1.84275,-1.04429,-0.24344
2/4/2021,8.64306,9.19128,11.87209,7.6264,7.2485,-10.86581,-21.75059,0.17835,0.2006,0.27956,0.57703,0.88332,1.21086,1.63091,1.71426,0.02542,0.03042,0.03549,0.04564,0.06595,0.11417,0.18761,0.45829,0.80704,1.13836,1.73956,1.93176,2.19003,2.23498,2.26769,2.31978,2.35051,2.37708,2.37557,2.36919,228.2,217.1,211.56649,215.28719,-1.82371,-1.03264,-0.2211119
2/5/2021,9.25439,9.67869,11.99852,7.74994,7.37424,-10.61066,-20.8753,0.17583,0.19875,0.27922,0.58639,0.90253,1.24242,1.67649,1.76452,0.0305,0.02535,0.03549,0.04056,0.06087,0.10621,0.18243,0.4664,0.82503,1.16868,1.7826,1.97327,2.19791,2.25754,2.29224,2.34336,2.37124,2.39503,2.39004,2.37499,231.5,220,213.32989,216.5,-1.8486,-1.03132,-0.19173
2/8/2021,9.30795,9.9634,12.12187,8.18949,7.62339,-10.69887,-20.25063,0.17921,0.20323,0.28747,0.59564,0.90464,1.23552,1.65708,1.74093,0.03304,0.03549,0.03802,0.05071,0.06594,0.11015,0.18784,0.47442,0.82275,1.15929,1.76407,1.94344,2.21975,2.27386,2.30714,2.35334,2.37197,2.3935,2.38171,2.36428,233.6,220.6,213.71719,215.8,-1.86158,-1.04671,-0.21456
2/9/2021,8.65286,8.43768,11.24403,7.35845,6.99693,-11.49541,-20.6262,0.18095,0.2026,0.28353,0.58532,0.89404,1.22589,1.65405,1.7401,0.0305,0.04056,0.04309,0.05071,0.06848,0.11607,0.19915,0.47288,0.82046,1.15592,1.769,1.94636,2.21401,2.27875,2.31046,2.35028,2.3741,2.39792,2.38977,2.3782,233.8,220.8,214.03386,216.31974,-1.86512,-1.05208,-0.2168374
2/10/2021,9.26443,9.35295,11.97535,8.32874,6.00155,-10.94585,-20.47985,0.18819,0.20473,0.27998,0.57513,0.88062,1.20993,1.63376,1.71879,0.04067,0.04056,0.04563,0.05071,0.06848,0.11209,0.1864,0.45538,0.79733,1.14991,1.74322,1.92359,2.16907,2.25911,2.30293,2.35296,2.37049,2.38296,2.37344,2.36348,233.4,219.3,212.34277,214.57948,-1.87862,-1.04309,-0.2222048
2/11/2021,9.20717,9.6743,12.2217,8.5541,6.73546,-10.70838,-19.7557,0.1795,0.20215,0.28319,0.58243,0.88983,1.22471,1.65567,1.74348,0.03558,0.03549,0.04056,0.05071,0.06848,0.11008,0.1864,0.46021,0.80429,1.15735,1.76275,1.94104,2.16803,2.25866,2.30763,2.3626,2.37183,2.36803,2.3642,2.35426,236,220.2,211.17063,213.6,-1.89979,-1.04465,-0.19496
2/12/2021,9.3427,9.91192,12.35863,8.73919,7.36657,-11.20071,-20.25332,0.17886,0.20343,0.29081,0.608,0.92659,1.27268,1.71083,1.80043,0.03558,0.03549,0.04056,0.05071,0.06594,0.11,0.19169,0.48441,0.8392,1.19901,1.82284,2.00296,2.20747,2.29735,2.33307,2.37192,2.38197,2.38737,2.38277,2.37659,237.7,222.5,213.63773,216.4,-1.89259,-1.02599,-0.16104
2/16/2021,9.39472,9.47843,12.37288,9.51997,8.99891,-10.08535,-18.87544,0.18471,0.21594,0.32062,0.6837,1.02545,1.3872,1.81724,1.90017,0.03558,0.03549,0.04056,0.06085,0.06848,0.12199,0.22584,0.55997,0.93025,1.29721,1.91809,2.08892,2.2522,2.31754,2.3491,2.38919,2.403,2.40681,2.40083,2.39723,239.5,224.8,217.58084,218.6,-1.83503,-0.95079,-0.09708
2/17/2021,9.13404,9.73594,12.2598,8.24206,7.63006,-12.70824,-20.12299,0.17345,0.2013,0.30754,0.6867,1.02387,1.37355,1.79032,1.86674,0.0305,0.03549,0.04056,0.05578,0.06594,0.10996,0.21018,0.5641,0.94145,1.29725,1.9174,2.06797,2.25415,2.30597,2.33381,2.37074,2.3805,2.38664,2.37957,2.37579,237,222.3,215.27546,216.2,-1.8059,-0.92575,-0.09403
2/18/2021,9.00883,10.04143,12.37058,8.28006,7.74772,-12.43487,-20.8759,0.16943,0.19802,0.30279,0.671,1.01084,1.36381,1.7875,1.86644,0.01525,0.02535,0.03549,0.04056,0.05579,0.10793,0.20238,0.54729,0.92804,1.28633,1.91182,2.0752,2.23198,2.25747,2.28588,2.31716,2.32734,2.33316,2.33329,2.33601,232,217.2,211.01038,213.6,-1.77271,-0.88567,-0.0608
2/19/2021,9.43993,10.38341,13.24535,8.96139,8.6226,-12.45569,-21.00096,0.1697,0.20225,0.31696,0.71234,1.06722,1.43023,1.85316,1.92935,0.02033,0.02028,0.03042,0.04056,0.05072,0.10785,0.21313,0.57986,0.97759,1.34399,1.97764,2.13935,2.20999,2.22395,2.2587,2.29429,2.30562,2.31272,2.30326,2.30454,231.7,215.9,209.68604,211.2,-1.73714,-0.81501,0.02735
2/22/2021,9.06695,10.536,13.24539,9.40367,8.49762,-14.30881,-23.00095,0.17064,0.20456,0.32912,0.72862,1.08823,1.45283,1.87513,1.94965,0.02033,0.02028,0.03549,0.04564,0.05579,0.11389,0.22376,0.59614,0.99417,1.36784,2.01812,2.17965,2.28124,2.27229,2.29528,2.31663,2.32254,2.31878,2.30128,2.2887,238.5,217.5,210.80629,212.5,-1.78886,-0.80716,0.05465
2/23/2021,8.50244,10.23829,13.49753,8.90972,8.24872,-15.20808,-24.37551,0.17635,0.20452,0.32359,0.71344,1.07393,1.44443,1.87679,1.95529,0.02033,0.02028,0.03042,0.05071,0.07102,0.1195,0.22121,0.57847,0.98484,1.36194,2.02879,2.19904,2.3179,2.28995,2.29945,2.29768,2.29632,2.28884,2.26474,2.2498,239.4,217.4,210.43273,212.6,-1.81553,-0.81206,0.07304
2/24/2021,8.6024,9.78802,10.64256,7.16967,6.38408,-18.41014,-27.37136,0.18182,0.212,0.33775,0.73118,1.08734,1.45227,1.88812,1.96819,0,0.03295,0.03802,0.05071,0.07356,0.12598,0.23981,0.62472,1.01562,1.38841,2.07213,2.2419,2.37015,2.32551,2.32077,2.32126,2.31461,2.29856,2.27253,2.2564,241.5,218,211.13079,213,-1.79028,-0.79159,0.1119
2/25/2021,7.7341,8.44616,7.49741,1.34013,4.37366,-25.27149,-30.12554,0.1878,0.24252,0.41983,0.87297,1.21841,1.5576,1.9457,2.00589,NA,0.03549,0.04056,0.05578,0.08372,0.16512,0.33537,0.79784,1.20501,1.51386,2.1983,2.30715,2.35849,2.32056,2.31093,2.29488,2.29335,2.28768,2.25765,2.24103,238.02098,215.5,211.96984,210.6,-1.5823698,-0.64114,0.20115
2/26/2021,10.3376,11.91922,8.99547,2.62222,5.74765,-23.25829,-28.37593,0.1921,0.24627,0.42604,0.86471,1.1997,1.51219,1.85681,1.89751,0.03549,0.03802,0.04563,0.05071,0.0761,0.14263,0.30667,0.77465,1.1734,1.45466,2.08936,2.18125,2.35848,2.35895,2.34959,2.34005,2.31793,2.28221,2.25966,2.24466,242.5,215,212.71435,210.7,-1.65035,-0.69534,0.07425
3/1/2021,10.53615,12.02937,11.62269,6.15683,7.4988,-19.40678,-25.50048,0.18313,0.22644,0.38722,0.82595,1.18249,1.52028,1.90759,1.96441,0.03042,0.02535,0.03549,0.05578,0.07356,0.12206,0.26693,0.70972,1.12092,1.44529,2.10166,2.21941,2.37468,2.38098,2.37586,2.36191,2.34289,2.30689,2.27105,2.25294,244.6,217.3,210.82949,211.3,-1.73628,-0.72771,0.10641
3/2/2021,10.11078,12.12775,11.74995,6.33196,6.74997,-20.16276,-26.37501,0.18268,0.22316,0.37503,0.79366,1.1447,1.48199,1.88581,1.95042,0.04056,0.03042,0.04056,0.06085,0.0761,0.12205,0.25375,0.67616,1.08138,1.41449,2.08744,2.21417,2.4243,2.42506,2.41649,2.39247,2.37151,2.34237,2.30192,2.27446,247.36294,220.6,212.08104,213.2,-1.7974694,-0.79151,0.08217
3/3/2021,9.40829,11.39149,10.99419,5.3408,6.49698,-19.89591,-26.37621,0.18677,0.23383,0.39976,0.83595,1.19356,1.53366,1.92592,1.98626,0.03549,0.04056,0.0431,0.06085,0.07864,0.13975,0.28585,0.72601,1.14015,1.46869,2.12488,2.25002,2.46287,2.44711,2.42285,2.39736,2.3791,2.35155,2.31379,2.28509,248.7,222.2,214.16219,214.9,-1.76099,-0.75331,0.10102
3/4/2021,9.31084,11.42055,10.75167,4.73196,6.62587,-19.00589,-26.12465,0.18515,0.23682,0.42156,0.88841,1.26415,1.61552,1.99298,2.04609,0.03042,0.03549,0.03549,0.06085,0.0761,0.14371,0.30735,0.78089,1.21683,1.54926,2.18304,2.30734,2.48215,2.44494,2.4187,2.38373,2.36623,2.34134,2.30356,2.28719,247.5,221.25,214.72376,215.1,-1.69411,-0.66324,0.15634
3/5/2021,9.55482,11.35161,10.12072,3.6769,4.87277,-19.86148,-25.5009,0.18536,0.23538,0.41871,0.88578,1.25898,1.60093,1.97804,2.03207,0.03042,0.04056,0.04056,0.06085,0.0761,0.13983,0.30519,0.78457,1.22221,1.5522,2.17665,2.28708,2.54972,2.45983,2.42989,2.40243,2.38208,2.36018,2.31366,2.30327,249,223.5,217.46118,217,-1.70543,-0.6828,0.11708
3/8/2021,8.76371,10.5864,7.87893,1.63285,3.00205,-21.37112,-27.12418,0.19104,0.24929,0.4434,0.92829,1.29455,1.62331,1.98448,2.03237,0.03042,0.03549,0.04563,0.06085,0.08117,0.16165,0.33754,0.8495,1.27822,1.59329,2.19819,2.30361,2.54916,2.44848,2.40545,2.37532,2.36153,2.34439,2.30136,2.29424,245.5,221.8,216.95729,216.3,-1.6055,-0.62471,0.14061
3/9/2021,8.22643,8.02591,7.63198,1.48679,2.00362,-23.81951,-29.12355,0.18756,0.24793,0.43026,0.89682,1.24598,1.56202,1.91758,1.96652,0.03042,0.03549,0.04056,0.06085,0.08625,0.16567,0.35,0.8205,1.23111,1.54198,2.15578,2.25776,2.54253,2.44758,2.40976,2.37846,2.35867,2.33746,2.30271,2.29271,246,222,217.85671,216.9,-1.6395,-0.67802,0.08876
3/10/2021,9.02111,8.94033,8.37751,1.56957,1.0013,-27.13354,-31.62448,0.19305,0.246,0.41666,0.87529,1.21685,1.52778,1.87652,1.92486,0.02535,0.03549,0.04056,0.05578,0.08117,0.15579,0.32726,0.79151,1.20115,1.51777,2.14786,2.2411,2.58114,2.50389,2.47167,2.44181,2.4218,2.39494,2.34994,2.33993,251.2,226.5,222.42581,220.5,-1.72049,-0.74723,0.0361
3/11/2021,10.08345,10.54243,9.23942,2.20209,1.74451,-25.95927,-30.2522,0.19161,0.24274,0.41695,0.86948,1.2185,1.54314,1.91969,1.97854,0.02535,0.03042,0.03802,0.05071,0.07864,0.14191,0.31153,0.77709,1.19648,1.52569,2.17928,2.28106,2.70393,2.59459,2.54194,2.49373,2.46097,2.41496,2.35927,2.34175,257.5,228.5,221.96031,220.8,-1.79791,-0.75931,0.07306
3/12/2021,10.45055,10.26426,8.24524,1.2463,1.24753,-28.18249,-31.001,0.19717,0.25448,0.44302,0.9282,1.30345,1.64683,2.03067,2.09007,0.03295,0.02028,0.03042,0.04564,0.07356,0.14997,0.34038,0.84575,1.29099,1.63435,2.31249,2.40008,2.68149,2.57556,2.55195,2.50811,2.47209,2.43038,2.37281,2.35535,259.19833,228.6538,224.49637,221.15537,-1.7462333,-0.652188,0.1885263
3/15/2021,10.10496,9.86195,8.37053,0.90526,1.24768,-27.02266,-30.25094,0.19672,0.2531,0.43656,0.91343,1.2818,1.61892,2.00454,2.06537,0.02535,0.02028,0.02535,0.05071,0.07102,0.152,0.33784,0.82967,1.2727,1.6064,2.27474,2.36786,2.707,2.59556,2.56495,2.52863,2.4846,2.42884,2.3758,2.36203,260.2,227.5,223.59296,221.2,-1.77233,-0.6686,0.15586
3/16/2021,10.69302,10.32596,8.25302,0.70718,0.25157,-28.09301,-30.87436,0.20305,0.25702,0.43596,0.90589,1.28163,1.62486,2.01785,2.08155,0.01521,0.01521,0.01521,0.05071,0.06848,0.15004,0.33266,0.82334,1.27453,1.62232,2.29876,2.39028,2.70971,2.62542,2.60366,2.56886,2.51985,2.45074,2.39884,2.38505,265.5,230.2,226.39255,224,-1.83166,-0.67968,0.15028
3/17/2021,11.6663,11.99164,10.62094,2.72856,1.49788,-26.18092,-29.75086,0.19153,0.24271,0.40801,0.8868,1.28721,1.65511,2.07041,2.13925,0.01267,0.02281,0.01521,0.04564,0.06087,0.126,0.28805,0.78043,1.25979,1.64003,2.33215,2.43671,2.68661,2.60893,2.58758,2.56094,2.51852,2.45633,2.41192,2.39865,263.7,230.9,226.50263,225.5,-1.85657,-0.66897,0.18171
3/18/2021,10.10723,10.3096,7.87871,-0.39307,-0.87307,-25.89505,-29.74921,0.19792,0.25921,0.43854,0.94487,1.35391,1.71983,2.11874,2.17817,0.01014,0.01014,0.01521,0.03042,0.06087,0.15814,0.33544,0.86608,1.35784,1.72856,2.37769,2.47566,2.53996,2.52502,2.51811,2.50318,2.47836,2.43565,2.40026,2.38647,257.2,230.3,226.35294,225.4,-1.70592,-0.57444,0.22166
3/19/2021,11.11693,12.36766,9.74365,1.93387,1.74669,-22.06683,-26.12636,0.20025,0.26138,0.45152,0.97807,1.38882,1.74832,2.13493,2.1888,0.01014,0.01267,0.01014,0.02535,0.05579,0.15021,0.32775,0.88058,1.36944,1.73082,2.35558,2.45005,2.56389,2.53045,2.521,2.49165,2.47461,2.44866,2.41479,2.40598,255.8,231.5,228.1521,227.5,-1.67742,-0.58418,0.17505
3/22/2021,11.55013,12.7954,9.99275,2.23849,1.74622,-21.23384,-25.50154,0.20387,0.26382,0.44668,0.95708,1.35202,1.69883,2.07549,2.12605,0.01014,0.01267,0.01014,0.03549,0.05833,0.14823,0.31858,0.85706,1.32956,1.68131,2.2878,2.38104,2.57383,2.5373,2.52571,2.49939,2.4802,2.45736,2.42731,2.42731,256.3,232.6,230.52589,229.6,-1.70594,-0.64469,0.08504
3/23/2021,11.17863,13.0704,10.24734,2.54532,1.37362,-21.00726,-25.87556,0.20414,0.26338,0.44024,0.93048,1.31239,1.65117,2.03461,2.0891,0.01267,0.01521,0.02028,0.04056,0.07102,0.1515,0.30939,0.82783,1.28679,1.63732,2.24462,2.3478,2.51081,2.49559,2.48827,2.47592,2.45977,2.43619,2.41786,2.42398,252.8,230.1,229.03141,229.4,-1.70017,-0.66368,0.0538
3/24/2021,11.61283,13.64715,8.74729,3.11279,1.99859,-19.63915,-25.12557,0.20429,0.26178,0.4355,0.92221,1.29913,1.63291,2.01149,2.06289,0.01267,0.01014,0.02028,0.03549,0.06848,0.14359,0.29887,0.83456,1.26785,1.61281,2.20781,2.31409,2.62523,2.59254,2.5692,2.52549,2.49276,2.45426,2.42614,2.42497,257.54886,231.2,228.52222,229,-1.7409286,-0.69919,0.02409
3/25/2021,12.32201,13.9561,10.12347,2.58839,3.37421,-18.75619,-23.50032,0.20416,0.25898,0.43054,0.91914,1.30293,1.64669,2.04146,2.09831,0.01267,0.01521,0.02028,0.03549,0.06341,0.13576,0.29098,0.81791,1.27703,1.61294,2.22902,2.33347,2.595,2.58221,2.56564,2.54375,2.50853,2.46431,2.42876,2.42742,258.9,232.2,228.95434,229.5,-1.77109,-0.70906,0.03847
3/26/2021,12.47082,14.2583,9.75328,1.81437,3.00171,-18.2078,-22.9993,0.20604,0.26438,0.44693,0.95229,1.34199,1.6892,2.08203,2.13673,0.01521,0.02028,0.02028,0.03549,0.06341,0.13967,0.30435,0.85476,1.32385,1.65918,2.26411,2.36672,2.66506,2.6385,2.6186,2.56918,2.53525,2.49388,2.44872,2.44495,262.7,235.5,231.53983,231.5,-1.77224,-0.69582,0.05172
3/29/2021,12.79276,15.06691,10.11818,2.30955,2.74644,-18.04373,-23.12646,0.20896,0.27152,0.47102,0.99127,1.39169,1.74709,2.13946,2.19234,0.01521,0.02281,0.01521,0.04056,0.05833,0.14359,0.32035,0.89009,1.36859,1.71963,2.3199,2.4236,2.69035,2.63538,2.60038,2.54607,2.52076,2.49658,2.45251,2.44754,261.25,236.5,232.47927,232.5,-1.72241,-0.64537,0.0986
3/30/2021,13.6469,16.11191,10.75703,2.15285,2.50367,-17.48859,-22.3735,0.21337,0.28397,0.49011,1.01695,1.41137,1.75017,2.12557,2.17215,0.0076,0.01521,0.02028,0.03549,0.05579,0.1475,0.32839,0.90938,1.38984,1.72513,2.30045,2.39589,2.64636,2.58998,2.54973,2.51078,2.49474,2.47279,2.42248,2.40632,257.8,234.8,229.58374,229,-1.66862,-0.62287,0.10589
3/31/2021,13.00514,16.16176,11.23099,2.7252,3.49006,-16.90389,-21.87907,0.20921,0.29087,0.5112,1.05422,1.44519,1.78273,2.15806,2.20463,0.01267,0.01521,0.02028,0.03549,0.05833,0.15929,0.34445,0.93685,1.41473,1.74489,2.32566,2.42248,2.63443,2.58297,2.55883,2.52851,2.51381,2.49137,2.46276,2.43754,260.2,237.4,231.85714,231.3,-1.66515,-0.62911,0.10948
4/1/2021,13.34755,16.01318,11.49715,3.37593,4.37351,-15.4837,-21.00061,0.21391,0.2956,0.50241,1.0232,1.39966,1.72255,2.08694,2.12968,0.01774,0.01774,0.01774,0.03042,0.05833,0.15934,0.3392,0.90633,1.36396,1.67746,2.24093,2.33913,2.68391,2.62455,2.58759,2.5461,2.51184,2.46947,2.42437,2.40164,261.05086,235.08918,226.66059,226.88922,-1.7041786,-0.6734318,0.0702378
4/2/2021,13.38667,16.37723,11.62116,3.15171,3.99799,-15.94324,-21.31332,0.21967,0.32163,0.54953,1.09205,1.45407,1.76214,2.11252,2.15137,0.02281,0.01774,0.02028,0.0431,0.06848,0.18512,0.38495,0.97445,1.42149,1.72146,2.27155,2.3642,2.70319,2.64728,2.60616,2.56045,2.52534,2.48158,2.43372,2.40987,263.35128,236.96259,228.48956,228.09635,-1.6590628,-0.6481659,0.0832365
4/5/2021,13.49791,16.22018,12.36564,3.42646,3.80761,-16.92421,-21.87699,0.21613,0.3088,0.52857,1.06427,1.43628,1.75704,2.10645,2.14313,0.01521,0.01521,0.02028,0.03549,0.05833,0.17335,0.36631,0.94058,1.40199,1.71894,2.27568,2.36189,2.61255,2.60002,2.56497,2.52875,2.4997,2.46487,2.42045,2.3967,260.4,235.5,227.07888,226.2,-1.66342,-0.63606,0.09989
4/6/2021,13.96881,16.10331,12.62092,3.9873,3.74788,-17.57242,-22.50086,0.21502,0.29771,0.49534,0.9975,1.37101,1.69264,2.05176,2.09063,0.01521,0.01521,0.02028,0.03549,0.05072,0.1576,0.33425,0.87126,1.33111,1.65514,2.22747,2.31563,2.6225,2.59745,2.54892,2.48647,2.45692,2.42487,2.38026,2.35651,256.3,231.6,222.56428,221.9,-1.69174,-0.66086,0.09663
4/7/2021,13.32262,15.66942,12.37604,4.10477,3.37554,-17.56695,-22.99978,0.20999,0.28534,0.47768,0.97981,1.35747,1.68639,2.06349,2.10544,0.01014,0.02028,0.01521,0.03042,0.05326,0.15171,0.32093,0.85601,1.3164,1.65262,2.23915,2.33543,2.60281,2.60798,2.58134,2.52099,2.48428,2.4562,2.40251,2.37255,259.5,234.5,223.27263,223.5,-1.73899,-0.69238,0.10043
4/8/2021,13.24446,15.05425,11.98754,3.51747,2.74352,-18.13407,-23.50263,0.21014,0.28022,0.46885,0.95903,1.3298,1.6583,2.04216,2.08686,0.01014,0.01521,0.01521,0.03042,0.05072,0.14778,0.31831,0.83915,1.29463,1.63064,2.2235,2.32188,2.64719,2.63357,2.57509,2.50274,2.46432,2.43322,2.3635,2.33601,257,231.7,219.51282,220.1,-1.73085,-0.68636,0.12088
4/9/2021,12.69056,14.75729,11.37135,3.05235,2.8731,-14.77205,-21.62577,0.20961,0.28275,0.48221,0.98045,1.35882,1.69367,2.07489,2.12162,0.01014,0.01014,0.01014,0.03042,0.05833,0.15584,0.33464,0.86674,1.3283,1.66471,2.22261,2.33788,2.74066,2.66739,2.61778,2.52931,2.48342,2.44945,2.37824,2.34585,257.8,232.2,218.42286,220.2,-1.71126,-0.65729,0.13588
4/12/2021,11.93778,12.02412,10.49531,2.4081,1.99756,-16.5461,-22.50099,0.20766,0.28921,0.49767,0.99601,1.36758,1.69482,2.0744,2.12225,0.01014,0.01521,0.01521,0.04056,0.06087,0.16983,0.37743,0.89106,1.3431,1.67462,2.23986,2.34726,2.75111,2.67008,2.62322,2.5333,2.48422,2.4537,2.39111,2.3611,258.7,233,219.97371,221.1,-1.69594,-0.65538,0.13626
4/13/2021,11.98536,11.59018,9.87168,1.6976,0.99827,-17.4382,-23.6257,0.20861,0.27878,0.46602,0.93811,1.30442,1.63245,2.01957,2.0707,0.01014,0.01521,0.01521,0.04056,0.06087,0.15892,0.35011,0.83939,1.28705,1.62246,2.19395,2.30695,2.80003,2.71422,2.65019,2.54904,2.49461,2.46113,2.40731,2.37735,259.4,233,219.8225,221.6,-1.75461,-0.70754,0.09095
4/14/2021,11.82837,11.64706,8.76339,-0.3203,-0.86804,-21.96154,-27.37219,0.2059,0.28025,0.47445,0.94648,1.30489,1.6263,2.00261,2.0495,0.01014,0.01521,0.01521,0.04056,0.06087,0.16196,0.35797,0.85884,1.30771,1.63498,2.22222,2.32322,2.85743,2.72863,2.66222,2.5729,2.52124,2.47933,2.42133,2.3864,261.3,234.2,221.65922,222,-1.75416,-0.70702,0.10322
4/15/2021,11.58614,12.10635,8.62625,-0.5051,-1.49935,-22.08602,-27.37474,0.20865,0.27187,0.44494,0.87735,1.21088,1.51441,1.88543,1.93427,0.01014,0.01774,0.01521,0.04056,0.06341,0.15601,0.32388,0.79106,1.21591,1.52939,2.10625,2.20801,2.83254,2.71345,2.64844,2.5662,2.51638,2.47263,2.41222,2.37979,261,234,221.5731,222.1,-1.81894,-0.81061,-0.01299
4/16/2021,11.78897,11.94659,8.24547,-0.79628,-1.75235,-21.59029,-27.87594,0.21455,0.28006,0.4616,0.90432,1.24498,1.5544,1.93219,1.98308,0.01267,0.02281,0.01014,0.04056,0.06341,0.16217,0.34213,0.82183,1.25292,1.5719,2.14805,2.26183,2.81995,2.70303,2.64598,2.58491,2.54258,2.50015,2.44316,2.41699,262,236.4,223.21102,225.2,-1.79817,-0.7921,0.00983
4/19/2021,11.39023,11.37191,7.75665,-1.17943,-1.87154,-22.4091,-28.87361,0.21163,0.27411,0.45319,0.90594,1.25942,1.57978,1.95404,2.00375,0.01014,0.01521,0.02028,0.04056,0.06087,0.16021,0.33947,0.82834,1.27119,1.59848,2.17809,2.29248,2.80879,2.68981,2.63168,2.57423,2.5353,2.49623,2.44356,2.41983,260.8,235.5,223.21099,225.1,-1.77966,-0.75652,0.04148
4/20/2021,11.83076,12.41299,9.00124,0.07189,-0.99936,-21.4629,-27.49974,0.20931,0.27051,0.44252,0.88441,1.23362,1.55158,1.93203,1.98421,0.00507,0.01774,0.02788,0.0431,0.06341,0.1522,0.31839,0.7944,1.2329,1.56157,2.14662,2.25921,2.75249,2.65059,2.60284,2.54466,2.51068,2.46883,2.41683,2.39301,258.25196,232.9,220.69291,223.05238,-1.7881196,-0.76743,0.0286862
4/21/2021,12.19612,13.03845,8.87482,-0.00312,-0.62509,-20.60592,-26.62504,0.20311,0.27016,0.44872,0.88802,1.23698,1.55719,1.94208,1.99642,0.00507,0.01521,0.01521,0.03549,0.05833,0.1482,0.31834,0.79927,1.23701,1.56344,2.14814,2.26267,2.71254,2.6176,2.58771,2.54276,2.51407,2.48216,2.43497,2.41249,257.5,233.7,222.24504,224.5,-1.77573,-0.77356,0.01767
4/22/2021,12.22596,13.55644,9.50091,0.35041,-0.49953,-20.74761,-26.62481,0.2035,0.27251,0.45253,0.89593,1.23815,1.54975,1.92276,1.97439,0.00507,0.01521,0.01014,0.03042,0.05579,0.15025,0.31697,0.80092,1.23465,1.55475,2.13024,2.24064,2.71747,2.62459,2.58607,2.53281,2.50569,2.4741,2.42691,2.40839,257.5,233.4,222.2606,224.2,-1.77408,-0.77925,-0.00136
4/23/2021,12.17562,13.35494,9.75027,0.3212,-0.12486,-20.0388,-26.24994,0.20569,0.27821,0.46754,0.9131,1.25376,1.56442,1.93641,1.9877,0.00507,0.01521,0.01014,0.03042,0.05579,0.15645,0.33399,0.8156,1.25055,1.56567,2.1368,2.2502,2.73495,2.64228,2.59724,2.54228,2.51296,2.47622,2.43218,2.41354,244.1,234,222.90957,225.1,-1.6254,-0.77433,-0.0008
4/26/2021,10.78032,12.7094,7.37463,-0.30002,-0.87519,-20.37211,-27.12508,0.20914,0.28352,0.47427,0.92276,1.2576,1.56057,1.92365,1.97176,0.00507,0.01521,0.02028,0.03549,0.05579,0.17572,0.34718,0.84901,1.2606,1.56932,2.12737,2.24301,2.73999,2.66259,2.6294,2.58178,2.5503,2.50537,2.45818,2.43623,247.2,236.4,224.74623,227,-1.62299,-0.79468,-0.02699
4/27/2021,10.58803,12.89558,7.62782,-1.81146,-0.74853,-20.41394,-27.12441,0.20803,0.28471,0.48407,0.95352,1.3009,1.61327,1.97473,2.02147,0.01014,0.01014,0.01521,0.03042,0.05326,0.17883,0.35511,0.87724,1.31901,1.62076,2.17887,2.29271,2.81204,2.71252,2.67697,2.62211,2.58707,2.54249,2.48587,2.46354,253,240,227.71611,229.6,-1.65276,-0.77924,-0.00329
4/28/2021,11.70548,14.1449,8.63952,-1.12647,-0.24244,-19.86059,-26.49696,0.20953,0.28217,0.47665,0.94999,1.30084,1.6167,1.98582,2.0347,0.01014,0.01267,0.01521,0.03042,0.04818,0.16512,0.3352,0.86359,1.3121,1.61912,2.18443,2.29967,2.9225,2.80774,2.73999,2.65666,2.61301,2.55787,2.49477,2.47501,257.3,242.3,229.87629,231.5,-1.70941,-0.80388,-0.01533
4/29/2021,11.54151,13.96818,9.00144,-0.61271,0.06325,-18.60746,-25.7497,0.20851,0.28172,0.48192,0.95726,1.31875,1.64019,2.00643,2.05212,0.00507,0.01014,0.01267,0.02535,0.04818,0.16512,0.33914,0.866,1.32385,1.6388,2.19201,2.30935,2.95761,2.84396,2.77599,2.66697,2.61248,2.56073,2.49011,2.46237,259.3,243,229.2667,230.7,-1.727,-0.7912,0.00235
4/30/2021,11.77562,13.90381,9.62703,-0.54852,0.06356,-18.15742,-25.56207,0.2074,0.2798,0.4765,0.95231,1.31232,1.63164,1.99783,2.04363,0.0076,0.01014,0.01267,0.02535,0.04818,0.16135,0.33638,0.85493,1.31687,1.63031,2.17904,2.29901,2.91778,2.79391,2.74287,2.66309,2.59797,2.53543,2.46396,2.43241,258.80161,240.7,226.13204,227.7,-1.7330861,-0.77669,0.02201
5/3/2021,11.64269,14.28588,9.6895,-0.1563,-0.06146,-18.89518,-25.81208,0.20626,0.27597,0.46392,0.9263,1.28428,1.60436,1.97966,2.02979,0.01014,0.01014,0.01014,0.03549,0.05579,0.15943,0.32037,0.82928,1.28575,1.60469,2.16854,2.28788,2.99684,2.85489,2.78619,2.69123,2.62253,2.55551,2.4744,2.43949,261.5,242.3,226.86568,228.2,-1.78572,-0.81831,0.00588
5/4/2021,11.10684,13.93827,9.69526,-0.12914,-0.43347,-19.39916,-26.31088,0.20258,0.2729,0.45636,0.91672,1.27103,1.58722,1.95462,2.00183,0.0076,0.01267,0.01774,0.03549,0.05072,0.16145,0.31632,0.81969,1.27226,1.59151,2.14855,2.26492,3.10501,2.91744,2.83586,2.72455,2.64226,2.55591,2.46465,2.4222,265.2,242.6,226.2693,227.1,-1.83231,-0.83449,-0.00608
5/5/2021,11.22205,13.99218,10.12419,0.18816,-0.75042,-19.94523,-26.37517,0.19992,0.27014,0.44958,0.90335,1.25776,1.5753,1.94614,1.99434,0.00507,0.01014,0.01521,0.03549,0.05072,0.15755,0.3096,0.80207,1.25585,1.58278,2.14558,2.25808,3.15001,2.96781,2.89977,2.78194,2.69308,2.6016,2.49623,2.44634,271.2,247.3,229.65045,230,-1.90993,-0.89022,-0.04192
5/6/2021,10.68848,13.65416,9.94126,-0.31678,-0.99805,-20.67793,-26.87422,0.19106,0.2625,0.44608,0.89509,1.23862,1.54903,1.91839,1.96693,0.01014,0.01014,0.01521,0.03549,0.04818,0.15562,0.30954,0.79568,1.24179,1.55901,2.12517,2.23567,3.14001,2.93004,2.85395,2.74299,2.66394,2.58742,2.47989,2.42129,267.7,245.5,227.39987,227.5,-1.88132,-0.89599,-0.03933
5/7/2021,10.04427,12.99914,9.50455,-0.66446,-1.74764,-21.70033,-28.06155,0.18615,0.24428,0.41394,0.8651,1.2281,1.56047,1.94271,1.99553,0.01014,0.0076,0.01521,0.03549,0.04818,0.14384,0.28395,0.77005,1.23474,1.57795,2.15971,2.27615,3.17485,2.94253,2.86765,2.7705,2.70818,2.64464,2.52543,2.46805,270.2,251.1,231.95629,232.3,-1.93195,-0.93305,-0.04685
5/10/2021,9.71938,12.20778,8.49693,-1.91872,-2.87659,-22.48988,-29.62564,0.18857,0.24901,0.41799,0.86627,1.23432,1.57237,1.9655,2.02154,0.00507,0.01014,0.01521,0.03549,0.04564,0.15182,0.29591,0.7813,1.25351,1.60114,2.1904,2.3178,3.24869,2.98496,2.90359,2.79584,2.73204,2.66276,2.55226,2.49971,273.7,253.9,234.90937,236.1,-1.9557,-0.93786,-0.0432
5/11/2021,9.64391,10.30098,8.05938,-1.88375,-2.81412,-23.07152,-29.87565,0.18755,0.25625,0.43071,0.88121,1.25347,1.59448,1.9946,2.05256,0.00507,0.01014,0.01014,0.03042,0.04564,0.15981,0.32756,0.80062,1.27231,1.62262,2.22532,2.35132,3.20752,2.93172,2.85108,2.76391,2.71513,2.6569,2.54665,2.49364,271.5,254.2,235.30706,236.1,-1.91438,-0.91938,-0.00968
5/12/2021,10.45021,11.1455,8.36689,-1.84112,-3.56672,-23.59708,-30.31421,0.18522,0.27034,0.46778,0.94723,1.32292,1.66485,2.05781,2.11213,0.00507,0.00507,0.01014,0.03042,0.04311,0.16584,0.35613,0.86356,1.34133,1.70048,2.29378,2.41527,3.48977,3.05243,2.90942,2.78806,2.72883,2.6587,2.54213,2.4989,274.8,256,237.4511,237.5,-1.88444,-0.85952,0.04027
5/13/2021,10.27261,11.29754,7.88896,-3.10339,-5.49274,-27.01687,-32.87207,0.18174,0.26064,0.45089,0.91505,1.27843,1.61181,2.00007,2.0547,0.00253,0.01014,0.01267,0.02535,0.04311,0.15791,0.33776,0.83616,1.30946,1.66672,2.27024,2.38342,3.44939,3.01125,2.85703,2.73423,2.68484,2.63992,2.55258,2.51386,268.7,253.5,237.96111,238.00398,-1.85084,-0.86828,0.0033802
5/14/2021,11.10209,12.53469,8.51179,-1.74997,-3.49388,-25.90063,-31.24753,0.18123,0.26106,0.45275,0.90041,1.26428,1.59941,1.98838,2.04137,0.0076,0.0076,0.01014,0.02535,0.04311,0.15004,0.3274,0.81529,1.28178,1.63435,2.24739,2.35385,3.60773,3.08635,2.91541,2.77362,2.71017,2.6541,2.56339,2.52603,271,253.8,239.46182,237.30745,-1.89471,-0.90365,-0.0192245
5/17/2021,9.58199,11.54628,7.81266,-2.25139,-4.31242,-28.1477,-32.18747,0.17177,0.25392,0.44819,0.90638,1.26636,1.59634,1.98025,2.03198,0.00507,0.00507,0.01014,0.03042,0.04311,0.1581,0.33273,0.82825,1.28887,1.63946,2.26173,2.35385,3.72945,3.16368,2.97757,2.8105,2.73759,2.67333,2.56361,2.51486,274.8,256.1,240.9526,237.56448,-1.91975,-0.92154,-0.0217948
5/18/2021,10.14243,11.69509,8.50119,-1.37439,-3.62438,-27.45503,-31.62475,0.1701,0.25153,0.44449,0.90522,1.27101,1.60492,1.99387,2.04706,0.00507,0.0076,0.01014,0.03042,0.05326,0.15011,0.32754,0.82021,1.28475,1.64116,2.26842,2.36331,3.7403,3.16997,2.98397,2.81614,2.73612,2.6698,2.56242,2.51501,275,255.1,240.53479,237.12363,-1.92979,-0.90984,-0.0079263
5/19/2021,10.0048,11.06632,7.80994,-2.15436,-3.68883,-27.49524,-31.18804,0.17012,0.25824,0.46199,0.94047,1.30994,1.6444,2.0266,2.07483,0.00507,0.00507,0.01014,0.02535,0.04565,0.15819,0.35133,0.86237,1.33148,1.68129,2.3015,2.38671,3.61733,3.07496,2.89614,2.7413,2.6712,2.61994,2.52499,2.4838,266.5,249.5,237.35839,233.7,-1.80263,-0.81371,0.04971
5/20/2021,9.87574,12.01014,8.99956,-1.07207,-2.87523,-26.078,-29.87509,0.16777,0.24894,0.44251,0.90384,1.26876,1.60307,1.99213,2.04203,0,0.00507,0.00507,0.01774,0.03804,0.15018,0.32241,0.81381,1.27946,1.6318,2.25291,2.34077,3.50851,3.00246,2.83295,2.68503,2.61907,2.57101,2.47697,2.44076,261.5,245.3,233.58289,230.32,-1.80119,-0.8212,0.03757
5/21/2021,9.59167,12.18581,8.81508,-1.34238,-2.93616,-25.56626,-29.56196,0.16842,0.25227,0.45108,0.91502,1.27256,1.60072,1.98748,2.03681,0.00507,0.00507,0.00507,0.02028,0.03804,0.15635,0.32922,0.82688,1.28599,1.63009,2.24316,2.33243,3.59178,3.05333,2.85979,2.71144,2.63233,2.56767,2.47884,2.4389,264.4,245.4,233.79008,230.6193,-1.81712,-0.82391,0.026237
5/24/2021,8.78203,11.66047,8.37468,-1.49198,-3.12517,-25.11709,-29.43757,0.15948,0.24016,0.43537,0.88961,1.24805,1.57588,1.95796,2.00636,0.00507,0.01014,0.01521,0.03042,0.03804,0.15234,0.3187,0.80583,1.26295,1.60711,2.20916,2.30073,3.68495,3.10755,2.9021,2.73099,2.6471,2.57647,2.48793,2.44686,266.6,246.3,234.2343,231.39916,-1.86017,-0.85589,-0.0132616
5/25/2021,8.05332,10.97622,8.25285,-1.53344,-3.68602,-25.32019,-29.81191,0.15544,0.2301,0.41402,0.85601,1.20576,1.52613,1.91059,1.96124,0.00507,0.01014,0.01521,0.03042,0.03804,0.14947,0.30421,0.77345,1.22107,1.56298,2.16385,2.25935,3.69769,3.10835,2.89627,2.71977,2.6403,2.56905,2.4842,2.4463,264.6,245.3,233.96411,231.12079,-1.87255,-0.89002,-0.0518579
5/26/2021,7.84257,10.88836,6.18307,-1.79309,-3.87704,-25.30937,-29.62582,0.14688,0.22404,0.41053,0.85668,1.21021,1.53437,1.9155,1.9638,0.0001,0.00507,0.01267,0.02535,0.03803,0.14555,0.30161,0.7948,1.22813,1.57313,2.16864,2.26005,3.66875,3.06627,2.86151,2.69262,2.61365,2.54386,2.45347,2.42128,261.4,243,232.26519,229.61145,-1.8192,-0.85687,-0.0360645
5/27/2021,8.05642,12.02067,6.92526,-3.36036,-3.69386,-24.8185,-29.06505,0.13984,0.22613,0.42451,0.88239,1.24338,1.57185,1.95223,1.9986,0.00253,0.00507,0.01014,0.02535,0.03803,0.14555,0.3043,0.81311,1.27698,1.60879,2.20044,2.28925,3.64005,3.03656,2.83857,2.6845,2.61221,2.54758,2.4654,2.43445,261.5,243.8,234.54645,231.18059,-1.80189,-0.82921,-0.0225559
5/28/2021,8.66287,13.11344,7.93356,-2.50935,-3.12705,-24.67,-28.37582,0.14461,0.23035,0.42773,0.87731,1.23547,1.5605,1.9402,1.98656,0.00507,0.00507,0.01267,0.02535,0.03803,0.14361,0.29652,0.79793,1.26053,1.59175,2.18689,2.27031,3.65963,3.04991,2.84913,2.69262,2.62604,2.56768,2.48642,2.46003,259.5,244.5,235.54402,232.44204,-1.79707,-0.85325,-0.0541104
6/1/2021,8.51276,12.75836,9.07084,-1.09047,-2.37067,-24.59049,-27.43576,0.14204,0.23073,0.43213,0.89908,1.26369,1.59017,1.97387,2.02094,0.0076,0.01521,0.02028,0.03549,0.04057,0.1456,0.30455,0.80837,1.27459,1.61388,2.21978,2.2953,3.71679,3.08753,2.88152,2.72001,2.65091,2.58819,2.5139,2.49004,262.5,247.3,239.42104,235.77298,-1.81663,-0.85912,-0.0624298
6/2/2021,8.49327,12.30636,8.37605,-1.58498,-2.74945,-25.05857,-27.99978,0.14488,0.23056,0.425,0.87934,1.24,1.56254,1.95077,1.99956,0.00507,0.01014,0.02028,0.03549,0.04311,0.14563,0.30194,0.79558,1.25585,1.59003,2.20136,2.27956,3.74857,3.10745,2.89143,2.72149,2.64751,2.58499,2.50749,2.48251,260.9,245.5,237.10474,233.77481,-1.81342,-0.86497,-0.0581881
6/3/2021,7.74919,11.47396,7.68866,-1.76665,-2.7494,-25.02979,-28.62476,0.14578,0.23693,0.44342,0.92063,1.28041,1.59833,1.96656,2.00868,0.00507,0.01014,0.02028,0.03549,0.04311,0.15944,0.32868,0.84374,1.29808,1.62582,2.21686,2.29493,3.73908,3.10642,2.8828,2.70125,2.63678,2.58097,2.51359,2.48972,257.5,243.6,234.97665,232.33371,-1.73126,-0.81018,-0.0284071
6/4/2021,7.83879,11.84142,7.74729,-1.45296,-2.6264,-24.85165,-28.87556,0.1436,0.22611,0.42054,0.86031,1.21379,1.53227,1.90511,1.9496,0.00507,0.01014,0.02028,0.03042,0.04311,0.14772,0.30213,0.78284,1.22832,1.55853,2.15363,2.23836,3.75509,3.12146,2.89665,2.69275,2.6178,2.56377,2.4978,2.48028,256.4,242,233.72242,232.14505,-1.78116,-0.86147,-0.0830905
6/7/2021,7.0845,11.48274,7.18175,-1.85716,-2.94048,-25.19926,-29.00119,0.14237,0.22652,0.4237,0.86431,1.21911,1.54016,1.917,1.96178,0.00507,0.02028,0.02535,0.04056,0.04564,0.15567,0.30887,0.79249,1.23768,1.56956,2.16899,2.25179,3.68508,3.06621,2.85611,2.66574,2.59369,2.54496,2.4861,2.47125,253.7,240,232.36816,231.24756,-1.74451,-0.83044,-0.0606856
6/8/2021,6.93311,8.7555,7.13181,-1.65458,-2.87147,-25.71807,-28.99859,0.14111,0.22108,0.40951,0.83654,1.18309,1.49841,1.87345,1.91846,0.00507,0.01267,0.02788,0.04056,0.04311,0.15175,0.32195,0.76522,1.19964,1.52712,2.13063,2.20845,3.61507,3.00988,2.7973,2.61626,2.55288,2.51372,2.4646,2.45831,249,237,230.84894,229.981,-1.72478,-0.84288,-0.09136
6/9/2021,6.34206,8.49081,7.18046,-1.17784,-2.62864,-26.40487,-29.37645,0.13989,0.21719,0.39644,0.81618,1.15281,1.46193,1.83133,1.87426,0.00507,0.01521,0.02535,0.04056,0.04311,0.15377,0.31153,0.74438,1.16459,1.48822,2.09538,2.16802,3.4837,2.92782,2.73127,2.55996,2.5007,2.46476,2.43214,2.42755,243.5,232.6,229.155,228.31996,-1.69062,-0.83778,-0.1151796
6/10/2021,6.89009,9.37255,7.20732,-1.07667,-2.42725,-26.56953,-29.93344,0.14397,0.21873,0.39478,0.80362,1.13047,1.43359,1.80739,1.85346,0.01267,0.02028,0.02535,0.04056,0.04564,0.14983,0.30105,0.73155,1.14124,1.45786,2.07309,2.15279,3.5292,2.96993,2.77744,2.60899,2.54052,2.4936,2.45687,2.44547,249.4,236,230.44004,230.6101,-1.76245,-0.90214,-0.153311
6/11/2021,7.67344,10.0127,7.44392,-1.00886,-2.37168,-27.10956,-30.37369,0.14349,0.22667,0.41166,0.82363,1.14269,1.43738,1.80288,1.84659,0.00507,0.01774,0.02788,0.03549,0.04564,0.14994,0.31153,0.74919,1.15278,1.4611,2.07398,2.15033,3.49046,2.93614,2.74223,2.56183,2.50137,2.47417,2.44179,2.43923,244.7,234.4,229.77034,230.65591,-1.69781,-0.8829,-0.1562291
6/14/2021,7.90499,9.73055,7.11888,-1.52718,-2.50317,-27.64673,-30.68876,0.1503,0.23901,0.42982,0.85739,1.17956,1.47485,1.83927,1.88262,0.00507,0.01521,0.02535,0.04056,0.04818,0.15996,0.33251,0.7862,1.19483,1.49988,2.11574,2.18951,3.46965,2.9149,2.72812,2.55873,2.50497,2.48065,2.45369,2.46053,245.3,236.4,232.98147,235.2,-1.6668,-0.86412,-0.16249
6/15/2021,7.84238,9.69482,7.05448,-1.45854,-2.69165,-28.05202,-31.87665,0.15206,0.24494,0.43752,0.85522,1.17828,1.47127,1.8357,1.87947,0.01014,0.01521,0.02535,0.04056,0.06848,0.16602,0.34046,0.78461,1.19247,1.49815,2.1162,2.19822,3.50406,2.9427,2.76298,2.59747,2.53401,2.50274,2.4754,2.47672,249,238.9,234.37934,236.8,-1.70539,-0.89085,-0.16978
6/16/2021,7.2106,9.20494,6.94037,-1.88417,-2.49851,-26.96231,-30.56191,0.16373,0.27675,0.49843,0.95025,1.26684,1.54276,1.87239,1.9031,0.03549,0.03549,0.04056,0.05578,0.08118,0.20418,0.40633,0.88082,1.28532,1.56772,2.142,2.20871,3.47392,2.89943,2.70574,2.53121,2.48184,2.451,2.43637,2.43395,240.6,232,229.41057,231.4,-1.52518,-0.75228,-0.10529
6/17/2021,7.53321,9.18768,6.37994,-2.48992,-3.12244,-26.14973,-29.37399,0.16098,0.28766,0.5221,0.94226,1.22861,1.47872,1.7822,1.80649,0.03549,0.03549,0.03549,0.05071,0.07102,0.21233,0.43022,0.87846,1.25351,1.50994,2.0437,2.10023,3.46947,2.908,2.72585,2.53796,2.4691,2.42934,2.41333,2.41568,242.2,230.2,226.85829,229.2,-1.54354,-0.79206,-0.19177
6/18/2021,6.43903,7.74458,5.25064,-3.04754,-3.99967,-28.09745,-30.68737,0.1753,0.32151,0.55584,0.93768,1.18771,1.409,1.69485,1.72013,0.04563,0.03549,0.04056,0.05071,0.08371,0.25712,0.47839,0.88517,1.21819,1.449,1.97582,2.027,3.43482,2.86473,2.66889,2.504,2.43011,2.3816,2.3641,2.36397,237.9,224.3,220.98555,223.4,-1.49383,-0.794,-0.207
6/21/2021,6.71074,7.77636,5.31013,-2.85921,-3.87622,-28.90629,-32.50048,0.17869,0.32037,0.54845,0.93837,1.20608,1.44566,1.74891,1.78061,0.04056,0.04056,0.04563,0.05071,0.08371,0.25326,0.47064,0.88524,1.23465,1.48441,2.03796,2.10561,3.494,2.89479,2.69607,2.52907,2.45205,2.39785,2.37638,2.37017,241.4,226.9,220.87002,225.0374,-1.52876,-0.78459,-0.144764
6/22/2021,5.84842,9.05218,6.43313,-2.26291,-3.31476,-29.09573,-33.25088,0.17051,0.30704,0.53225,0.92044,1.1944,1.43774,1.74089,1.77174,0.04309,0.04056,0.04056,0.05071,0.08118,0.2485,0.44165,0.85606,1.21699,1.47085,2.03183,2.10423,3.52958,2.93652,2.74603,2.58524,2.51015,2.45476,2.41304,2.40923,246.9,232.6,224.72854,228.81824,-1.61294,-0.85515,-0.1839524
6/23/2021,6.28967,9.80549,5.31467,-1.68829,-2.74913,-28.21441,-32.24966,0.17819,0.32415,0.55856,0.95277,1.22257,1.45862,1.7577,1.78926,0.04563,0.04056,0.04563,0.05071,0.07864,0.26119,0.46041,0.8995,1.23935,1.48603,2.03979,2.11172,3.5575,2.97977,2.78728,2.62744,2.54841,2.48599,2.43742,2.42605,250.1,235.1,225.847,229.58156,-1.6015,-0.86497,-0.1840956
6/24/2021,6.61061,9.91102,5.75117,-2.8544,-2.8744,-27.54605,-31.24976,0.18378,0.33317,0.57035,0.96374,1.22706,1.45725,1.75021,1.78183,0.04563,0.04563,0.04563,0.05071,0.07864,0.26707,0.47124,0.90623,1.2556,1.48599,2.02567,2.09432,3.49993,2.93665,2.74475,2.59254,2.51596,2.4565,2.40749,2.39896,247.2,232.3,223.57872,227.18301,-1.56577,-0.83701,-0.1775101
6/25/2021,6.84021,10.15928,5.94194,-3.15329,-3.8727,-29.36737,-32.68659,0.18297,0.33744,0.58144,0.98811,1.25945,1.49642,1.80281,1.84161,0.05323,0.0507,0.05324,0.05578,0.08117,0.26904,0.47985,0.92869,1.29098,1.53514,2.09648,2.16847,3.45999,2.95877,2.78355,2.62845,2.56019,2.49935,2.44834,2.44205,249.7,236.3,228.09111,231.7,-1.56831,-0.82786,-0.14853
6/28/2021,7.31205,10.96129,6.87004,-2.39159,-3.25257,-28.90502,-31.876,0.18036,0.32842,0.56699,0.96211,1.21848,1.44485,1.74122,1.77855,0.04563,0.04563,0.0507,0.05578,0.07102,0.2553,0.45738,0.89341,1.2424,1.47738,2.03027,2.09731,3.45333,2.95905,2.77076,2.60807,2.53977,2.48199,2.43131,2.4263,247.5,234.2,227.73633,230,-1.58159,-0.86462,-0.20269
6/29/2021,7.86389,10.9262,7.31067,-1.86907,-2.43845,-27.67839,-30.81287,0.18025,0.33001,0.57082,0.96331,1.2243,1.45466,1.75206,1.78848,0.04056,0.04563,0.04563,0.05071,0.06848,0.25137,0.46157,0.89021,1.24299,1.47904,2.02884,2.09661,3.46489,2.95522,2.77235,2.61228,2.53966,2.47549,2.41494,2.40854,248.1,233.3,226.64861,228.6,-1.59079,-0.85396,-0.18939
6/30/2021,7.64686,10.92573,7.27304,-1.79084,-2.55059,-27.8508,-31.18285,0.17801,0.32405,0.56299,0.94692,1.19587,1.41797,1.71611,1.75424,0.04563,0.04563,0.04563,0.05578,0.07102,0.24761,0.45375,0.8742,1.21379,1.44348,1.99462,2.06607,3.47003,2.96715,2.78752,2.63287,2.55877,2.48951,2.42462,2.41587,249.9,233.7,226.0663,228.2,-1.6248,-0.89352,-0.21593
7/1/2021,8.12969,11.86186,8.18465,-0.76706,-1.81398,-27.3563,-30.62558,0.18157,0.33695,0.58861,0.98331,1.23707,1.46083,1.74443,1.77876,0.05323,0.04816,0.04817,0.05071,0.06848,0.25565,0.46999,0.90145,1.24473,1.47896,2.01799,2.08501,3.4425,2.96494,2.78509,2.63828,2.56487,2.49071,2.42999,2.42001,251.7,234.7,227.43212,229.03339,-1.61555,-0.86804,-0.2053239
7/2/2021,7.4989,11.01237,7.56195,-0.83364,-2.12528,-28.10528,-31.00011,0.17168,0.31176,0.55154,0.93704,1.18675,1.4102,1.70225,1.7398,0.0507,0.04563,0.04563,0.05071,0.06594,0.23659,0.4413,0.86135,1.19503,1.43142,1.98328,2.04979,3.41252,2.95763,2.79243,2.65669,2.57795,2.49999,2.42989,2.41611,251.8,234.5,226.31881,227.99037,-1.65665,-0.91358,-0.2301137
7/6/2021,7.7407,11.18909,7.50185,-0.68641,-2.31155,-28.00361,-31.37463,0.16389,0.29742,0.52119,0.88351,1.12412,1.34598,1.64481,1.68858,0.04563,0.04563,0.0507,0.05071,0.06341,0.21991,0.40923,0.80845,1.13095,1.36907,1.92483,2.00232,3.38248,2.93743,2.77328,2.64076,2.56463,2.48526,2.42028,2.40901,250.1966,232.9,224.19075,226.9008,-1.693516,-0.95993,-0.266688
7/7/2021,7.75687,11.7312,7.88039,-0.66436,-2.18473,-27.58825,-30.87393,0.16046,0.29275,0.51198,0.85846,1.08541,1.29861,1.59068,1.63491,0.04563,0.03042,0.0507,0.05071,0.06341,0.21508,0.3946,0.77961,1.09202,1.32044,1.86655,1.94364,3.32248,2.89632,2.7285,2.58229,2.50262,2.41871,2.35834,2.35027,245.1,227.25,219.46074,222.4,-1.67139,-0.95206,-0.28036
7/8/2021,8.29191,11.87066,8.25114,0.04082,-1.06191,-25.78419,-29.06227,0.15659,0.27432,0.47451,0.81893,1.05359,1.27637,1.5732,1.61881,0.04563,0.04563,0.04563,0.05071,0.06087,0.1914,0.3558,0.73642,1.05318,1.28699,1.83104,1.90943,3.28001,2.84789,2.68714,2.52707,2.4502,2.36676,2.30727,2.30102,241.21594,223.55631,214.88664,217.82023,-1.6757394,-0.9485731,-0.2687723
7/9/2021,8.03369,11.63089,8.62298,0.92879,-0.25104,-24.51731,-27.6254,0.16581,0.29592,0.51145,0.87205,1.12024,1.3528,1.65738,1.70474,0.04563,0.04563,0.04563,0.05071,0.06341,0.21558,0.39514,0.78582,1.11095,1.35531,1.90255,1.98099,3.30494,2.89179,2.74948,2.59258,2.51153,2.42657,2.35791,2.35037,247.76799,229.27925,219.93954,222.91223,-1.6918599,-0.9374825,-0.2481323
7/12/2021,7.19643,9.21877,7.87197,0.61831,-0.62656,-24.73247,-27.37561,0.16834,0.30363,0.51826,0.87411,1.12116,1.3557,1.66762,1.71847,0.0507,0.04563,0.04563,0.05071,0.06341,0.23167,0.42607,0.79539,1.11497,1.36196,1.91494,1.99222,3.32998,2.92956,2.78133,2.6325,2.55057,2.46418,2.39725,2.38721,252.00141,233.8,223.90491,226.9762,-1.7246241,-0.97604,-0.277542
7/13/2021,7.81421,9.36877,7.99798,0.8388,-0.50104,-24.81431,-27.31291,0.17261,0.33202,0.56194,0.92599,1.17286,1.40911,1.71348,1.76307,0.04563,0.04563,0.04563,0.05071,0.0761,0.25382,0.46821,0.84599,1.16446,1.41411,1.96162,2.03619,3.63499,3.12931,2.93274,2.72094,2.6193,2.5032,2.40933,2.38811,260.60078,237.95428,225.07713,227.81207,-1.7600178,-0.9654328,-0.2419307
7/14/2021,7.92845,9.58675,8.48716,1.55773,-0.50662,-25.01658,-27.44007,0.16358,0.30731,0.53258,0.88341,1.12173,1.35004,1.65964,1.71346,0.04563,0.04563,0.04563,0.05071,0.07356,0.22797,0.43667,0.79852,1.10614,1.3551,1.9098,1.98786,3.57623,3.06154,2.88401,2.69083,2.57228,2.47111,2.37126,2.35127,258,235.1,222.50028,225,-1.78148,-0.9959,-0.26214
7/15/2021,7.85593,9.59001,7.80597,0.47104,-1.44086,-26.56243,-29.31379,0.1602,0.30266,0.52736,0.85245,1.07128,1.282,1.5769,1.62582,0.04563,0.04563,0.04817,0.05071,0.07102,0.2241,0.43146,0.77438,1.06657,1.2964,1.84252,1.91896,3.62999,3.07021,2.8776,2.67783,2.5707,2.46523,2.35106,2.32864,256.9,233.9,220.53593,222.60965,-1.79462,-1.0426,-0.3071365
7/16/2021,7.80146,9.9232,7.92983,0.54297,-1.25395,-27.34112,-29.75152,0.16047,0.30252,0.52821,0.85673,1.07528,1.28446,1.58081,1.6321,0.04563,0.04563,0.04563,0.04564,0.07356,0.22451,0.42898,0.77743,1.06985,1.29699,1.85422,1.92961,3.60252,3.05666,2.85764,2.67184,2.56664,2.46677,2.36427,2.34046,255.3,233.3,221.42543,223.3,-1.77557,-1.03601,-0.30339
7/19/2021,6.95857,8.45432,6.24996,-0.76453,-2.37502,-28.31989,-31.18751,0.16183,0.27812,0.46086,0.7516,0.95503,1.15597,1.45022,1.50248,0.04056,0.04563,0.04563,0.05071,0.06848,0.20853,0.37632,0.68909,0.96267,1.17971,1.73342,1.81435,3.39052,2.89934,2.73237,2.57606,2.48346,2.40253,2.3087,2.28627,244.5,225.5,214.54549,216.91321,-1.75591,-1.07529,-0.3547821
7/20/2021,7.86524,9.13085,7.18433,0.29996,-1.37663,-27.61862,-30.50062,0.16585,0.27116,0.44655,0.74482,0.96961,1.19315,1.50642,1.56375,0.04056,0.04056,0.04563,0.05071,0.06848,0.19251,0.35524,0.67298,0.96661,1.20691,1.7826,1.86876,3.37999,2.88519,2.72804,2.5788,2.49279,2.41248,2.32376,2.30249,244.5,226.6,215.53658,218.5,-1.77202,-1.05909,-0.31624
7/21/2021,8.22096,9.60398,7.87704,1.07672,-0.43645,-26.06444,-28.62459,0.16696,0.28895,0.48291,0.80939,1.0444,1.27566,1.58935,1.64328,0.04056,0.04563,0.04563,0.05071,0.06848,0.20674,0.38687,0.73062,1.03363,1.28002,1.84999,1.92953,3.46005,2.9538,2.77663,2.62134,2.53001,2.44393,2.35121,2.32753,249,229.4,218.70312,220.98937,-1.75938,-1.01398,-0.2803637
7/22/2021,7.99479,9.97656,8.50006,1.62005,0.25003,-24.10948,-26.49999,0.16072,0.28074,0.47345,0.79626,1.0335,1.26824,1.58341,1.63721,0.04056,0.04563,0.04563,0.05071,0.06848,0.20079,0.37368,0.71126,1.0173,1.26574,1.8245,1.90221,3.45001,2.97924,2.79133,2.62798,2.53746,2.4463,2.34318,2.31631,250.3,229.5,218.03679,220,-1.79174,-1.02926,-0.29779
7/23/2021,8.18007,10.40465,8.74811,1.38464,-0.12597,-24.27827,-27.00038,0.15957,0.28088,0.47772,0.8033,1.04482,1.28258,1.60157,1.6529,0.04056,0.04563,0.04563,0.04564,0.06848,0.19908,0.37367,0.71582,1.03097,1.28384,1.84435,1.9229,3.46996,3.02311,2.85336,2.70735,2.61097,2.51567,2.40095,2.37835,257.6,234.7,223.8997,226.1,-1.86018,-1.06316,-0.3381
7/26/2021,6.84367,10.75042,8.9373,1.75336,0.2499,-24.32693,-27.25004,0.15895,0.28194,0.48117,0.80188,1.04145,1.2779,1.60012,1.65232,0.04056,0.04563,0.04563,0.05071,0.06848,0.21326,0.37367,0.71251,1.02392,1.2754,1.84339,1.92482,3.55555,3.08788,2.90734,2.74858,2.64773,2.55159,2.44128,2.41897,263,239.5,228.32358,230.8,-1.91749,-1.1196,-0.38318
7/27/2021,7.32483,10.63205,7.25117,1.61323,0.31284,-24.37457,-27.49987,0.15912,0.2758,0.46673,0.77999,1.00804,1.23672,1.55969,1.61381,0.04309,0.04563,0.0507,0.05071,0.06594,0.20234,0.36041,0.7074,0.99191,1.23359,1.80344,1.88881,3.57982,3.09746,2.90739,2.73088,2.62932,2.53149,2.41209,2.38337,260.1,236.9,224.27062,226.70747,-1.8936,-1.13541,-0.3782647
7/28/2021,7.91131,11.43847,8.31018,3.46533,2.18631,-22.45377,-25.25046,0.15957,0.28953,0.49867,0.82222,1.05317,1.28287,1.60512,1.65796,0.04056,0.04563,0.04563,0.05071,0.06594,0.21018,0.38429,0.739,1.01852,1.26101,1.82966,1.91046,3.61,3.12322,2.93782,2.77358,2.67095,2.57155,2.44753,2.41015,263.7,240.25,226.82484,228.5,-1.898,-1.14149,-0.37454
7/29/2021,5.57809,11.71511,8.81265,1.63836,2.87508,-20.76058,-23.43747,0.14964,0.27608,0.48554,0.81769,1.05808,1.29723,1.62658,1.68094,0.04309,0.04563,0.04563,0.04817,0.06594,0.19961,0.36835,0.72941,1.04163,1.26844,1.83416,1.9153,3.56491,3.12484,2.93864,2.78609,2.68596,2.58506,2.45072,2.4198,265.35,242,227.56853,228.35,-1.92409,-1.15156,-0.3682
7/30/2021,7.86859,12.11577,8.94245,1.73057,2.56505,-21.11813,-24.06152,0.14651,0.26552,0.46822,0.7918,1.02778,1.26377,1.59655,1.65289,0.04309,0.04816,0.04563,0.05071,0.06594,0.18683,0.34703,0.70233,1.01044,1.23809,1.80771,1.89349,3.46433,3.1142,2.93871,2.76846,2.66846,2.57493,2.44012,2.40838,262.6,240,224.82181,226.2,-1.92367,-1.16191,-0.36851
8/2/2021,7.71075,11.64207,9.06278,2.3112,2.87514,-21.45192,-24.87495,0.1454,0.25229,0.43685,0.74038,0.96875,1.20027,1.54093,1.60199,0.04563,0.04563,0.04563,0.05578,0.06341,0.17512,0.32037,0.64969,0.9456,1.17148,1.75543,1.85072,3.38001,3.02525,2.86596,2.7154,2.62296,2.53635,2.41319,2.38931,257.4,235.5,220.92273,223.3,-1.92431,-1.18352,-0.38228
8/3/2021,7.56743,11.08839,8.62508,1.76556,2.06254,-22.45285,-25.93748,0.14121,0.24896,0.42994,0.736,0.96327,1.19368,1.53176,1.59133,0.04563,0.04563,0.0507,0.05071,0.06341,0.17322,0.31899,0.6497,0.94558,1.17302,1.75627,1.85069,3.35248,3.01251,2.86849,2.72595,2.63605,2.54775,2.41853,2.39228,258.6,236.9,221.40335,223.63408,-1.9363,-1.19598,-0.3856508
8/4/2021,8.01016,11.88583,8.6863,1.61163,1.99938,-21.79146,-26.12524,0.13999,0.26136,0.45654,0.76058,0.98079,1.20288,1.52489,1.57952,0.04056,0.04563,0.04563,0.05071,0.06341,0.18117,0.33761,0.67367,0.96464,1.18286,1.74279,1.84076,3.30005,2.94884,2.82497,2.69627,2.60924,2.5273,2.4001,2.38247,255.5,234.6,219.20548,222,-1.88133,-1.16314,-0.37924
8/5/2021,8.31087,11.90257,8.81017,1.48907,2.3738,-20.99677,-25.68796,0.1494,0.28411,0.49269,0.80502,1.02301,1.23975,1.55247,1.60463,0.04056,0.0507,0.04563,0.05071,0.06848,0.201,0.37366,0.71692,1.00812,1.21601,1.76244,1.86151,3.21,2.91008,2.79732,2.67527,2.59141,2.50999,2.39507,2.38246,253.9,233,219.09408,222,-1.82208,-1.11399,-0.35849
8/6/2021,9.4321,12.35451,9.1264,1.89576,2.31322,-22.13511,-26.43722,0.15288,0.30159,0.52537,0.85493,1.08536,1.31078,1.61918,1.66823,0.04056,0.0507,0.04563,0.05071,0.07102,0.20727,0.40182,0.76367,1.0664,1.28765,1.84053,1.9326,3.15488,2.89513,2.80715,2.70868,2.62754,2.54995,2.43414,2.42779,256,236,223.25414,225.9,-1.79633,-1.07235,-0.3264
8/9/2021,8.87234,11.75996,9.12117,1.56849,1.43553,-23.63744,-28.06326,0.1533,0.30803,0.54229,0.88235,1.11018,1.33052,1.6329,1.68015,0.04056,0.04563,0.04563,0.05071,0.07102,0.21931,0.42469,0.79114,1.0945,1.31616,1.86927,1.96078,3.10813,2.87641,2.78843,2.69708,2.62211,2.54372,2.43361,2.42349,255.7,236,224.0088,226.1,-1.76586,-1.04384,-0.30022
8/10/2021,8.43149,8.85382,8.71592,1.52307,1.07051,-24.27337,-29.0346,0.15705,0.32166,0.56145,0.90907,1.13614,1.3521,1.64946,1.69353,0.04563,0.0507,0.0507,0.05071,0.07864,0.23735,0.47282,0.82191,1.12091,1.34139,1.89219,1.98388,3.17046,2.91986,2.82673,2.73077,2.65573,2.57749,2.46684,2.45552,258.7,239,226.56506,228.8,-1.76509,-1.04861,-0.30412
8/11/2021,8.68962,9.316,8.45401,0.76117,-0.8078,-24.60795,-29.29832,0.15253,0.30647,0.54303,0.89524,1.12563,1.34861,1.66082,1.71047,0.03549,0.0507,0.0507,0.05071,0.0761,0.21957,0.4498,0.8107,1.11802,1.35666,1.9069,2.00345,3.20497,2.95351,2.85073,2.74792,2.673,2.58843,2.47684,2.46062,260.5,240.2,226.77785,229.3,-1.7943,-1.04534,-0.28955
8/12/2021,8.8514,9.84879,8.72781,1.45948,0.3076,-24.37744,-30.2159,0.15637,0.31419,0.55625,0.91749,1.1491,1.36966,1.67418,1.72085,0.04056,0.0507,0.0507,0.05071,0.07356,0.22568,0.45769,0.83021,1.13451,1.36655,1.91795,2.02301,3.14304,2.93361,2.83863,2.74257,2.66232,2.57998,2.46176,2.44423,261.6,242.1,226.95344,228.3,-1.78579,-1.05445,-0.25999
8/13/2021,8.86989,9.83169,8.37977,1.55307,0.46326,-24.04013,-29.72578,0.1505,0.30278,0.53504,0.87224,1.09147,1.30059,1.60301,1.6496,0.04056,0.0507,0.05324,0.05071,0.07102,0.21408,0.43672,0.78844,1.07594,1.29596,1.84341,1.94686,3.1274,2.9098,2.8134,2.71849,2.63604,2.54874,2.43305,2.4205,258.1,238.5,223.60765,225.34247,-1.79256,-1.08904,-0.3065647
8/16/2021,8.98582,9.80042,8.1235,1.44171,0.39439,-24.94426,-30.50113,0.15105,0.29403,0.5111,0.83096,1.04767,1.25894,1.56843,1.61862,0.03549,0.06084,0.07099,0.05324,0.07356,0.20417,0.4131,0.74973,1.03325,1.255,1.81787,1.92363,3.10955,2.89059,2.79542,2.70126,2.62011,2.53175,2.42351,2.40979,256,236.8,220.36817,224.15384,-1.81027,-1.113,-0.3179084
8/17/2021,9.26591,10.2447,8.32788,2.07486,0.9998,-23.73192,-29.51523,0.15487,0.30699,0.52612,0.846,1.05927,1.26751,1.5746,1.62337,0.03042,0.07098,0.07098,0.05578,0.07102,0.21433,0.42367,0.76272,1.03852,1.25751,1.81192,1.91852,3.13258,2.87766,2.78154,2.67527,2.59162,2.49744,2.39111,2.37744,253.4,233.5,217.24453,220.99683,-1.77128,-1.07749,-0.2914483
8/18/2021,8.83052,9.97309,8.37416,2.2686,1.09341,-24.63037,-28.12873,0.1515,0.30678,0.53135,0.8611,1.07527,1.28348,1.5857,1.63179,0.03042,0.06084,0.06084,0.05071,0.06595,0.21847,0.43162,0.77736,1.05258,1.27255,1.8319,1.91308,3.08991,2.84466,2.75257,2.65263,2.5742,2.48621,2.38911,2.37644,251.4,232.5,217.67702,221.4,-1.73664,-1.05245,-0.30092
8/19/2021,9.36524,10.50379,8.68236,2.35517,1.49614,-23.99598,-27.548,0.1617,0.31226,0.53407,0.85133,1.05509,1.25593,1.55538,1.60043,0.03042,0.0507,0.0507,0.04564,0.06341,0.21861,0.42903,0.76449,1.03153,1.24082,1.79529,1.87591,2.95936,2.78968,2.70592,2.61943,2.54858,2.46353,2.37379,2.36503,248.8,229.6,216.18157,220,-1.72351,-1.05518,-0.32409
8/20/2021,8.9517,9.83545,8.43296,1.86096,1.34346,-23.51855,-27.6296,0.15756,0.31257,0.54129,0.86854,1.07364,1.27194,1.5569,1.59623,0.04056,0.04563,0.0507,0.04564,0.06087,0.22305,0.4424,0.78418,1.05501,1.25835,1.79202,1.87252,2.8997,2.75171,2.66549,2.57819,2.51567,2.44,2.35651,2.35271,243.3,226.5,214.41647,218.4,-1.64882,-1.00665,-0.31148
8/23/2021,8.6493,9.72803,8.00542,1.4831,0.85086,-24.14315,-28.31656,0.16147,0.3117,0.53496,0.85136,1.06049,1.26284,1.54878,1.58801,0.03549,0.04816,0.05324,0.04056,0.06341,0.22521,0.43717,0.77128,1.04564,1.25417,1.79014,1.87117,2.96783,2.79726,2.71153,2.61033,2.54283,2.46149,2.36809,2.36042,246.3,228.3,215.20347,218.97489,-1.69172,-1.02883,-0.3185789
8/24/2021,7.25751,10.13529,8.67378,2.09522,0.90642,-24.42736,-28.71888,0.1621,0.31914,0.54714,0.87766,1.09331,1.29844,1.58218,1.61975,0.03042,0.05577,0.0507,0.04563,0.06087,0.246,0.44518,0.79086,1.07208,1.28934,1.82637,1.90693,3.03055,2.84748,2.75511,2.64866,2.57219,2.49177,2.39178,2.38057,249.5,231.2,217.20596,220.805,-1.70414,-1.02266,-0.30112
8/25/2021,7.7663,11.1261,7.87077,2.20443,1.19984,-24.05641,-28.1449,0.16007,0.32174,0.56187,0.91023,1.13978,1.35523,1.64142,1.67842,0.03042,0.06084,0.0507,0.04563,0.06594,0.24352,0.45055,0.83149,1.11746,1.34321,1.8819,1.95986,3.10752,2.915,2.81565,2.69079,2.6133,2.53041,2.42054,2.40552,253.7,235.3,220.10679,223.28758,-1.70551,-1.00979,-0.2730158
8/26/2021,8.63252,11.59931,8.11287,1.43827,1.31666,-23.61627,-27.49253,0.16206,0.32392,0.5654,0.92082,1.14702,1.35399,1.63019,1.66299,0.03549,0.06591,0.0507,0.04563,0.06594,0.23764,0.45062,0.84194,1.1334,1.34239,1.86857,1.93996,3.07888,2.89452,2.8056,2.68053,2.60047,2.5184,2.41122,2.39722,253.1,234.6,220.15973,222.9,-1.68906,-1.00361,-0.28904
8/27/2021,8.91377,12.3664,8.77671,1.67734,1.74575,-23.02829,-26.63703,0.15264,0.3071,0.5469,0.88898,1.11806,1.33238,1.61971,1.65524,0.03549,0.06084,0.0507,0.04056,0.06848,0.21607,0.41887,0.79871,1.09826,1.31126,1.84628,1.9181,3.16051,2.96377,2.86631,2.73064,2.64815,2.56432,2.45581,2.44284,257.6,239.2,225.20903,227.74978,-1.77729,-1.08074,-0.3593978
8/30/2021,9.3981,12.44118,8.87705,1.84406,1.82849,-22.55581,-26.34667,0.15032,0.29632,0.52202,0.85872,1.08654,1.30096,1.5966,1.63528,0.03549,0.06084,0.04563,0.05578,0.06341,0.20234,0.39761,0.76995,1.0681,1.28268,1.82216,1.89875,3.16497,2.94505,2.8478,2.70849,2.62873,2.54803,2.43557,2.42381,255.6,237.3,222.5756,225.5,-1.78605,-1.09032,-0.35625
8/31/2021,8.96846,12.37365,8.82134,1.89627,1.7353,-23.08129,-27.1646,0.14964,0.29829,0.52155,0.85828,1.09639,1.31859,1.61647,1.65464,0.03549,0.0583,0.04816,0.05578,0.06848,0.20834,0.39763,0.76996,1.07735,1.30118,1.84725,1.92626,3.1147,2.89978,2.794,2.66056,2.58809,2.51296,2.4105,2.40295,250.9,233.7,220.09359,223.3,-1.73904,-1.03582,-0.30674
9/1/2021,9.05271,12.12607,9.01824,2.25326,1.85677,-22.75217,-26.75331,0.1502,0.30095,0.52691,0.86894,1.10218,1.31976,1.61452,1.65123,0.04056,0.05577,0.0507,0.05578,0.06594,0.21042,0.40565,0.77876,1.07965,1.30119,1.84204,1.91876,3.10996,2.90007,2.80486,2.67347,2.59983,2.52327,2.42305,2.41298,251.6,234.2,220.43423,223.8,-1.73724,-1.04081,-0.31924
9/2/2021,8.81057,11.85155,8.90018,1.96166,1.49895,-23.45897,-27.59272,0.15171,0.30062,0.52687,0.86378,1.09287,1.30778,1.59563,1.63025,0.04563,0.06084,0.0507,0.05071,0.06594,0.21251,0.40835,0.77478,1.07325,1.29279,1.83022,1.90618,3.13246,2.92239,2.81025,2.67047,2.59289,2.51699,2.41605,2.40353,251.3,233.2,219.04457,222.3,-1.73822,-1.03921,-0.31682
9/3/2021,8.91516,11.88715,9.01105,2.15048,1.71896,-23.00947,-27.25647,0.15146,0.29621,0.52466,0.87456,1.11502,1.33869,1.63338,1.66905,0.03549,0.06084,0.04563,0.05071,0.06594,0.20706,0.40579,0.78445,1.09352,1.3215,1.86347,1.94161,3.12747,2.92764,2.82382,2.68871,2.60761,2.52904,2.42233,2.41002,252.5,234.4,220.12237,223.5,-1.74055,-1.0225,-0.29339
9/7/2021,9.06898,9.88531,8.91016,2.25448,1.67134,-22.51014,-26.90154,0.15559,0.31174,0.54985,0.9081,1.15862,1.38735,1.68093,1.71498,0.03549,0.06084,0.04563,0.05071,0.0761,0.22105,0.451,0.819,1.13608,1.37064,1.90603,1.984,3.11997,2.92494,2.8281,2.70678,2.62718,2.54869,2.43119,2.41362,254.8,236.5,221.19551,224.36117,-1.729,-0.99436,-0.2596117
9/8/2021,9.47537,10.6021,9.08242,2.61075,2.3637,-21.38773,-25.55025,0.15488,0.31196,0.54794,0.89619,1.13593,1.35702,1.65962,1.69605,0.04309,0.06084,0.04056,0.05071,0.07102,0.21721,0.44192,0.80537,1.10982,1.33338,1.8735,1.95155,3.15245,2.94982,2.8468,2.72822,2.64673,2.56497,2.4496,2.43322,256.7,237.5,222.37045,225.7,-1.76163,-1.04162,-0.30545
9/9/2021,9.60072,10.67857,9.31269,3.01776,2.70127,-20.88053,-25.12841,0.15746,0.31136,0.54346,0.87924,1.10969,1.32662,1.61343,1.64604,0.0583,0.06084,0.04563,0.05071,0.07102,0.21535,0.43667,0.78611,1.07951,1.29961,1.82224,1.89732,3.15496,2.94286,2.8607,2.7541,2.66915,2.58004,2.46464,2.44571,259,239,224.23014,227.2,-1.80389,-1.09039,-0.37468
9/10/2021,10.07824,11.03602,9.57313,2.98737,2.77483,-21.01842,-25.48423,0.15653,0.31651,0.55754,0.91089,1.14901,1.36799,1.64908,1.67853,0.0507,0.05577,0.04056,0.05071,0.06848,0.21573,0.44718,0.81516,1.11914,1.34024,1.85926,1.93337,3.20615,2.97235,2.86766,2.75981,2.6698,2.58254,2.46884,2.45121,258.5,239.5,224.79875,228,-1.76984,-1.05476,-0.34663
9/13/2021,10.12614,11.38457,9.59877,2.80914,2.27011,-21.40499,-25.75658,0.15664,0.31512,0.55314,0.8999,1.13145,1.34517,1.61863,1.64616,0.04563,0.06084,0.04056,0.05071,0.06848,0.21386,0.43929,0.80391,1.10336,1.32247,1.83268,1.90373,3.21999,2.96756,2.85999,2.74017,2.65289,2.56076,2.44881,2.43368,256.5,237.2,222.82639,226,-1.76109,-1.04953,-0.35627
9/14/2021,10.35112,11.69207,10.15097,3.23088,2.7424,-20.43989,-24.71957,0.15557,0.31149,0.54571,0.88127,1.10181,1.30515,1.57643,1.60364,0.04563,0.06084,0.04056,0.05071,0.06848,0.20798,0.42879,0.77976,1.0695,1.27773,1.78083,1.85084,3.12501,2.91744,2.81039,2.69048,2.60683,2.52029,2.41254,2.40123,252.3,233.4,219.26572,223.0206,-1.74324,-1.05627,-0.379366
9/15/2021,10.77873,12.20345,10.25581,3.67797,3.46705,-19.81927,-23.6981,0.15991,0.32007,0.55887,0.90175,1.13024,1.33777,1.60617,1.63097,0.04056,0.06084,0.04056,0.04564,0.06848,0.21211,0.43672,0.79912,1.09341,1.30306,1.80434,1.86793,3.20498,2.9628,2.85562,2.72012,2.63115,2.53994,2.41928,2.40173,255.4,235,219.60183,222.8,-1.75488,-1.04694,-0.36007
9/16/2021,11.26355,12.41061,10.59013,3.68022,3.76255,-19.41445,-23.30454,0.16175,0.32892,0.57935,0.93899,1.16531,1.36694,1.62531,1.64699,0.05577,0.06084,0.03549,0.04564,0.06848,0.21624,0.45521,0.83307,1.12849,1.3293,1.81945,1.88003,3.17501,2.95529,2.85405,2.73156,2.64238,2.55065,2.43275,2.41652,256.4,235.8,220.88224,223.9,-1.73093,-1.0287,-0.35897
9/17/2021,10.93924,12.60256,10.55965,3.90534,4.12079,-19.29984,-22.7013,0.16204,0.33409,0.59731,0.97123,1.20513,1.41051,1.663,1.68211,0.0583,0.0583,0.03802,0.04564,0.06848,0.2247,0.47128,0.86563,1.16608,1.3693,1.856,1.90912,3.16754,2.93623,2.8352,2.72169,2.63985,2.55171,2.43208,2.41952,254.4,234.8,220.74296,223.2,-1.67837,-0.9787,-0.32288
9/20/2021,10.87828,12.22654,10.37659,3.53478,3.28163,-20.16076,-23.69778,0.16101,0.32352,0.57249,0.92406,1.14508,1.34102,1.59052,1.60945,0.0507,0.0507,0.03042,0.03549,0.06848,0.21474,0.45022,0.82029,1.10973,1.3082,1.79213,1.84643,3.11496,2.88284,2.78913,2.67669,2.59844,2.51481,2.40479,2.39477,249.3,230.6,217.32972,220.1,-1.67271,-0.9978,-0.35457
9/21/2021,11.27306,12.40927,10.23019,3.01681,2.39926,-20.56365,-24.61591,0.16182,0.32659,0.57443,0.93078,1.15164,1.34747,1.5931,1.61031,0.04563,0.05323,0.02535,0.02281,0.06594,0.21386,0.45028,0.82844,1.12145,1.32346,1.79872,1.85646,3.11983,2.88098,2.77559,2.66223,2.58979,2.51072,2.40081,2.38824,247.6,230.2,216.58371,219.7044,-1.64756,-0.97854,-0.340584
9/22/2021,11.22065,12.51346,10.28321,3.60647,2.50703,-20.84455,-24.92144,0.16436,0.35156,0.61797,0.96871,1.17283,1.35453,1.58607,1.59754,0.04816,0.05577,0.03295,0.03042,0.07356,0.2393,0.49274,0.86582,1.13672,1.32942,1.79449,1.84674,3.07973,2.84282,2.74232,2.63169,2.56614,2.4885,2.3856,2.37801,243.8,227.6,215.26458,217.8,-1.57218,-0.94658,-0.33126
9/23/2021,11.49475,12.90055,10.23887,2.84052,2.83877,-19.73219,-24.06917,0.16944,0.37275,0.65111,1.03019,1.24651,1.43712,1.67257,1.68258,0.0507,0.0507,0.03042,0.03549,0.07356,0.25773,0.52206,0.92777,1.21807,1.40871,1.86988,1.9234,3.08257,2.86436,2.77616,2.6745,2.60141,2.52291,2.4199,2.40976,249.9,232.9,220.24783,222.6,-1.57123,-0.92029,-0.3026
9/24/2021,11.14939,12.15695,9.71559,2.54404,2.94642,-19.53986,-23.54991,0.17034,0.38403,0.66533,1.05464,1.28629,1.48894,1.73796,1.75145,0.06337,0.06337,0.03549,0.03803,0.07863,0.27257,0.54379,0.9575,1.26085,1.45948,1.93336,1.98709,3.07254,2.86721,2.7801,2.68457,2.6134,2.53345,2.42964,2.422,250.7,233.6,221.27727,223.7,-1.5495,-0.87652,-0.24991
9/27/2021,9.20231,12.48094,8.44647,2.02487,2.86708,-19.72193,-23.98348,0.1731,0.39152,0.67542,1.07976,1.31207,1.51148,1.74681,1.75441,0.0507,0.05577,0.0507,0.05071,0.0761,0.2995,0.55061,0.9953,1.29182,1.48281,1.94403,1.99439,3.10501,2.90295,2.82017,2.72434,2.64749,2.5642,2.45604,2.44354,254.7,236.4,223.57181,225.6,-1.5517,-0.88119,-0.26161
9/28/2021,8.34085,12.50234,8.29249,0.96324,2.73208,-20.66343,-24.34551,0.17082,0.38929,0.6798,1.10655,1.35332,1.56212,1.81308,1.82619,0.06591,0.05577,0.06591,0.05071,0.07863,0.30588,0.55478,1.02363,1.34369,1.5348,2.01971,2.06964,3.10749,2.90794,2.83099,2.74313,2.67177,2.59353,2.48262,2.47,256.8,239.10282,226.8878,228.5,-1.54437,-0.8562282,-0.21536
9/29/2021,8.61117,12.56663,7.71549,0.17479,1.66553,-21.57467,-24.90672,0.17072,0.38218,0.66189,1.08787,1.34206,1.555,1.81876,1.83766,0.04816,0.0507,0.06591,0.05071,0.07863,0.29411,0.53624,1.01073,1.34032,1.53835,2.03451,2.08673,3.11003,2.91076,2.82367,2.72664,2.65734,2.57995,2.46619,2.45245,255.3,237.5,225.28827,227,-1.54227,-0.83665,-0.18327
9/30/2021,8.76555,13.16706,8.57936,0.74516,2.02938,-21.80129,-25.32657,0.16431,0.37594,0.65468,1.07967,1.33134,1.54657,1.81505,1.83741,0.04816,0.05323,0.07858,0.05071,0.0761,0.28828,0.52301,0.99387,1.32388,1.52627,2.03306,2.09067,3.11313,2.89815,2.80509,2.71246,2.65101,2.58273,2.47633,2.46746,253.5,238,226.74941,228.5,-1.54113,-0.85373,-0.19433
10/1/2021,9.74522,14.18747,9.00702,0.92821,1.78943,-22.56263,-26.23781,0.16482,0.36026,0.62511,1.0221,1.26865,1.4838,1.75405,1.77719,0.08365,0.08365,0.12167,0.05071,0.07863,0.26281,0.48324,0.93202,1.25936,1.4659,1.97967,2.03957,3.14747,2.91626,2.81831,2.71625,2.64942,2.57908,2.47422,2.46543,253.87957,237.91371,226.76832,228.79068,-1.6067757,-0.9132371,-0.2483368
10/4/2021,7.91517,12.38714,7.87103,0.26025,0.93685,-23.04251,-26.48899,0.15917,0.35776,0.62329,1.02365,1.27253,1.48914,1.75954,1.7821,0.12168,0.12168,0.04056,0.05071,0.0761,0.27861,0.49942,0.94493,1.26992,1.47977,1.98996,2.04699,3.24495,2.96095,2.83964,2.73224,2.66474,2.58843,2.48024,2.47029,255.6,239.2,227.57777,229.4,-1.61107,-0.91223,-0.24701
10/5/2021,8.83406,12.73051,7.78558,0.19122,0.8301,-22.95554,-26.31901,0.16275,0.37498,0.64703,1.05512,1.31476,1.53842,1.81256,1.83646,0.10647,0.11914,0.03802,0.05578,0.08879,0.28656,0.51967,0.97723,1.31282,1.5301,2.04211,2.09964,3.3575,3.04888,2.92301,2.8027,2.73067,2.65247,2.53599,2.51977,262.9,245.5,232.20453,234.1,-1.65177,-0.9249,-0.24136
10/6/2021,9.18692,12.63512,7.76616,-0.11675,0.69986,-22.73231,-26.02968,0.16657,0.3865,0.66102,1.06144,1.31347,1.53024,1.79411,1.81578,0.0583,0.07098,0.04817,0.05578,0.09133,0.29453,0.5346,0.98374,1.31461,1.52322,2.02142,2.07607,3.32004,3.01346,2.88686,2.77658,2.71119,2.63802,2.51922,2.50542,259.9,243.8,230.84526,232.3,-1.61526,-0.91478,-0.24693
10/7/2021,9.28319,12.83444,8.19447,0.64554,1.52616,-22.09744,-25.42,0.16587,0.39932,0.68733,1.09972,1.36062,1.58558,1.85591,1.87785,0.02028,0.03042,0.0507,0.06085,0.09133,0.30649,0.55899,1.01778,1.35416,1.57032,2.07688,2.13205,3.37998,3.07638,2.95553,2.83901,2.76645,2.68023,2.55697,2.5395,264.9,247.4,233.42198,234.69584,-1.63122,-0.90368,-0.2149084
10/8/2021,10.39993,13.97052,8.73516,1.15822,2.18818,-21.15083,-24.56413,0.17677,0.42078,0.71833,1.13468,1.39729,1.62579,1.89396,1.91439,0.02535,0.03042,0.0507,0.05578,0.09133,0.31678,0.57862,1.04733,1.38571,1.60391,2.10547,2.16003,3.39001,3.10148,2.97901,2.86784,2.80052,2.71873,2.59756,2.58001,267.3,251,236.99308,238,-1.62567,-0.90609,-0.21997
10/12/2021,11.42242,12.2197,8.247,0.70119,1.8262,-20.12739,-23.34823,0.19235,0.46108,0.7607,1.15594,1.39396,1.59774,1.85394,1.87159,0.01774,0.03295,0.05324,0.05578,0.09641,0.34686,0.6385,1.07347,1.38694,1.57947,2.05521,2.10507,3.3975,3.10504,2.98384,2.87007,2.79347,2.70795,2.58213,2.55825,266.6,249.3,234.48141,235.2,-1.59253,-0.91353,-0.24693
10/13/2021,12.2262,13.09803,7.39131,-0.06405,1.35919,-19.97578,-23.1635,0.2026,0.48935,0.79158,1.16056,1.37629,1.56172,1.79633,1.80902,0.01521,0.02028,0.04563,0.05071,0.09895,0.36702,0.66056,1.08662,1.37691,1.54811,1.99608,2.04065,3.51247,3.16102,3.0289,2.90537,2.82792,2.74118,2.59757,2.57153,272.13108,253.19756,236.59573,237.06533,-1.6346908,-0.9838656,-0.3300033
10/14/2021,12.78142,13.99812,7.71487,-0.14656,1.27508,-20.85972,-24.01619,0.20302,0.47903,0.76898,1.12642,1.34173,1.53134,1.76941,1.78431,0.02281,0.01774,0.05324,0.05071,0.09387,0.35114,0.62895,1.04923,1.34317,1.51857,1.978,2.02446,3.56002,3.19991,3.0558,2.91312,2.8356,2.74874,2.60926,2.57554,271.7,253.5,236.36587,236.88865,-1.66777,-1.01643,-0.3444265
10/15/2021,13.8632,14.26731,7.45951,-0.6362,0.83211,-20.92649,-23.53252,0.22776,0.53855,0.84036,1.19604,1.40345,1.58298,1.80561,1.81418,0.03549,0.02535,0.0507,0.05071,0.10149,0.39992,0.69769,1.12143,1.4098,1.57465,2.01487,2.0495,3.61002,3.24876,3.08765,2.94388,2.86409,2.77447,2.62194,2.58792,275,256.2,238.9572,238.3,-1.62857,-0.98735,-0.3335
10/18/2021,14.57086,15.14369,6.64161,-1.80782,0.25752,-20.91566,-22.76766,0.23425,0.56604,0.881,1.2257,1.42041,1.58563,1.78707,1.78837,0.04309,0.02281,0.05577,0.06085,0.10403,0.42033,0.72956,1.15928,1.43848,1.58305,1.99622,2.01604,3.58751,3.22646,3.06922,2.92512,2.84432,2.75878,2.60885,2.56796,273,254.5,238.17408,236.3,-1.57072,-0.96195,-0.34696
10/19/2021,15.33621,14.65724,6.90075,-1.53527,0.55147,-21.39466,-23.03149,0.22595,0.54562,0.85499,1.22353,1.44712,1.63831,1.85244,1.85546,0.0507,0.02028,0.05577,0.05578,0.09895,0.39226,0.70842,1.15451,1.46246,1.63279,2.06638,2.08577,3.60505,3.22769,3.07291,2.92911,2.84643,2.75833,2.60169,2.56352,274.4,255.5,239.04719,237.1,-1.58949,-0.92221,-0.28523
10/20/2021,16.19658,14.18317,7.14614,-0.60267,0.92765,-20.57701,-22.6748,0.22156,0.53621,0.84237,1.21709,1.44694,1.64305,1.87458,1.88304,0.05577,0.01521,0.0507,0.05578,0.09387,0.37424,0.70054,1.14563,1.45297,1.63377,2.08035,2.10979,3.73505,3.32141,3.15563,2.98395,2.89413,2.79894,2.63728,2.59624,280.4,259.4,241.5868,240.2,-1.65837,-0.96023,-0.29221
10/21/2021,16.10077,14.37827,7.24047,-0.76111,0.94143,-19.91331,-22.45718,0.24857,0.59626,0.91353,1.28402,1.50058,1.68348,1.90024,1.90253,0.0583,0.01521,0.05577,0.05578,0.10657,0.43525,0.76975,1.21162,1.50819,1.67407,2.09937,2.1271,3.8522,3.45461,3.27135,3.0789,2.97151,2.85607,2.67445,2.62782,291.3,265.6,245.43138,243.9,-1.70138,-0.98193,-0.3119
10/22/2021,16.69553,15.48065,7.8336,0.03655,1.51216,-18.99651,-21.12522,0.27159,0.6295,0.93831,1.28803,1.49442,1.66916,1.87958,1.87955,0.0507,0.05576,0.06084,0.06085,0.12181,0.46254,0.7835,1.20969,1.49405,1.65404,2.06954,2.0908,3.8699,3.47491,3.2874,3.07753,2.96694,2.85226,2.66251,2.61215,290.4,264.1,243.28248,241.1,-1.69431,-0.98696,-0.3202
10/25/2021,16.69487,15.87773,8.93543,1.34292,2.76817,-18.11197,-19.99329,0.25898,0.60325,0.91036,1.2662,1.47876,1.66195,1.8805,1.88444,0.05577,0.04056,0.0507,0.06339,0.11673,0.4363,0.75158,1.17685,1.46533,1.63427,2.06162,2.08437,3.96006,3.56495,3.36414,3.13089,3.01206,2.88375,2.67458,2.62425,295.2,267,245.00541,242.3,-1.77515,-1.03573,-0.33863
10/26/2021,13.3859,15.64553,8.89165,1.62546,3.20311,-16.75222,-18.77763,0.26291,0.61536,0.91885,1.26923,1.47446,1.64964,1.86242,1.86316,0.0583,0.1014,0.05577,0.06085,0.11927,0.48135,0.76239,1.18031,1.45821,1.61761,2.02994,2.05094,3.94,3.57059,3.38789,3.16165,3.03436,2.90196,2.68474,2.63104,298.4,269.3,246.37398,243.5,-1.80369,-1.07539,-0.38406
10/27/2021,15.25361,16.34493,7.39872,0.87607,2.3752,-17.95856,-19.89593,0.27926,0.64266,0.92597,1.22243,1.40004,1.55195,1.74568,1.74311,0.06084,0.09126,0.05577,0.05578,0.11418,0.48996,0.76252,1.14843,1.39128,1.5282,1.92527,1.94207,3.85503,3.56349,3.38401,3.15735,3.0237,2.88697,2.6643,2.61378,297.5,267.2,244.62649,241.5,-1.82657,-1.1438,-0.47293
10/28/2021,16.26887,17.386,5.12672,-2.53478,1.08764,-21.57268,-21.29344,0.29468,0.66292,0.94471,1.24018,1.42248,1.57862,1.75925,1.74951,0.0583,0.0938,0.05577,0.06339,0.11672,0.4998,0.77068,1.18875,1.4477,1.56767,1.97494,1.96241,3.79501,3.49993,3.33005,3.10315,2.96049,2.81258,2.5941,2.53821,292.7,259.5,240.01242,233.7,-1.73825,-1.02733,-0.37459
10/29/2021,18.85346,20.47046,4.46542,-4.47496,0.5517,-25.14987,-21.49169,0.30292,0.68076,0.95976,1.23109,1.40748,1.56032,1.73628,1.7251,0.05323,0.0938,0.05831,0.05578,0.12689,0.49209,0.75496,1.18636,1.45217,1.55476,1.98775,1.94,3.82043,3.4766,3.32408,3.10707,2.95964,2.80829,2.57788,2.52015,293,258.7,240.57921,231.5,-1.74364,-1.03224,-0.375
11/1/2021,19.4352,20.9315,6.74754,-2.10331,1.27366,-23.66844,-21.44683,0.31999,0.70732,0.98998,1.2628,1.4377,1.58516,1.76388,1.75279,0.0507,0.08112,0.0507,0.06592,0.12434,0.51297,0.78063,1.19529,1.4587,1.5724,2.00055,1.96725,3.78501,3.46494,3.28725,3.04273,2.88518,2.72274,2.4986,2.44027,286.9,251.4,233.12646,225.4,-1.67371,-0.9416,-0.28675
11/2/2021,20.151,21.7086,8.4759,0.41029,3.0179,-20.59079,-20.40847,0.29407,0.65651,0.93742,1.23244,1.42037,1.57638,1.76332,1.75349,0.04563,0.06591,0.0507,0.06592,0.1218,0.45488,0.72024,1.1476,1.41621,1.54615,1.9692,1.95756,3.78495,3.46403,3.28018,3.03822,2.88801,2.73278,2.52223,2.47117,286.6,252.3,233.73814,229,-1.7184,-0.97685,-0.33244
11/3/2021,20.30261,21.36289,8.22895,0.84418,2.71784,-19.99903,-20.16687,0.29615,0.6789,0.96905,1.26638,1.45188,1.60418,1.79277,1.7833,0.04563,0.06084,0.0507,0.06592,0.16503,0.47575,0.75532,1.18402,1.44339,1.57696,1.99274,1.98495,3.72999,3.44757,3.29125,3.06242,2.91424,2.76498,2.55529,2.51225,289.25,255.5,237.059,233.1,-1.70848,-0.97804,-0.34605
11/4/2021,20.76983,22.35538,9.68085,1.57978,3.19506,-21.31074,-21.4336,0.27577,0.62334,0.901,1.20005,1.39259,1.55551,1.7542,1.74807,0.04563,0.06084,0.04563,0.06085,0.14469,0.41552,0.67736,1.10319,1.37676,1.52353,1.96729,1.9624,3.69005,3.43757,3.28326,3.06693,2.92282,2.7775,2.57125,2.5282,290.2,257,238.86967,235.2,-1.79881,-1.04647,-0.3896
11/5/2021,19.17307,20.46265,8.79277,0.57412,2.12115,-22.17729,-22.20556,0.26116,0.58955,0.85519,1.14105,1.32019,1.47341,1.66843,1.66295,0.04309,0.06337,0.04563,0.06085,0.1396,0.39782,0.65056,1.05312,1.31445,1.4522,1.8902,1.88501,3.69502,3.4274,3.27317,3.06713,2.91834,2.76877,2.5612,2.52041,289.2,255,236.7586,233.1,-1.83888,-1.0978,-0.44599
11/8/2021,19.39901,16.29146,8.91651,0.20395,2.69243,-21.24353,-20.72012,0.2821,0.64157,0.91867,1.20849,1.3782,1.52275,1.69467,1.67984,0.04309,0.0583,0.04563,0.06085,0.14468,0.44758,0.75576,1.11932,1.37616,1.49583,1.90711,1.88704,3.76002,3.49149,3.33606,3.13291,2.98284,2.83381,2.6217,2.57627,296.3,262.5,244.78243,240,-1.84368,-1.12917,-0.51296
11/9/2021,20.83216,17.0669,8.5536,0.60326,1.07929,-22.06259,-20.41356,0.26975,0.61616,0.88376,1.1531,1.31809,1.45849,1.62832,1.6157,0.04816,0.0583,0.04817,0.05578,0.13198,0.40684,0.71045,1.06756,1.31206,1.4477,1.84895,1.81984,3.79838,3.5212,3.35953,3.14749,2.99838,2.848,2.63842,2.59073,297.5,263.3,246.41748,240.68345,-1.90744,-1.1853,-0.5869945
11/10/2021,21.74023,17.8161,8.53794,1.06558,3.35981,-20.89396,-18.20998,0.3119,0.71929,1.01139,1.29732,1.45661,1.59064,1.75168,1.73487,0.04563,0.05577,0.0507,0.06085,0.16248,0.50189,0.83323,1.21194,1.44595,1.55704,1.96062,1.91697,4.07999,3.67334,3.5024,3.27006,3.10093,2.9215,2.69715,2.64125,310,270.9,252.88792,246,-1.88806,-1.15196,-0.54303
11/12/2021,24.38434,20.48935,9.82782,2.86723,5.60402,-19.4567,-17.3262,0.33682,0.76335,1.0593,1.33649,1.50203,1.63875,1.79897,1.78153,0.0507,0.05577,0.0507,0.06085,0.16248,0.51951,0.85441,1.23821,1.47336,1.58271,1.99354,1.95479,4.26506,3.79023,3.56833,3.2862,3.11716,2.93777,2.70774,2.65249,312,271.9,253.58629,247,-1.88179,-1.13629,-0.51521
11/15/2021,23.89394,19.67735,9.59523,2.1757,4.75155,-20.83232,-19.24317,0.33152,0.76167,1.06453,1.35221,1.52613,1.66806,1.83217,1.81372,0.0507,0.05769,0.04868,0.06085,0.16248,0.52273,0.86776,1.25626,1.50437,1.62054,2.04049,2.00615,4.48,3.92956,3.67538,3.36253,3.17738,2.98043,2.73899,2.68447,320,276.3,256.50795,250.15599,-1.94374,-1.14246,-0.4954099
11/16/2021,24.97079,20.16908,10.58153,2.70042,5.11689,-21.57909,-19.60691,0.33588,0.76862,1.07486,1.37198,1.54574,1.68383,1.84263,1.82073,0.06337,0.05323,0.04563,0.06085,0.16248,0.51891,0.87317,1.26616,1.51874,1.63266,2.05842,2.0168,4.54397,3.98238,3.70013,3.36241,3.16419,2.9598,2.70013,2.63492,320.5,274,252.26544,245.48241,-1.93884,-1.10734,-0.4380241
11/17/2021,24.39416,19.98008,10.52106,2.67206,4.96876,-21.87348,-19.49523,0.32436,0.7469,1.04918,1.34196,1.51389,1.65315,1.82056,1.80131,0.11154,0.04816,0.05324,0.06085,0.15993,0.50296,0.84938,1.23675,1.48717,1.60346,2.03926,1.99626,4.64003,4.01252,3.69508,3.34395,3.1378,2.93366,2.67524,2.62022,318.4,271.5,251.27583,243.9,-1.94725,-1.11154,-0.44274
11/18/2021,24.56832,19.73606,10.06393,1.85503,4.14693,-20.31146,-19.57628,0.32889,0.7468,1.04152,1.32272,1.49026,1.62782,1.79782,1.77586,0.1014,0.04816,0.0507,0.06085,0.15739,0.50112,0.84416,1.22208,1.47171,1.58635,2.00095,1.97162,4.56624,3.9179,3.63615,3.30703,3.10558,2.93457,2.69055,2.65005,313.7,271.7,252.78734,247,-1.91492,-1.13065,-0.49838
11/19/2021,26.09347,20.8896,10.81346,2.15778,4.39312,-19.91506,-19.27493,0.34952,0.76461,1.05331,1.31071,1.45826,1.57905,1.74064,1.71314,0.10647,0.04309,0.0507,0.06085,0.16247,0.50368,0.84441,1.20257,1.43668,1.53512,1.93985,1.90589,4.33875,3.75456,3.50782,3.20778,3.02576,2.86848,2.64612,2.61891,303.3,265.1,250.40277,244.4,-1.83043,-1.11588,-0.53811
11/22/2021,22.11834,21.81036,9.94056,1.95093,5.8322,-18.81747,-17.23295,0.38931,0.84818,1.15606,1.42086,1.56732,1.68274,1.83616,1.80493,0.09126,0.04892,0.0507,0.071,0.18282,0.627,0.93797,1.32147,1.54782,1.62442,2.02433,1.97726,4.26255,3.69498,3.45287,3.1634,2.98265,2.82899,2.60237,2.57655,300,261.90082,247.04075,240.53266,-1.67853,-0.9945882,-0.4280666
11/23/2021,22.97303,21.5714,10.19245,1.33357,5.70168,-18.74432,-16.75974,0.39022,0.83701,1.15118,1.43537,1.5976,1.72039,1.88404,1.8546,0.08111,0.03042,0.04563,0.071,0.18536,0.60725,0.93547,1.33345,1.58427,1.66337,2.07144,2.0222,4.33993,3.73826,3.49017,3.19095,3.00408,2.83918,2.60473,2.57027,303.6,262.9,245.84412,239.9,-1.70255,-0.96563,-0.3768
11/24/2021,23.4808,22.64612,10.55876,1.37688,5.27309,-19.48574,-16.77588,0.41422,0.87756,1.18911,1.44879,1.59127,1.69548,1.83859,1.80214,0.07604,0.04563,0.0507,0.09637,0.21334,0.64274,0.96264,1.3432,1.5775,1.64275,2.03344,1.9699,4.4891,3.82981,3.52742,3.20503,3.0059,2.82803,2.58154,2.53554,306,262.36635,243.8863,236.8,-1.7168,-0.9809135,-0.3981
11/26/2021,23.2647,22.16939,10.87149,2.05367,4.81695,-19.45992,-17.21629,0.35069,0.74936,1.03856,1.28852,1.42648,1.53151,1.6866,1.65593,0.08872,0.04056,0.04563,0.08622,0.17772,0.51671,0.81687,1.17981,1.40594,1.48334,1.88122,1.82809,4.20004,3.59531,3.36171,3.10427,2.92408,2.76621,2.53145,2.49174,295.3,255.6,237.67542,231.92787,-1.77319,-1.07266,-0.4911887
11/29/2021,23.89795,22.9304,11.54355,2.94017,5.19047,-19.75886,-16.92654,0.34222,0.74783,1.03953,1.30008,1.45586,1.5805,1.74078,1.70948,0.08111,0.03802,0.05324,0.09129,0.19298,0.50885,0.81023,1.18464,1.42646,1.5286,1.93837,1.87875,4.30501,3.66537,3.39052,3.08182,2.90909,2.75108,2.5174,2.48072,294,254.5,238.04175,231.2,-1.75536,-1.0164,-0.43325
11/30/2021,25.51863,23.93841,12.4348,4.16639,7.19298,-18.71281,-15.90305,0.36577,0.77932,1.04867,1.26971,1.40325,1.51209,1.65974,1.62546,0.12928,0.04056,0.0507,0.09637,0.23883,0.52362,0.80894,1.14515,1.36143,1.44005,1.84681,1.78445,4.16196,3.51545,3.23682,2.95964,2.83089,2.71781,2.50056,2.48065,281,251.5,238.79625,231.8,-1.66485,-1.07495,-0.53355
12/1/2021,23.88827,23.11983,11.71579,4.35677,7.31016,-19.50305,-15.62681,0.37582,0.801,1.06572,1.27111,1.39618,1.50639,1.65501,1.62084,0.11661,0.04563,0.05577,0.09637,0.24902,0.56212,0.83452,1.15395,1.35261,1.43329,1.85004,1.77711,4.06505,3.43996,3.17133,2.88371,2.75976,2.65874,2.46136,2.45705,272.5,244,235.24316,228.3,-1.57105,-1.00671,-0.50589
12/2/2021,22.79203,21.97189,10.62713,3.48008,7.03307,-20.02483,-15.60855,0.40209,0.84551,1.11356,1.31502,1.4248,1.51805,1.65208,1.61137,0.09633,0.04816,0.05324,0.09129,0.25921,0.61759,0.89384,1.20875,1.39,1.44772,1.85233,1.76746,4.05255,3.45105,3.18023,2.89036,2.78286,2.69525,2.5179,2.50574,275.8,247.9,240.12454,233.28668,-1.54925,-1.03128,-0.5654068
12/3/2021,21.92019,22.15868,10.79006,4.06654,8.06623,-19.05078,-14.57509,0.3858,0.80946,1.06451,1.23101,1.33061,1.42111,1.56708,1.52886,0.10647,0.04309,0.05324,0.09636,0.25411,0.59026,0.84292,1.12311,1.28994,1.34045,1.75759,1.67461,4.04005,3.45501,3.18973,2.89472,2.75947,2.66285,2.47463,2.45745,275.1,244.3,234.24817,228.5,-1.62789,-1.10255,-0.61039
12/6/2021,22.32405,22.09535,11.81329,5.00856,9.06469,-17.98776,-13.49574,0.41456,0.8574,1.1275,1.33002,1.43463,1.52401,1.66358,1.62284,0.09379,0.05323,0.05831,0.11667,0.26939,0.63416,0.90655,1.21189,1.38454,1.43336,1.84346,1.7578,4.15259,3.5525,3.25582,2.91949,2.77353,2.6687,2.47158,2.44627,278.7,245,233.17559,227.5,-1.57511,-1.01664,-0.5172
12/7/2021,21.48984,17.34583,12.14455,5.86658,9.75135,-16.84876,-13.46103,0.44263,0.90311,1.17564,1.37712,1.48489,1.57683,1.70467,1.65982,0.06844,0.0583,0.06084,0.14204,0.30508,0.68821,1.00218,1.25567,1.42622,1.47932,1.87316,1.79443,4.24001,3.61253,3.31023,2.99009,2.83954,2.72957,2.51365,2.48052,285.7,250.7,235.62351,230.8,-1.60133,-1.02768,-0.51357
12/8/2021,19.49118,15.94052,10.73863,4.05652,7.4607,-18.93057,-16.76826,0.42388,0.87338,1.15809,1.36793,1.48267,1.583,1.73956,1.70661,0.06591,0.05323,0.06084,0.12682,0.28213,0.67847,0.99868,1.26054,1.4421,1.50839,1.92887,1.87429,4.2925,3.6636,3.36731,3.03837,2.88514,2.78226,2.56236,2.52979,290.6,255.6,236.78803,234.1,-1.64546,-1.04761,-0.46671
12/9/2021,20.53682,16.49726,10.86913,4.4263,7.25776,-19.38894,-18.02312,0.43666,0.89009,1.16629,1.36436,1.46512,1.55792,1.7143,1.68484,0.06591,0.0507,0.06338,0.12174,0.26174,0.68472,1.00132,1.25567,1.42086,1.48534,1.90819,1.86507,4.18254,3.53258,3.25212,2.93379,2.80034,2.71048,2.50492,2.47994,281,249.3,231.35263,229.5,-1.55433,-1.00766,-0.42993
12/10/2021,20.46214,15.71034,10.63608,5.15232,8.96709,-16.87241,-16.10604,0.4304,0.866,1.14518,1.35878,1.47229,1.57766,1.74695,1.7218,0.07097,0.05323,0.06338,0.12174,0.25919,0.66138,0.98808,1.25242,1.42077,1.48799,1.91567,1.88286,4.04761,3.44872,3.21018,2.92997,2.79259,2.69872,2.49283,2.46595,280,247.75,229.04092,228.1,-1.54758,-0.98951,-0.39814
12/13/2021,19.31358,14.9147,9.91804,4.38561,8.48436,-17.6092,-16.0451,0.41862,0.83664,1.10811,1.31254,1.41222,1.5081,1.67605,1.65106,0.04563,0.04816,0.05831,0.13189,0.25409,0.6435,0.95896,1.21336,1.36836,1.42326,1.85214,1.81151,4.0275,3.44523,3.18747,2.88385,2.75014,2.65626,2.45375,2.42864,275,243,225.46236,224,-1.53664,-1.00674,-0.42849
12/14/2021,20.52659,15.48094,9.58363,3.59312,8.28572,-17.58301,-15.94738,0.4371,0.86307,1.12832,1.32871,1.42659,1.52058,1.68558,1.65877,0.04309,0.03802,0.05831,0.12682,0.24645,0.6578,0.97351,1.23287,1.39066,1.43772,1.86141,1.81824,3.87996,3.34513,3.10253,2.83353,2.71738,2.6341,2.44604,2.41385,270,240.8,224.04779,222.6,-1.46713,-0.97028,-0.40776
12/15/2021,22.19061,16.31745,9.25999,3.05166,7.57602,-18.58084,-16.73562,0.4765,0.90532,1.15798,1.34916,1.44239,1.53569,1.70733,1.68442,0.04563,0.04563,0.05324,0.13189,0.26937,0.68324,0.99469,1.25649,1.41182,1.45989,1.89312,1.85176,3.87052,3.35608,3.1119,2.85505,2.7262,2.64623,2.46182,2.4377,272.5,242.5,226.01851,225.4,-1.46851,-0.96511,-0.40224
12/16/2021,23.86745,18.19074,9.45169,3.43919,6.80037,-20.7069,-18.77755,0.47102,0.85855,1.08782,1.26553,1.37558,1.48959,1.68698,1.67284,0.04309,0.04563,0.04563,0.13189,0.2439,0.61988,0.90591,1.17101,1.34119,1.42159,1.89405,1.86062,3.82506,3.33544,3.10296,2.857,2.73778,2.66395,2.46219,2.42792,274.2,244.9,225.19286,224.8,-1.57099,-1.02741,-0.38738
12/17/2021,24.11217,18.59342,9.25772,2.80852,5.99538,-21.28449,-19.02581,0.49686,0.88177,1.11015,1.26834,1.36146,1.46119,1.64477,1.6256,0.03802,0.04563,0.0507,0.12681,0.24899,0.63964,0.92422,1.17576,1.33337,1.40124,1.85761,1.81586,3.77997,3.30721,3.07795,2.82927,2.7097,2.63439,2.44403,2.41488,270.8,241.6,224.6256,223.4,-1.53224,-1.01476,-0.41814
12/20/2021,23.88417,18.96356,10.66255,3.9302,6.52584,-21.02479,-18.98224,0.49073,0.86751,1.0952,1.26851,1.37378,1.48265,1.67439,1.65649,0.04056,0.04056,0.06084,0.16235,0.24899,0.62867,0.90556,1.16188,1.33448,1.41739,1.88464,1.84631,3.70499,3.25979,3.05277,2.80404,2.69533,2.63177,2.45191,2.42961,268.4,241.4,225.81372,225,-1.52212,-0.99661,-0.40369
12/21/2021,24.45893,19.41391,11.22113,4.71308,7.7179,-17.4366,-17.52253,0.51602,0.91898,1.15019,1.34665,1.45474,1.56372,1.74497,1.72103,0.04056,0.04056,0.0507,0.16235,0.26427,0.67359,0.95602,1.23442,1.40748,1.48653,1.91933,1.89627,3.72752,3.26368,3.08062,2.8528,2.74978,2.69221,2.51249,2.48993,273.4,247.6,230.45959,231,-1.49958,-0.98947,-0.41373
12/22/2021,24.63664,19.64729,11.42205,4.89412,8.02207,-16.07165,-15.6159,0.52125,0.91878,1.15086,1.33765,1.43776,1.53949,1.72251,1.70048,0.04056,0.04056,0.0507,0.16235,0.25917,0.66568,0.94798,1.2197,1.38618,1.45747,1.88274,1.85652,3.76498,3.31725,3.13103,2.89728,2.78052,2.71104,2.52868,2.50268,277.6,249.6,231.5316,232.4,-1.5563,-1.03853,-0.46748
12/23/2021,23.94877,19.25565,11.10214,4.51943,7.48551,-17.11837,-16.41617,0.52998,0.93087,1.16541,1.35325,1.45887,1.56745,1.75943,1.7416,0.05323,0.04563,0.05831,0.17251,0.2821,0.68632,0.96927,1.24013,1.41214,1.49173,1.93062,1.90593,3.7138,3.2839,3.10978,2.88151,2.77145,2.7105,2.52934,2.50294,275.8,249.5,231.49584,232.4,-1.51787,-1.00327,-0.41807
12/24/2021,NA,NA,NA,NA,NA,NA,NA,NA,NA,NA,NA,NA,NA,NA,NA,NA,NA,NA,NA,NA,NA,NA,NA,NA,NA,NA,NA,NA,NA,NA,NA,NA,NA,NA,NA,NA,NA,NA,NA,#VALUE!,#VALUE!,#VALUE!
12/27/2021,18.29101,18.95297,10.57164,4.13085,7.2971,-18.29269,-16.47643,0.53565,0.94184,1.17694,1.35725,1.45201,1.55326,1.7394,1.72066,0.06083,0.0583,0.07859,0.21314,0.29483,0.758,0.98657,1.25077,1.41022,1.47984,1.9221,1.88526,3.708,3.30337,3.13369,2.91903,2.8087,2.74552,2.56163,2.53308,279.6,253.4,235.86109,235.58702,-1.54523,-1.05416,-0.4706102
12/28/2021,18.81013,19.38786,8.70931,3.89571,6.94449,-18.55212,-17.13236,0.53597,0.93613,1.16702,1.34754,1.445,1.55017,1.74553,1.73047,0.05069,0.04056,0.05577,0.20298,0.38932,0.74803,0.97314,1.26045,1.40604,1.48073,1.93105,1.90179,3.6926,3.30265,3.13889,2.91931,2.80261,2.7325,2.54888,2.51964,280.8,253,234.74313,235.1,-1.54755,-1.04927,-0.44921
12/29/2021,19.7421,20.3424,9.27538,3.57632,7.06385,-18.58736,-16.79228,0.54222,0.94545,1.18325,1.38645,1.49722,1.61248,1.80356,1.78533,0.04056,0.04056,0.0507,0.19282,0.38166,0.74803,0.97983,1.2937,1.46146,1.54184,1.98943,1.95325,3.71673,3.34185,3.2229,3.00309,2.8722,2.78865,2.59432,2.55472,289.2,258.6,238.53865,238.6,-1.5983,-1.04416,-0.43275
12/30/2021,19.14355,20.00567,9.56897,3.39413,6.50759,-19.93773,-18.15235,0.52772,0.93116,1.16845,1.36892,1.4725,1.57976,1.76365,1.74259,0.03042,0.0507,0.03549,0.18774,0.37144,0.73817,0.96638,1.27265,1.43798,1.5143,1.96276,1.92396,3.73217,3.34275,3.19995,2.99497,2.87223,2.80198,2.60835,2.57002,290.5,261.5,241.37067,241.2,-1.63235,-1.1007,-0.48804
12/31/2021,19.41261,20.20797,9.64919,2.57823,6.12421,-18.01064,-18.30024,0.52426,0.92568,1.15815,1.35439,1.45485,1.5587,1.7308,1.70442,0.05323,0.0507,0.05577,0.18774,0.37909,0.7302,0.95551,1.25728,1.4286,1.49719,1.91074,1.88732,3.69759,3.34804,3.19851,2.99178,2.85113,2.76883,2.56797,2.52197,290.9,259,235.73839,236.64693,-1.65172,-1.09281,-0.4791493
1/3/2022,18.72233,19.68559,9.10743,1.94488,5.74839,-19.35575,-19.21141,0.53863,0.97192,1.22787,1.45891,1.5756,1.68635,1.85349,1.82369,0.04563,0.05323,0.05323,0.20298,0.3893,0.7847,1.03101,1.36783,1.55615,1.62886,2.04705,2.0158,3.76542,3.41951,3.26379,3.06473,2.9194,2.81611,2.61547,2.56982,298.5,264,240.47259,240.73848,-1.61717,-1.01114,-0.3915848
1/4/2022,19.07429,19.43001,8.56541,1.67184,4.88671,-20.88032,-20.74991,0.52975,0.95364,1.21452,1.45844,1.59203,1.71448,1.89602,1.86975,0.04309,0.04563,0.0862,0.21822,0.37652,0.7629,1.02022,1.37278,1.57531,1.66561,2.10482,2.07725,3.79997,3.43246,3.27315,3.05368,2.89941,2.78477,2.58647,2.54334,297.992,261.59784,237.87654,238.33526,-1.60714,-0.9503684,-0.3061026
1/5/2022,19.86106,20.15137,9.18181,1.9218,5.5493,-19.70961,-19.47225,0.58178,1.02612,1.2867,1.52351,1.64903,1.75801,1.92387,1.89197,0.04563,0.04563,0.0862,0.22838,0.40206,0.82759,1.08524,1.43172,1.62984,1.70253,2.12097,2.0867,3.8289,3.40765,3.22694,2.95799,2.82252,2.71242,2.51931,2.4812,288.8,254.25,231.08983,231,-1.45628,-0.83997,-0.2233
1/6/2022,18.74659,19.09307,9.24625,2.57486,6.49443,-16.47936,-17.27546,0.61577,1.06815,1.33336,1.56861,1.69356,1.79751,1.95522,1.91978,0.04056,0.0507,0.09127,0.23855,0.43272,0.88058,1.14236,1.47611,1.66778,1.73254,2.12,2.09253,3.80013,3.37235,3.1524,2.89456,2.76749,2.66983,2.49549,2.44602,282.7,250.2,226.54715,227.1,-1.35089,-0.76946,-0.17847
1/7/2022,20.49156,20.35497,9.77032,3.03785,6.41338,-17.73203,-17.64316,0.60858,1.07401,1.35721,1.60216,1.73104,1.83231,1.97909,1.93878,0.04563,0.04563,0.09634,0.23854,0.41226,0.86909,1.15366,1.50446,1.70066,1.76817,2.15641,2.11521,3.74761,3.34469,3.14233,2.89498,2.77838,2.69297,2.52462,2.47953,282,251.8,230.56369,229.7434,-1.31554,-0.74983,-0.182224
1/10/2022,20.60055,20.01539,10.18041,3.77018,6.94386,-17.06986,-17.01168,0.63061,1.1094,1.39766,1.63775,1.75722,1.84835,1.98228,1.93852,0.04563,0.04563,0.11156,0.26904,0.44293,0.90339,1.19751,1.53595,1.71952,1.77891,2.15298,2.10864,3.81118,3.38476,3.15742,2.89247,2.77138,2.68577,2.51068,2.4678,282,251.2,230.22387,228.4,-1.28405,-0.73309,-0.17536
1/11/2022,20.39852,15.56145,9.57971,3.28524,7.16688,-16.64068,-15.37936,0.62903,1.10156,1.37262,1.60218,1.72045,1.81704,1.95808,1.91813,0.04056,0.04563,0.11663,0.27413,0.44036,0.89757,1.21677,1.50638,1.6876,1.74537,2.12448,2.07192,3.93294,3.49056,3.25739,2.98329,2.84229,2.74121,2.55408,2.50702,291.7,257.5,235.42653,232.7,-1.41062,-0.82963,-0.25508
1/12/2022,18.98862,14.53604,8.04187,2.10563,5.7234,-19.23249,-17.07999,0.63098,1.09572,1.3597,1.57209,1.68587,1.78151,1.93414,1.90077,0.03549,0.04056,0.1217,0.27412,0.44803,0.90583,1.2141,1.49167,1.66481,1.72427,2.12646,2.07157,3.86562,3.45016,3.21406,2.92777,2.78281,2.67877,2.49475,2.45175,285.9,251,230.21216,227.3,-1.36733,-0.78573,-0.20143
1/13/2022,19.93147,15.50827,8.31886,2.46439,5.86208,-19.61268,-17.30784,0.64145,1.09751,1.35354,1.56353,1.67336,1.76716,1.91567,1.8801,0.03549,0.04563,0.1217,0.28429,0.44802,0.89798,1.19812,1.48025,1.64865,1.70849,2.11177,2.05316,3.7252,3.33063,3.13573,2.87004,2.73111,2.62894,2.45409,2.41303,281.5,246.4,227.47378,223.8,-1.33475,-0.75551,-0.18484
1/14/2022,19.49469,16.77987,8.88089,2.59559,6.09826,-20.05783,-17.84651,0.67471,1.16075,1.42892,1.63412,1.74153,1.83176,1.97377,1.93505,0.04056,0.0507,0.12677,0.29953,0.48892,0.9658,1.26112,1.54531,1.71557,1.77077,2.17435,2.11351,3.71998,3.33508,3.14583,2.88458,2.74433,2.63777,2.45659,2.41851,283.2,247.4,228.56727,224.6,-1.28669,-0.70323,-0.13249
1/18/2022,19.31512,15.3848,8.86177,2.61754,6.06503,-20.63734,-18.53478,0.73439,1.23257,1.50494,1.73725,1.84472,1.92785,2.04785,2.0003,0.04056,0.06084,0.04563,0.37584,0.54778,1.03942,1.35109,1.64863,1.81854,1.8672,2.25422,2.18565,3.73497,3.34245,3.15565,2.89052,2.75875,2.65445,2.4777,2.43853,284.3,249.2,231.06382,226.61345,-1.19437,-0.6248,-0.0804845
1/19/2022,17.92619,15.38117,8.35998,1.82352,5.16308,-20.29949,-19.18374,0.71548,1.20276,1.47017,1.69408,1.7985,1.87781,1.99523,1.94596,0.03549,0.07605,0.04563,0.36058,0.53753,1.0235,1.31636,1.61048,1.78026,1.82618,2.19822,2.1378,3.71002,3.30485,3.09676,2.83386,2.7069,2.60872,2.43875,2.39303,278.2,244,225.38131,221.3,-1.17152,-0.61382,-0.0752
1/20/2022,17.91325,15.27995,8.34446,2.56009,5.20183,-19.88378,-18.37759,0.73566,1.22958,1.49353,1.70079,1.80419,1.88546,2.00438,1.95625,0.04563,0.07098,0.04563,0.36566,0.56569,1.05045,1.34073,1.61735,1.77859,1.83344,2.20322,2.14003,3.67267,3.28729,3.09002,2.83003,2.71058,2.61379,2.43954,2.39257,278,244.5,225.06476,220.5,-1.16265,-0.61156,-0.06497
1/21/2022,18.32137,15.85938,8.88744,2.87426,6.23598,-19.55663,-17.69811,0.70794,1.17543,1.42985,1.63513,1.7305,1.8089,1.93104,1.8846,0.03549,0.07605,0.04563,0.35548,0.54774,0.9912,1.27126,1.54626,1.70176,1.74654,2.12661,2.06158,3.64,3.26446,3.06246,2.81892,2.70541,2.61991,2.44879,2.40748,276,236,226.26867,221.5,-1.21374,-0.61346,-0.15342
1/24/2022,13.92983,13.76032,8.06928,2.16513,5.90796,-20.61112,-18.21423,0.68884,1.1233,1.36862,1.59384,1.70109,1.7933,1.93971,1.90156,0.04056,0.09126,0.18258,0.38093,0.55029,0.984,1.23102,1.51315,1.67944,1.73422,2.14582,2.0837,3.61886,3.2853,3.10043,2.87687,2.76463,2.67672,2.50055,2.45947,281.3,241.8,230.60343,226.2,-1.29985,-0.68378,-0.1783
1/25/2022,13.5014,13.51127,6.61078,2.21849,5.98828,-20.05113,-18.00723,0.71545,1.16135,1.40933,1.64143,1.75154,1.84394,1.9879,1.94936,0.04563,0.09126,0.18766,0.38602,0.65055,1.02634,1.27422,1.57239,1.72936,1.78406,2.18841,2.12943,3.63488,3.3275,3.14007,2.90045,2.77805,2.68318,2.48153,2.43199,283.3,242.2,227.33382,223.2,-1.26061,-0.63794,-0.10257
1/26/2022,13.86682,14.55749,7.20454,2.4733,6.3534,-19.45578,-17.52959,0.75818,1.22749,1.48476,1.71716,1.82318,1.90755,2.03479,1.98965,0.03549,0.09633,0.19781,0.37584,0.67623,1.08882,1.33919,1.64511,1.79845,1.84402,2.22935,2.16495,3.66284,3.32488,3.13215,2.87995,2.76377,2.67376,2.4739,2.42967,281,241,228.18634,223.1,-1.16489,-0.56598,-0.06605
1/27/2022,12.80856,13.221,6.40919,2.10235,6.14097,-19.4092,-16.51568,0.83973,1.32126,1.5502,1.72731,1.80564,1.86887,1.976,1.92549,0.03549,0.13183,0.1978,0.42673,0.74563,1.19317,1.41799,1.66322,1.78462,1.80746,2.17009,2.09065,3.52003,3.26513,3.0898,2.86125,2.75207,2.66488,2.4712,2.4213,280.6,241.6,228.74433,222.5,-1.14278,-0.60854,-0.13435
1/28/2022,14.74658,15.04207,7.43119,3.16859,7.13836,-18.38192,-16.49917,0.84833,1.31906,1.53406,1.69692,1.77881,1.85071,1.9656,1.91737,0.02028,0.1014,0.18765,0.43181,0.74815,1.17128,1.38343,1.62248,1.74702,1.77925,2.14937,2.08233,3.54751,3.27681,3.11876,2.90515,2.7884,2.69417,2.49794,2.44755,285.3,245.3,229.42097,224.01288,-1.23052,-0.67375,-0.1577988
1/31/2022,14.71988,14.99012,7.44541,3.31756,7.14389,-19.22663,-17.29311,0.85895,1.31118,1.52014,1.69056,1.7773,1.85264,1.97149,1.92438,0.03549,0.13184,0.22318,0.50313,0.76615,1.16372,1.37006,1.61599,1.74404,1.78114,2.16372,2.09728,3.54998,3.26387,3.11027,2.91644,2.80062,2.70755,2.51249,2.46487,287,247,231.50457,226,-1.25401,-0.68886,-0.16272
2/1/2022,15.09575,14.29598,6.98439,2.21966,6.05904,-20.23531,-18.15668,0.85393,1.31507,1.5228,1.69164,1.78055,1.8597,1.98671,1.9421,0.03549,0.11155,0.18766,0.47766,0.77128,1.16411,1.37982,1.62178,1.75834,1.79909,2.18905,2.12366,3.52958,3.24004,3.07794,2.87701,2.76406,2.66972,2.47166,2.42385,283.7,244.1,227.64688,222.6,-1.21522,-0.64191,-0.10234
2/2/2022,15.20679,14.77844,7.13204,2.60344,6.38899,-18.92332,-17.40594,0.8384,1.30672,1.51294,1.67027,1.75404,1.82924,1.96169,1.91889,0.03042,0.10648,0.19273,0.4522,0.74039,1.15452,1.36506,1.59888,1.72796,1.76531,2.1509,2.09293,3.55642,3.24622,3.07053,2.86422,2.74406,2.64301,2.45647,2.40221,283.8,243.3,224.94969,220.6,-1.23912,-0.66769,-0.11307
2/3/2022,15.84334,14.71793,6.97698,2.2243,6.10472,-19.48296,-18.19735,0.87752,1.3494,1.56162,1.72951,1.81285,1.88633,2.00872,1.96237,0.02535,0.10648,0.1978,0.47256,0.76095,1.1909,1.4144,1.65971,1.79059,1.82527,2.20354,2.14434,3.56323,3.21715,3.03514,2.81613,2.70357,2.61049,2.42005,2.37271,280.5,240.3,222.28482,217.9,-1.14529,-0.57773,-0.03466
2/4/2022,16.95286,15.2159,7.92924,3.38913,6.86395,-19.32828,-18.4641,0.99792,1.49058,1.70191,1.86576,1.93876,1.99976,2.10195,2.04808,0.03549,0.12169,0.22825,0.54897,0.87163,1.321,1.54971,1.78644,1.90485,1.93111,2.29523,2.23272,3.60505,3.24745,3.04637,2.81993,2.70335,2.60955,2.4136,2.3643,281.5,241.2,223.00493,218.3,-1.02856,-0.48089,0.04972
2/7/2022,17.84182,15.49696,8.12288,3.45688,6.85969,-19.76928,-19.04275,0.98046,1.47279,1.68305,1.84543,1.92016,1.98355,2.08287,2.02719,0.03549,0.12676,0.2181,0.54386,0.85872,1.29538,1.52808,1.7642,1.88559,1.91495,2.28056,2.21762,3.59498,3.22512,3.02961,2.80129,2.69277,2.60727,2.41307,2.37128,279.75,241.1,223.5428,219.031,-1.0333,-0.49605,0.02731
2/8/2022,17.45813,12.7481,8.17162,3.50586,6.86251,-19.27314,-18.94634,1.00429,1.515,1.72798,1.88923,1.96238,2.02363,2.11885,2.06077,0.03042,0.16988,0.28155,0.59234,0.88447,1.34042,1.6005,1.80751,1.92732,1.955,2.31158,2.25023,3.59348,3.22376,3.0217,2.8111,2.70236,2.6156,2.43206,2.39627,281.1,242.8,226.05306,221.5,-1.00349,-0.473,0.03523
2/9/2022,17.33131,12.41076,7.99688,3.75759,7.40969,-19.73045,-19.64233,1.01182,1.52045,1.73257,1.87933,1.94198,1.99902,2.09296,2.03486,0.03295,0.17748,0.27901,0.57959,0.8793,1.34714,1.60846,1.79936,1.9044,1.92492,2.29026,2.23128,3.64193,3.25572,3.04316,2.81534,2.7111,2.62792,2.44102,2.40202,281.7,244.3,226.77814,222.4,-1.01764,-0.51808,0.00728
2/10/2022,20.24339,13.75843,8.88021,4.54839,8.48018,-19.51793,-18.96243,1.24372,1.76169,1.93716,2.03027,2.0726,2.11328,2.17848,2.10979,0.05577,0.27387,0.3958,0.73776,1.09623,1.55926,1.79958,1.94147,2.02712,2.02848,2.37366,2.29941,4.04498,3.43204,3.15921,2.86491,2.749,2.65144,2.45154,2.40048,286,245.9,226.76441,221.3,-0.91853,-0.43052,0.08641
2/11/2022,20.99843,13.17927,8.58786,3.58753,7.51506,-21.67795,-21.43414,1.2292,1.72402,1.87201,1.9493,1.98475,2.02529,2.1016,2.0389,0.0507,0.25104,0.37294,0.69177,1.02373,1.51404,1.74022,1.86342,1.94887,1.95014,2.31838,2.25324,4.17186,3.52605,3.23238,2.90617,2.76873,2.66125,2.44746,2.38373,289,246,223.90545,219,-1.02658,-0.50986,0.06324
2/14/2022,19.62089,12.96032,8.82604,4.05993,7.93375,-21.46528,-21.26816,1.26714,1.78287,1.93728,2.00548,2.03578,2.07467,2.1499,2.08727,0.02535,0.22314,0.03042,0.76842,1.08575,1.58666,1.80768,1.91722,1.99518,1.99533,2.36455,2.29995,4.40668,3.67009,3.34849,3.00001,2.84163,2.70741,2.47693,2.39752,299,251,226.77241,220.5,-1.07278,-0.51467,0.09495
2/15/2022,20.02309,13.48933,8.99694,4.40407,8.23405,-20.37761,-20.48938,1.23555,1.76837,1.93068,2.02421,2.07288,2.1266,2.21515,2.15531,0.02028,0.20285,0.03042,0.71735,1.05986,1.56814,1.79579,1.93424,2.02884,2.04426,2.41893,2.3602,4.32069,3.63201,3.30478,2.96492,2.81665,2.69439,2.47318,2.40922,294.6,248.7,226.29393,221.175,-1.01176,-0.44274,0.14845
2/16/2022,20.5128,13.65252,8.43899,3.73818,7.39973,-18.84318,-20.25631,1.20485,1.73212,1.90013,2.00122,2.05654,2.1183,2.2169,2.16061,0.02028,0.20285,0.03042,0.67651,1.03398,1.52699,1.7636,1.91683,2.01916,2.0443,2.40532,2.36317,4.34089,3.63376,3.30008,2.94747,2.80042,2.68252,2.45619,2.39377,294,248,228.81025,221.02989,-1.02317,-0.4357,0.1528711
2/17/2022,21.50046,14.19944,8.50502,4.14857,7.70219,-19.34273,-19.67971,1.19202,1.69151,1.84773,1.93333,1.98578,2.04979,2.16478,2.1152,0.04563,0.21299,0.03042,0.64078,1.00295,1.47651,1.70574,1.84828,1.94429,1.97277,2.35825,2.312,4.35504,3.67916,3.29181,2.92863,2.77649,2.6486,2.41276,2.34648,294,245.5,223.77607,216.02983,-1.09172,-0.48223,0.1517017
2/18/2022,19.86645,14.04956,8.26424,3.58981,7.51826,-19.97037,-19.0318,1.16914,1.66927,1.8226,1.90484,1.94886,2.00462,2.11001,2.05787,0.03042,0.20284,0.02535,0.64073,0.98735,1.47061,1.6821,1.82219,1.91296,1.92943,2.30977,2.24819,4.33449,3.65978,3.28041,2.922,2.76649,2.63473,2.40239,2.34004,293.2,244.1,224.99743,212.5,-1.10981,-0.51157,0.12319
2/22/2022,17.19376,13.75967,8.10235,4.0088,8.23984,-19.66828,-19.10582,1.25591,1.75594,1.88765,1.94449,1.98047,2.0292,2.11986,2.06109,0.01521,0.20285,0.36534,0.74288,1.1745,1.584,1.75006,1.86347,1.94038,1.9468,2.31659,2.25215,4.40092,3.69504,3.32661,2.96563,2.80385,2.66705,2.42649,2.35585,297.7,247.2,226.79459,214.2,-1.11353,-0.5252,0.11015
2/23/2022,17.28217,13.42674,8.81371,4.51712,8.31593,-19.98187,-19.14569,1.25451,1.77144,1.91175,1.97417,2.01184,2.05956,2.14464,2.08235,0.01014,0.18256,0.35518,0.73267,1.15116,1.59862,1.77748,1.88602,1.96666,1.97639,2.34447,2.2738,4.59888,3.81919,3.46223,3.09493,2.91165,2.75291,2.48746,2.3916,309.5,254.3,229.41452,216.9,-1.20898,-0.56661,0.1048
2/24/2022,18.29964,14.499,9.34857,4.63992,8.6031,-22.66367,-20.46982,1.20185,1.72639,1.87783,1.94549,1.99455,2.05643,2.14746,2.08692,0.00507,0.17241,0.31455,0.65098,1.07598,1.5438,1.73283,1.852,1.9489,1.97031,2.37498,2.29159,4.70757,3.87527,3.51961,3.14994,2.95841,2.792,2.51768,2.42762,315,257.2,232.40139,218.5,-1.298,-0.60169,0.10659
2/25/2022,19.79365,14.74347,9.82838,4.48201,8.69889,-21.85806,-20.25415,1.25711,1.7826,1.92453,1.9815,2.02066,2.07045,2.1559,2.09196,0.04563,0.18255,0.3247,0.69177,1.1225,1.58466,1.7771,1.88322,1.97584,1.98346,2.37448,2.2945,4.61998,3.8374,3.48438,3.11947,2.94575,2.79021,2.53031,2.45061,310.8,255.9,233.45726,220.3,-1.22478,-0.57554,0.0915
2/28/2022,18.48913,13.43793,9.84465,4.65092,8.80223,-23.08523,-21.14978,1.13117,1.61307,1.74879,1.81735,1.86504,1.92611,2.02653,1.96833,0.05577,0.22314,0.36026,0.68672,1.00342,1.42733,1.61384,1.71855,1.81828,1.83791,2.25728,2.17976,4.7826,3.95652,3.58703,3.2098,3.03499,2.87921,2.61253,2.53622,319.5,264.3,241.51048,228.5,-1.47645,-0.80509,-0.10524
3/1/2022,11.77784,7.36934,7.1098,3.09021,7.00919,-27.33167,-23.9548,1.00459,1.42072,1.53977,1.62221,1.69211,1.7789,1.91246,1.86504,0.08112,0.23329,0.32471,0.58978,0.87947,1.30294,1.46608,1.55111,1.66121,1.70881,2.18578,2.10459,4.99168,4.08498,3.6883,3.27252,3.07953,2.90873,2.64949,2.57127,323.5,265,242.89662,230,-1.68389,-0.94119,-0.19541
3/2/2022,13.68189,9.36378,7.8176,4.54711,8.95494,-25.16464,-22.35902,1.18299,1.64779,1.76627,1.82925,1.88399,1.95329,2.06536,2.00772,0.11154,0.21299,0.33486,0.6663,1.04473,1.50997,1.67263,1.75107,1.83852,1.86374,2.31701,2.23131,5.09944,4.11742,3.75477,3.35374,3.16098,2.98871,2.7359,2.64997,332.5,274.5,252.2649,239,-1.57393,-0.88126,-0.15869
3/3/2022,17.9992,12.19517,9.14154,5.88482,9.10688,-25.54157,-23.68278,1.26735,1.71498,1.80566,1.8277,1.86871,1.93411,2.04597,1.98804,0.14196,0.21299,0.35009,0.66119,1.06023,1.53499,1.68371,1.73628,1.80986,1.84304,2.30139,2.22487,4.88196,3.96042,3.61769,3.2788,3.09903,2.94427,2.69481,2.61803,326,271.3,248.99715,236.3,-1.52372,-0.86996,-0.13813
3/4/2022,19.0923,12.43007,9.74409,6.48837,9.28905,-28.95219,-27.24181,1.27569,1.67982,1.73191,1.72488,1.75227,1.81424,1.93059,1.87494,0.15717,0.21299,0.3247,0.65095,1.02393,1.4889,1.60761,1.62744,1.68739,1.72135,2.22011,2.14736,5.03215,4.04962,3.67225,3.28919,3.10013,2.93458,2.67151,2.59531,326.3,270,243.315,234,-1.63556,-0.97865,-0.19264
3/7/2022,18.08945,11.85808,8.45604,4.70737,8.62028,-32.40512,-29.95262,1.32387,1.72712,1.7865,1.7747,1.78834,1.83481,1.92396,1.85063,0.16224,0.24344,0.36534,0.69185,1.042,1.54723,1.66792,1.69014,1.74127,1.74861,2.24801,2.15016,5.19003,4.19002,3.79386,3.40128,3.20722,3.04131,2.77083,2.69257,338,281,256.98496,244.5,-1.68986,-1.06139,-0.29484
3/8/2022,19.82315,10.59073,7.70729,4.87383,8.44188,-30.81625,-29.85538,1.39595,1.82525,1.89113,1.88113,1.90572,1.95418,2.03624,1.94279,0.14196,0.24851,0.36534,0.72247,1.08077,1.62803,1.78522,1.80406,1.85698,1.86976,2.3444,2.24134,5.46255,4.39503,3.97208,3.52436,3.31585,3.12997,2.85682,2.78254,351.7,292,269.90645,256,-1.71294,-1.05024,-0.31866
3/9/2022,19.59136,10.96983,7.70405,4.98389,8.79579,-27.09602,-27.13844,1.41801,1.87167,1.95516,1.9553,1.98255,2.03499,2.12578,2.03007,0.14196,0.26373,0.38057,0.73267,1.11439,1.67576,1.84546,1.87826,1.93271,1.94703,2.39674,2.30145,5.08522,4.22221,3.81942,3.42923,3.23307,3.06948,2.798,2.727,344.3,287.7,264.82905,251.7,-1.56474,-0.92997,-0.21555
3/10/2022,20.71133,11.37465,8.42858,4.56348,8.56092,-27.32642,-28.60094,1.48265,1.9247,2.00908,2.02218,2.04484,2.093,2.19643,2.1056,0.13182,0.25358,0.38057,0.73776,1.14284,1.71759,1.89533,1.93789,1.99921,2.00739,2.46969,2.39161,5.22001,4.34377,3.90871,3.48648,3.26294,3.07485,2.79455,2.71479,351,288.5,262.00785,250.7,-1.57211,-0.87761,-0.11539
3/11/2022,21.32918,12.40826,8.74592,4.41822,8.6173,-26.60447,-27.48874,1.50807,1.96132,2.04505,2.04705,2.05566,2.09103,2.18258,2.08842,0.17238,0.27387,0.38563,0.73771,1.16086,1.74905,1.92097,1.95959,2.01148,2.00486,2.44862,2.36331,5.59499,4.60502,4.11225,3.57942,3.34335,3.14869,2.86303,2.77877,362.5,297.5,270.973,259.5,-1.66541,-0.97014,-0.23169
3/14/2022,22.30514,13.40928,9.33749,4.18418,9.01628,-24.7661,-25.34759,1.57891,2.06958,2.17141,2.18412,2.19559,2.22938,2.31701,2.221,0.22563,0.31448,0.46694,0.83996,1.22045,1.84653,2.03732,2.09075,2.15375,2.13922,2.56467,2.47448,5.51802,4.56666,4.08516,3.55625,3.32178,3.12882,2.84914,2.77877,360,295.5,272.71917,261,-1.50925,-0.81578,-0.13552
3/15/2022,22.22555,13.60477,8.96396,4.40832,9.40567,-23.51835,-24.33609,1.58362,2.07873,2.18734,2.20241,2.21705,2.25299,2.35059,2.25918,0.20281,0.31447,0.46186,0.83996,1.21522,1.85623,2.05113,2.11267,2.17289,2.15888,2.58574,2.50252,5.41431,4.49507,4.0068,3.47501,3.22742,3.02062,2.74186,2.67003,352,285.7,261.89237,251.5,-1.40733,-0.69812,-0.01248
3/16/2022,22.96194,14.02321,10.03015,6.17916,11.17889,-19.92897,-19.87437,1.66362,2.19537,2.30055,2.29392,2.28717,2.29755,2.36185,2.25746,0.22816,0.35253,0.44661,0.84507,1.28264,1.9657,2.16028,2.1936,2.22536,2.18574,2.56112,2.45619,5.25548,4.32149,3.88593,3.37455,3.1399,2.96745,2.68729,2.62577,341.7,280.5,258.69331,247.2,-1.2234,-0.61926,-0.01581
3/17/2022,23.86417,13.59459,8.91424,5.15465,10.63586,-20.40915,-18.86137,1.63244,2.17818,2.28021,2.2576,2.26531,2.29755,2.38786,2.2951,0.19521,0.25611,0.38564,0.78884,1.21773,1.93954,2.14426,2.16846,2.21376,2.19119,2.59195,2.48371,5.58098,4.62173,4.12689,3.57348,3.31425,3.10979,2.82186,2.74506,362.1,294.6,270.02431,258.5,-1.45254,-0.75481,-0.10129
3/18/2022,25.23976,14.38852,9.4516,6.26917,11.12087,-19.28747,-17.49596,1.66306,2.20718,2.29465,2.23643,2.23365,2.25795,2.33462,2.24189,0.21295,0.30685,0.40595,0.80411,1.2202,1.95478,2.15076,2.14191,2.17096,2.14674,2.52749,2.41685,5.61843,4.61991,4.1315,3.57595,3.30335,3.08742,2.78195,2.70259,359.6,290,263.46456,252,-1.45409,-0.75326,-0.10315
3/21/2022,26.01084,14.13665,8.86398,5.34497,10.73795,-18.77658,-16.21073,1.8156,2.3899,2.48198,2.42735,2.41237,2.42327,2.47428,2.37224,0.20788,0.34493,0.51777,0.93202,1.27203,2.12988,2.34067,2.33875,2.35894,2.31591,2.66205,2.53435,5.74995,4.70017,4.18319,3.60322,3.32092,3.09198,2.78666,2.71351,365.1,293.2,268.06977,255.1,-1.31225,-0.61609,-0.01665
3/22/2022,24.72829,12.97575,7.92253,3.45165,9.07954,-19.24882,-16.80354,1.8246,2.39895,2.49998,2.46606,2.45312,2.46599,2.52154,2.42355,0.1521,0.32462,0.49743,0.94225,1.58347,2.15159,2.37017,2.3868,2.41857,2.37517,2.71401,2.59157,5.7482,4.68745,4.16827,3.58425,3.31061,3.09722,2.79766,2.72634,363.8,293.6,267.99427,256,-1.2512,-0.56083,0.03157
3/23/2022,24.56057,12.93425,6.95004,2.45449,7.97225,-20.20303,-17.48461,1.80164,2.35747,2.44902,2.40879,2.39202,2.39953,2.44499,2.34443,0.11154,0.28402,0.49234,0.90644,1.50768,2.11178,2.31963,2.33923,2.36742,2.31976,2.64699,2.51925,5.91,4.80251,4.25678,3.64652,3.35844,3.14267,2.84678,2.7571,369.4,297.5,270.82364,258.7,-1.35477,-0.65524,-0.06775
3/24/2022,27.59554,13.76641,7.34173,2.92286,8.17576,-18.40656,-16.43682,1.8543,2.39798,2.48403,2.44615,2.42436,2.42164,2.45307,2.34621,0.14196,0.22821,0.50758,0.932,1.54942,2.12307,2.34637,2.37279,2.39513,2.33987,2.63713,2.51076,5.94502,4.76951,4.22905,3.63407,3.34223,3.12446,2.80671,2.69849,369.4,296.7,266.48988,254.1,-1.32121,-0.62713,-0.03024
3/25/2022,25.25953,13.16036,7.67245,3.161,8.19061,-19.68108,-16.43885,1.95402,2.55067,2.66721,2.64996,2.6066,2.5735,2.56133,2.43856,0.16731,0.31446,0.52789,0.98309,1.65384,2.29807,2.53561,2.57331,2.57499,2.49161,2.75814,2.60314,6.00005,4.82945,4.27588,3.6674,3.36306,3.13576,2.8103,2.70461,371.9,297.2,266.44951,253.7,-1.14569,-0.48039,0.06614
3/28/2022,22.50994,13.99315,8.54892,4.22025,8.89458,-19.89247,-16.87795,1.99659,2.6061,2.71534,2.64752,2.59966,2.56409,2.53379,2.40283,0.17238,0.36015,0.58385,1.06514,1.67733,2.381,2.57541,2.56203,2.55746,2.47514,2.73271,2.57161,5.85969,4.78751,4.24817,3.65119,3.36718,3.16118,2.83662,2.73259,369,298,268.56068,254.5,-1.12797,-0.50486,0.02661
3/29/2022,21.18482,13.55921,7.3511,2.81408,8.35781,-20.2483,-17.01818,1.94465,2.56139,2.667,2.55847,2.50732,2.48251,2.47498,2.35305,0.1521,0.31447,0.56859,1.03953,1.65892,2.34954,2.53141,2.48496,2.47918,2.39893,2.67746,2.52323,5.57248,4.53222,4.03284,3.48011,3.23042,3.05874,2.76364,2.67024,351.90562,288,260.5731,248.5,-1.0340962,-0.48107,0.03823
3/30/2022,20.84324,13.84677,6.70081,1.89665,7.1052,-20.82963,-18.01012,1.91628,2.53656,2.63427,2.51276,2.45618,2.42805,2.42069,2.29957,0.11154,0.31447,0.54825,1.01904,1.61698,2.32639,2.49578,2.44574,2.43726,2.35699,2.62898,2.47967,5.50247,4.48486,4.01371,3.49014,3.24487,3.07578,2.77513,2.68217,353,289,260.38079,248.7,-1.08426,-0.53301,-0.00733
3/31/2022,22.12298,14.52836,5.42673,0.79034,5.23701,-23.08143,-20.3171,1.90428,2.50743,2.59982,2.47329,2.41033,2.37665,2.36503,2.24179,0.16985,0.36268,0.52028,1.01901,1.61168,2.2872,2.45454,2.41904,2.40244,2.32429,2.59587,2.44496,5.30857,4.33004,3.87937,3.41409,3.1935,3.04983,2.7543,2.66875,345.5,286.5,259.21214,248,-1.03596,-0.54071,-0.03504
4/1/2022,20.83937,13.51537,5.81101,1.76664,5.99516,-23.31541,-22.09337,1.98627,2.63943,2.74449,2.60586,2.50715,2.43387,2.35345,2.20133,0.16224,0.36521,0.51772,1.05989,1.68472,2.43104,2.60934,2.54777,2.4895,2.37393,2.58665,2.42227,5.31231,4.36513,3.88549,3.37798,3.1591,3.0111,2.72429,2.645,340.3,282.1,256.7886,245,-0.85523,-0.44707,-0.02773
4/4/2022,21.71361,13.24259,4.78053,0.81425,5.33251,-23.66973,-21.71158,1.99617,2.64434,2.73832,2.6023,2.51859,2.46406,2.40329,2.25649,0.17238,0.39061,0.66522,1.12158,1.69511,2.42619,2.60589,2.55451,2.51046,2.41074,2.64003,2.47361,5.27997,4.36004,3.86524,3.36751,3.15675,3.01883,2.74029,2.66231,338.5,282.5,258.79215,247.1,-0.83049,-0.41426,0.00261
4/5/2022,21.79346,12.9627,4.53137,-0.47614,4.5539,-22.90809,-21.26584,2.05838,2.72078,2.82666,2.73916,2.66009,2.59898,2.52461,2.36895,0.16731,0.39568,0.66012,1.14206,1.73432,2.50273,2.69696,2.6938,2.66482,2.55342,2.75371,2.5816,5.21844,4.32523,3.86068,3.38877,3.17786,3.04125,2.75497,2.67882,340.5,285,260.91071,249,-0.7112,-0.29658,0.0916
4/6/2022,22.69343,14.78521,4.57688,-0.60348,4.16992,-23.08689,-20.99937,2.06846,2.7271,2.82881,2.74906,2.69076,2.64862,2.57956,2.42123,0.18252,0.3906,0.67537,1.13689,1.74734,2.49999,2.68084,2.70322,2.69674,2.60688,2.81041,2.63121,5.12501,4.25502,3.81286,3.36699,3.16119,3.02873,2.74265,2.66702,337.7,284,258.62086,248.2,-0.67378,-0.23312,0.14921
4/7/2022,23.52117,14.29203,4.60242,-1.22823,3.68831,-22.36714,-19.83369,2.063,2.69571,2.79348,2.73576,2.70772,2.69,2.64352,2.48921,0.15717,0.42613,0.68045,1.13173,1.73153,2.4605,2.65056,2.68974,2.72,2.65311,2.86719,2.68755,5.10756,4.26754,3.79206,3.35574,3.15426,3.03124,2.74408,2.66753,336.7,284,258.44241,248,-0.67726,-0.18689,0.20755
4/8/2022,25.50694,14.9131,6.3175,1.16597,5.81377,-21.35036,-17.38772,2.10465,2.77275,2.87874,2.81868,2.79231,2.7714,2.72824,2.57135,0.20281,0.47688,0.69058,1.14701,1.76272,2.51768,2.72961,2.75551,2.78065,2.71326,2.94174,2.74523,5.34113,4.37737,3.90232,3.43859,3.22389,3.08247,2.78979,2.71198,343.5,288.5,264.15076,252.2,-0.67949,-0.17174,0.22323
4/11/2022,25.21219,12.53133,6.53881,1.16198,6.40649,-19.15271,-16.0427,2.11621,2.75885,2.86931,2.85089,2.84478,2.84415,2.81623,2.65925,0.21295,0.49215,0.75171,1.22409,1.77836,2.5057,2.74374,2.7855,2.83316,2.78008,3.00775,2.81968,5.37124,4.4224,3.95144,3.49497,3.27237,3.1188,2.82512,2.74632,349,292.5,266.95735,256,-0.7045,-0.14492,0.25968
4/12/2022,24.51796,12.82865,5.85882,0.65407,4.78517,-22.09114,-17.82477,2.0519,2.63314,2.73003,2.73094,2.74471,2.77293,2.78747,2.64736,0.1876,0.48199,0.74661,1.18305,1.70495,2.38796,2.60185,2.67235,2.73816,2.72507,3.00838,2.8256,5.31285,4.38716,3.89854,3.42746,3.21775,3.0762,2.79151,2.72231,342,288,264.578,253.6,-0.74765,-0.15493,0.2896
4/13/2022,26.57522,13.90122,5.56946,1.24964,4.88601,-21.99862,-18.36442,2.05787,2.60884,2.69903,2.69957,2.7115,2.73779,2.75148,2.61102,0.20788,0.48706,0.75168,1.17279,1.67871,2.33991,2.55831,2.64271,2.69814,2.68831,2.9712,2.79464,5.34496,4.35816,3.85539,3.38131,3.16847,3.02917,2.74835,2.6863,336.1,282.8,259.70619,249.5,-0.71829,-0.13969,0.29964
4/14/2022,26.72048,14.44872,5.33107,1.48286,4.85365,-22.54528,-19.77738,2.13006,2.71327,2.80976,2.81345,2.83023,2.85652,2.86402,2.71846,0.33467,0.54543,0.77197,1.21367,1.73071,2.4415,2.66323,2.75895,2.81449,2.80731,3.0891,2.92422,5.34843,4.40214,3.91283,3.46107,3.25213,3.10986,2.83098,2.76752,344,291,267.9599,258.81939,-0.68105,-0.10269,0.3360261
4/18/2022,26.52867,14.24489,5.33106,1.48285,4.85365,-22.54528,-19.77738,2.12881,2.72464,2.82635,2.84835,2.87637,2.90992,2.91209,2.75417,0.3651,0.58357,0.83315,1.26515,1.76989,2.45935,2.68379,2.79505,2.86155,2.86138,3.13754,2.95199,5.39968,4.41924,3.93677,3.49059,3.28392,3.14423,2.86436,2.80301,346.3745,293.81095,272.05267,261.29695,-0.668695,-0.0767295,0.3390205
4/19/2022,26.16121,15.38746,6.47496,3.09805,6.32104,-22.39454,-19.80609,2.20215,2.83544,2.94496,2.95281,2.96146,2.97704,2.9544,2.79064,0.30424,0.56833,0.83823,1.28569,1.94305,2.57383,2.79098,2.88807,2.93049,2.91383,3.17835,2.98875,5.36552,4.43523,3.94763,3.48745,3.28482,3.14931,2.87058,2.81175,346.24653,294.8,273.70997,262.3,-0.5743953,-0.03417,0.36575
4/20/2022,27.27984,16.74138,6.35912,2.25245,5.59896,-21.71021,-19.94265,2.24191,2.85018,2.94475,2.9191,2.89903,2.8909,2.84849,2.67554,0.31438,0.58863,0.81784,1.27542,1.94041,2.57738,2.77734,2.85551,2.87651,2.83491,3.06559,2.87501,5.38505,4.44222,3.95033,3.49067,3.28208,3.13984,2.85829,2.79825,346.7,294,272.10814,261.2,-0.61149,-0.10509,0.26301
4/21/2022,29.61299,18.62429,6.31084,2.05809,5.34715,-23.391,-21.07571,2.37902,2.98775,3.07691,3.04065,3.00073,2.96977,2.9033,2.72141,0.42599,0.58355,0.81783,1.30618,2.01674,2.69162,2.89067,2.97754,2.98015,2.9163,3.13721,2.93217,5.57392,4.59588,4.09992,3.63489,3.39828,3.22869,2.93366,2.86134,362.5,303.5,280.80429,268,-0.64746,-0.1187,0.25217
4/22/2022,30.51581,18.36297,6.7884,2.43494,5.64977,-24.13045,-21.36431,2.46282,3.01956,3.07773,3.01491,2.98013,2.96196,2.90817,2.72949,0.44627,0.62923,0.82286,1.32658,2.06916,2.7144,2.8941,2.94703,2.95578,2.90546,3.14947,2.94313,5.54986,4.59403,4.0944,3.60926,3.36758,3.19373,2.89644,2.82629,338.3,299.5,276.58438,264,-0.43597,-0.08954,0.30313
4/25/2022,29.54982,18.62244,6.2755,2.18527,5.24524,-23.99284,-22.25961,2.39617,2.92438,2.99182,2.9226,2.8916,2.87896,2.84468,2.67098,0.40061,0.57335,0.82284,1.41414,2.02156,2.62888,2.8056,2.85985,2.86975,2.82651,3.08461,2.89358,5.36183,4.48015,3.98717,3.51462,3.28896,3.13129,2.83763,2.7737,329.1,292,268.65321,258,-0.43115,-0.09349,0.31358
4/26/2022,27.62679,19.07414,7.38399,3.4719,6.56508,-24.08141,-21.96292,2.36857,2.85271,2.91348,2.87092,2.84489,2.83674,2.81845,2.6488,0.32959,0.55303,0.81265,1.3833,1.97139,2.57628,2.72274,2.79708,2.81017,2.77109,3.05926,2.86843,5.34658,4.44149,3.96561,3.48603,3.25254,3.08509,2.77897,2.71478,326.3,287.4,264.13364,252.6,-0.46592,-0.10291,0.34243
4/27/2022,29.28008,20.0711,8.10995,3.95461,7.46089,-22.92427,-21.08001,2.37451,2.86857,2.93182,2.89086,2.88164,2.89199,2.87084,2.69703,0.32452,0.57841,0.81263,1.36788,1.96338,2.57562,2.73111,2.80973,2.84209,2.81738,3.10008,2.90783,5.36476,4.47178,4.00014,3.5137,3.27704,3.10369,2.79815,2.73103,329.5,289,266.42515,253.6,-0.48527,-0.07262,0.37183
4/28/2022,32.41101,21.89524,10.59888,6.24267,9.1033,-21.26295,-20.01373,2.46941,2.97456,3.03566,2.98745,2.96242,2.95374,2.91168,2.72781,0.2941,0.58862,0.79226,1.36269,2.00542,2.64632,2.81436,2.88005,2.899,2.86197,3.12407,2.92771,5.42983,4.55756,4.10289,3.6063,3.36873,3.19153,2.88091,2.80706,340.2551,298.5,274.78622,261.5,-0.522501,-0.12303,0.31271
4/29/2022,33.43377,22.33079,10.49868,6.11606,9.42684,-22.09093,-20.42481,2.53647,3.0385,3.08277,3.01822,2.99022,2.9792,2.93191,2.74107,0.31438,0.65971,0.82273,1.3985,2.06043,2.69838,2.85661,2.91157,2.92782,2.88402,3.15235,2.94517,5.35673,4.4967,4.04723,3.54411,3.29343,3.12138,2.8197,2.7503,333,291,270.06769,255.7,-0.41843,-0.02598,0.38817
5/2/2022,33.60033,21.52407,9.69511,4.12034,8.09728,-25.52766,-23.37018,2.53008,3.06674,3.13917,3.10577,3.08544,3.07638,3.0219,2.82659,0.37525,0.66985,0.7871,1.39845,2.06822,2.73014,2.92384,3.00879,3.04421,2.99538,3.27721,3.06033,5.24999,4.41498,3.95844,3.44495,3.2122,3.05296,2.76347,2.70085,322,282.8,263.33754,249.5,-0.21121,0.16738,0.56533
5/3/2022,32.22513,20.20625,8.90439,3.26564,7.52909,-23.89725,-23.589,2.56613,3.09193,3.14859,3.09114,3.05428,3.03185,2.97003,2.76887,0.41582,0.75124,0.9146,1.4399,2.11031,2.76914,2.94649,3.00208,3.02165,2.95654,3.20904,3.00481,5.15502,4.36634,3.92151,3.44103,3.2152,3.062,2.78179,2.72724,321.6,283.7,264.37298,252.1,-0.21392,0.11954,0.48381
5/4/2022,35.20231,23.04178,9.96093,5.20775,8.4664,-24.95117,-23.56111,2.47677,2.96613,3.02761,2.99186,2.9893,2.99861,2.96253,2.76523,0.43611,0.75122,0.88403,1.39872,2.00476,2.61361,2.79715,2.89222,2.93721,2.91393,3.21203,3.00089,5.19695,4.43629,3.95845,3.48115,3.26177,3.11,2.83379,2.77495,325.5,288.5,270.26422,257,-0.36278,0.02893,0.43089
5/5/2022,33.60942,21.0553,8.63937,3.28601,7.44022,-26.38972,-24.82859,2.53799,3.05892,3.12674,3.1101,3.12131,3.14149,3.11316,2.91203,0.41585,0.65974,0.84328,1.34214,2.03625,2.72283,2.91619,3.02371,3.08845,3.06709,3.37706,3.16032,5.12323,4.31763,3.88336,3.46119,3.24675,3.10624,2.83495,2.78503,323.5,287.5,271.12404,258,-0.21129,0.19209,0.58032
5/6/2022,32.98717,19.35525,7.75003,2.34487,6.13625,-28.32527,-25.77874,2.51397,3.02484,3.10486,3.12219,3.15194,3.18486,3.16518,2.96155,0.45642,0.68003,0.83813,1.34713,1.98326,2.69497,2.91131,3.04469,3.12849,3.1235,3.44843,3.21934,5.24358,4.41956,3.94349,3.48444,3.26465,3.12002,2.84668,2.78853,324.2,288,270.95906,258.1,-0.19731,0.2435,0.63834
5/9/2022,29.65339,15.87046,5.73937,0.61336,4.93299,-29.86874,-27.84316,2.43412,2.91489,2.99441,3.03961,3.08095,3.12655,3.13291,2.92792,0.49699,0.70542,0.89935,1.41414,1.93583,2.61836,2.83571,2.98222,3.07482,3.07722,3.4316,3.20635,4.98203,4.1762,3.74409,3.32984,3.13216,3.01756,2.76209,2.71827,308.5,277,262.92543,250.7,-0.10278,0.30722,0.69935
5/10/2022,28.53053,14.30707,6.05696,1.36448,6.03214,-26.68196,-25.99621,2.45138,2.90689,2.97379,2.97705,3.00982,3.05211,3.07321,2.86722,0.50713,0.75124,0.89933,1.409,1.93835,2.62158,2.83067,2.91648,2.99618,2.99179,3.34003,3.12718,4.75996,3.98504,3.58348,3.18636,3.01214,2.91387,2.67777,2.6512,293.5,265.5,254.38525,243.5,-0.01852,0.33679,0.69218
5/11/2022,28.34265,14.88272,5.73212,1.92892,7.4052,-26.90718,-26.302,2.48181,2.91131,2.96038,2.93292,2.95159,2.9828,2.99024,2.77767,0.52235,0.7004,0.9044,1.409,1.93037,2.62788,2.81151,2.8756,2.9323,2.90875,3.25931,3.04069,4.93737,4.07201,3.64708,3.25631,3.0809,2.98387,2.74222,2.71995,301,272.5,262.11278,252,-0.1344,0.18375,0.52069
5/12/2022,28.75647,13.9117,6.09179,2.91553,8.5291,-26.21654,-22.47569,2.43238,2.80882,2.85086,2.84131,2.86362,2.90165,2.94015,2.74374,0.56299,0.76137,0.93493,1.4038,1.87774,2.52126,2.71179,2.78039,2.83446,2.81638,3.20232,2.9685,4.83004,4.00078,3.56658,3.16371,2.99019,2.90197,2.66796,2.65345,291.5,263.2,254.17684,244.6,-0.13461,0.18438,0.5225
5/13/2022,28.96017,14.01978,5.63042,2.2529,7.9043,-27.39933,-23.41087,2.49968,2.88508,2.93258,2.94066,2.96866,3.01119,3.04994,2.85687,0.68475,0.78673,0.9705,1.42934,1.93521,2.59548,2.79238,2.88436,2.94613,2.93215,3.32393,3.09098,5.0425,4.20269,3.76215,3.33619,3.14029,3.02676,2.77769,2.74926,307.5,274.3,263.4582,253.8,-0.19064,0.18915,0.55298
5/16/2022,28.35436,12.79741,4.18277,1.21313,6.9822,-29.12925,-25.14703,2.49067,2.85022,2.87246,2.86054,2.89323,2.94662,3.01321,2.83209,0.62891,0.83258,1.01122,1.51701,1.99818,2.56668,2.74449,2.81871,2.8811,2.8768,3.3045,3.08356,5.15004,4.2573,3.75858,3.29731,3.10227,2.98863,2.74051,2.71822,305.1,271.1,259.99868,251.7,-0.23229,0.1658,0.56656
5/17/2022,28.29169,13.1689,3.53505,0.06848,6.38361,-27.68057,-25.42883,2.57278,2.97905,3.01198,2.97979,2.99396,3.03248,3.09317,2.90754,0.55787,0.85798,1.06235,1.5376,2.0612,2.69613,2.88029,2.94444,2.99328,2.96864,3.36998,3.16183,5.16998,4.26098,3.78964,3.32971,3.12429,3.00853,2.75521,2.72923,309.2,273.6,259.58975,253.38652,-0.14756,0.23264,0.6279648
5/18/2022,28.20259,13.75179,3.27556,0.74528,6.14533,-26.49225,-26.47186,2.55976,2.94832,2.9739,2.92243,2.92105,2.94458,2.98958,2.80528,0.43611,0.83255,1.02665,1.51701,2.15419,2.66629,2.83638,2.88967,2.9136,2.88313,3.25455,3.07,5.17978,4.24528,3.78094,3.31999,3.12058,3.01699,2.77232,2.75467,308,275.2,260.17303,255.13392,-0.19033,0.13113,0.5186608
5/19/2022,30.16833,14.74581,3.62741,1.0976,6.54423,-27.96703,-26.18384,2.55741,2.91213,2.92344,2.88323,2.88707,2.91961,2.97133,2.80283,0.57821,0.85286,1.03172,1.49637,2.10649,2.61045,2.77598,2.84696,2.87609,2.85416,3.25105,3.06467,5.13496,4.16509,3.69278,3.22676,3.03162,2.93229,2.67697,2.64878,298.9,266.73374,249.71382,244.39138,-0.14204,0.1868226,0.6207562
5/20/2022,29.06644,13.94613,2.92151,0.42752,5.90454,-28.99976,-27.05304,2.546,2.87131,2.8687,2.83441,2.82544,2.84468,2.88869,2.72425,0.55789,0.85788,1.01635,1.47561,2.06916,2.58065,2.72925,2.8052,2.82117,2.78563,3.17877,2.99478,5.16979,4.15851,3.6441,3.13706,2.94575,2.85176,2.6041,2.57594,289,257.8,241.25172,236.57082,-0.0848,0.20763,0.6290718
5/23/2022,28.94543,13.6127,2.24223,-0.67133,5.13222,-30.39702,-27.05113,2.57676,2.91295,2.92454,2.89783,2.88938,2.90907,2.95347,2.7942,0.51222,0.87326,1.07767,1.55826,2.07432,2.6235,2.7884,2.8754,2.89609,2.85774,3.25745,3.06471,5.16722,4.16039,3.66771,3.18889,2.99507,2.90349,2.65129,2.62031,294,262.8,246.53013,240.91823,-0.0646,0.22974,0.6555277
5/24/2022,27.45914,14.01011,2.60639,-0.40595,5.61467,-29.36558,-25.65928,2.48895,2.79251,2.8005,2.78091,2.78344,2.8148,2.86657,2.71448,0.48684,0.84273,1.05725,1.49649,1.9951,2.518,2.66044,2.75487,2.78751,2.75866,3.1603,2.97108,5.12766,4.10839,3.62274,3.15042,2.95781,2.86303,2.61652,2.58834,289.3,258.3,241.59069,237.22124,-0.13813,0.17566,0.5988676
5/25/2022,28.15994,15.50563,4.00502,0.6323,6.72121,-26.20599,-22.72325,2.48258,2.78196,2.78542,2.75297,2.76657,2.81337,2.88349,2.73669,0.52235,0.85796,1.06742,1.49649,1.99499,2.5,2.63012,2.71277,2.76014,2.74608,3.14557,2.96389,5.14473,4.12722,3.63607,3.1563,2.96013,2.8575,2.60462,2.57139,290.5,257.5,238.66188,234.4,-0.19223,0.17108,0.61989
5/26/2022,31.03308,16.88805,5.50092,2.71403,7.8287,-26.27383,-21.5702,2.5015,2.79623,2.79888,2.77166,2.78725,2.83509,2.91913,2.77507,0.62896,0.85286,1.0521,1.49643,1.97908,2.4859,2.63,2.71665,2.7601,2.7568,3.1819,2.99077,5.12432,4.18595,3.69928,3.24301,3.04695,2.94381,2.67813,2.6287,299.1,265,243.80904,238.5,-0.27435,0.1068,0.60577
5/27/2022,31.76201,16.59592,4.98091,1.28634,7.52513,-26.81035,-22.16178,2.50533,2.81359,2.82169,2.78416,2.78634,2.82295,2.89898,2.75389,0.68981,0.88328,1.06726,1.50647,1.99181,2.49698,2.65573,2.73435,2.77348,2.7477,3.16708,2.97551,5.12739,4.18953,3.72776,3.27125,3.06918,2.96152,2.69088,2.63571,299.6,265.5,244.35642,238.7,-0.26165,0.0927,0.58851
5/31/2022,35.13238,18.06674,5.1613,1.09965,8.19064,-26.89828,-21.12559,2.63266,2.90373,2.89858,2.86478,2.87898,2.92728,2.99856,2.8451,0.71517,0.93934,1.12352,1.56301,2.05756,2.53933,2.70956,2.80798,2.86408,2.84226,3.266,3.05534,5.17515,4.23703,3.75523,3.29136,3.09581,2.98932,2.71659,2.66419,300,267.7,248.17821,242.01227,-0.19202,0.16526,0.6352173
6/1/2022,34.80793,16.91721,4.08946,0.31267,7.39797,-26.01361,-21.05347,2.70157,3.02484,3.02681,2.98571,2.98281,3.00774,3.03922,2.86641,0.7456,0.95458,1.12349,1.61999,2.12602,2.66187,2.84835,2.93908,2.97541,2.93045,3.29776,3.07588,5.25473,4.29417,3.77662,3.28585,3.08451,2.97641,2.71094,2.6665,299.2,266.9,250.38825,243.7,-0.05292,0.26145,0.63888
6/2/2022,36.86091,18.09136,4.553,1.15277,7.97945,-25.24488,-20.48038,2.69209,3.00911,3.00375,2.95552,2.95987,2.99465,3.04243,2.87054,0.76081,0.98506,1.13874,1.62507,2.13117,2.63669,2.82058,2.9085,2.94725,2.91403,3.29452,3.07506,5.24195,4.28557,3.78121,3.29265,3.09431,2.98856,2.73297,2.69742,299.9,268.3,254.18665,247.6,-0.0905,0.23103,0.59906
6/3/2022,37.62774,18.07632,5.07549,1.39968,8.00129,-25.30038,-21.26318,2.70142,3.04199,3.04337,2.99984,3.00228,3.03429,3.07943,2.89968,0.83194,1.02567,1.16412,1.64546,2.15455,2.66571,2.86261,2.94909,2.98828,2.95428,3.33243,3.11231,5.38947,4.41739,3.86497,3.36866,3.17084,3.06072,2.81443,2.78117,307,276.2,263.68207,257.5,-0.12091,0.19228,0.53731
6/6/2022,37.33479,18.52031,5.59612,1.72118,8.57908,-24.77587,-20.45866,2.73881,3.10566,3.1235,3.09018,3.0927,3.1229,3.16956,2.98539,0.86745,1.0409,1.25616,1.74371,2.1993,2.73231,2.9383,3.03422,3.07549,3.03711,3.41732,3.18998,5.3486,4.37825,3.85379,3.37639,3.18116,3.07939,2.82513,2.78899,308.9,278.5,266.05433,258.8,-0.05478,0.25211,0.60198
6/7/2022,35.35057,17.17841,5.52628,1.85116,8.10422,-25.05383,-20.95715,2.73286,3.08714,3.09628,3.03639,3.0271,3.05002,3.09333,2.91109,0.8522,1.03578,1.23571,1.73855,2.20709,2.73363,2.9245,2.98113,3.00859,2.96898,3.34387,3.12066,5.36334,4.37982,3.84492,3.35949,3.15579,3.05372,2.79465,2.75793,306.7,276,262.98522,256.28406,-0.08587,0.20898,0.5578194
6/8/2022,34.75275,17.3461,4.99836,1.53269,7.37602,-25.86285,-21.8788,2.75997,3.12043,3.13068,3.08115,3.07519,3.10077,3.14218,2.95894,0.86233,1.04592,1.25607,1.75919,2.2413,2.7729,2.95722,3.03117,3.05986,3.02701,3.40081,3.17773,5.43129,4.42317,3.89474,3.37499,3.16655,3.06326,2.806,2.75957,308.5,277.2,263.44154,256.5835,-0.05383,0.25501,0.611895
6/9/2022,37.91695,19.34423,5.98805,1.924,7.2883,-26.50897,-22.18587,2.82998,3.19354,3.1946,3.12315,3.10203,3.11379,3.13463,2.94702,0.9437,1.1275,1.27133,1.80038,2.29404,2.81437,3.00116,3.06327,3.08279,3.04091,3.39972,3.16888,5.48716,4.48,3.93573,3.39793,3.187,3.07249,2.81259,2.7607,310.3,277.5,263.76425,256.2,-0.03973,0.26591,0.60688
6/10/2022,38.00024,19.1685,4.47868,0.46918,6.40625,-27.46135,-23.93068,3.05127,3.42757,3.41494,3.29628,3.24298,3.2205,3.17324,2.9567,1.01471,1.21898,1.34262,1.94982,2.51614,3.04757,3.22326,3.25149,3.23829,3.15644,3.44785,3.19601,5.85239,4.68474,4.08769,3.4646,3.22838,3.08915,2.81171,2.74472,316.6,278.8,264.20529,254.56517,0.08549,0.36844,0.6503583
6/13/2022,38.22371,17.85367,5.29445,1.27474,7.07551,-26.72742,-23.77197,3.254,3.66101,3.64094,3.53137,3.47197,3.44014,3.36863,3.12981,1.10608,1.41784,1.62896,2.18827,2.79803,3.27877,3.4624,3.47843,3.45922,3.36938,3.6359,3.36753,5.94073,4.72885,4.08844,3.43591,3.19374,3.06124,2.78599,2.72073,314.5,276,263.38676,252.2,0.33343,0.60938,0.84553
6/14/2022,36.63825,17.08333,5.56755,1.26234,7.59291,-27.67059,-26.14448,3.49327,3.80041,3.76054,3.65249,3.59533,3.55792,3.43904,3.1701,1.13651,1.50439,1.76182,2.39052,3.15839,3.43403,3.58971,3.59681,3.58271,3.48199,3.71575,3.43154,5.5924,4.29117,3.75094,3.21873,3.01765,2.93504,2.70079,2.65868,291.5,262.5,257.77106,245.5,0.68181,0.85699,0.97654
6/15/2022,37.30033,16.83922,4.76618,-0.61219,6.17807,-30.20185,-28.78719,3.39338,3.64697,3.60087,3.51742,3.47464,3.45448,3.37205,3.11812,1.11616,1.49414,1.74128,2.25564,2.97532,3.27351,3.43216,3.46956,3.48061,3.39259,3.674,3.40594,5.67743,4.43274,3.8842,3.3179,3.10768,3.01382,2.75326,2.68896,302.8,272,265.20535,250.89915,0.44156,0.67259,0.8969485
6/16/2022,45.00761,18.4105,3.8121,-1.35,5.25361,-31.20563,-30.34497,3.39994,3.6072,3.54418,3.41017,3.36958,3.35645,3.30158,3.05617,1.09605,1.45332,1.56742,2.21404,2.89185,3.15712,3.36007,3.37205,3.38308,3.30391,3.61364,3.35962,5.64488,4.32539,3.77151,3.19706,3.00233,2.92496,2.69458,2.66396,291,264,258.25579,249.4,0.46205,0.66391,0.86562
6/17/2022,43.24675,18.61036,4.36716,-0.68096,6.61865,-28.48358,-27.64316,3.38486,3.59522,3.52542,3.38199,3.32714,3.3041,3.25783,3.01608,1.1467,1.47346,1.58248,2.21351,2.87217,3.16275,3.33932,3.33832,3.33395,3.23791,3.54267,3.29251,5.37129,4.19154,3.65566,3.13907,2.94222,2.89039,2.67138,2.63694,283.3,259.4,253.76639,245.2,0.50532,0.64391,0.84051
6/21/2022,40.06817,17.32819,4.10337,-1.11509,6.843,-28.58527,-27.03475,3.41348,3.59801,3.52694,3.41936,3.38017,3.37282,3.35375,3.11741,1.01465,1.44325,1.64933,2.44764,2.9202,3.19633,3.3537,3.37835,3.39133,3.3044,3.63961,3.38776,5.39167,4.20241,3.68222,3.16345,2.96727,2.91621,2.69928,2.66783,287.1,262.10105,257.78205,249.34702,0.50735,0.6833895,0.8942898
6/22/2022,39.53319,16.56505,4.23479,-0.21477,7.67019,-26.90304,-24.95625,3.31746,3.45015,3.36048,3.26803,3.23328,3.23188,3.22249,2.99193,0.92325,1.39735,1.61859,2.37495,2.77536,3.05489,3.19488,3.22571,3.23544,3.15518,3.49152,3.24149,5.21789,4.05141,3.56065,3.05703,2.87502,2.8411,2.63098,2.60864,277.2,255.2,253.00364,244.5,0.45371,0.60318,0.79649
6/23/2022,37.14212,16.23364,3.6633,-0.61899,7.17443,-28.38099,-25.1545,3.29758,3.38277,3.27532,3.16998,3.13502,3.1401,3.14924,2.92811,1.01479,1.43295,1.61341,2.40594,2.7698,3.01138,3.113,3.13335,3.1412,3.06835,3.43304,3.17965,5.02488,3.94265,3.50185,3.03851,2.84062,2.79104,2.58339,2.56242,276.4,251,249.51519,241,0.36935,0.55835,0.76965
6/24/2022,33.70974,16.01674,4.51921,0.42845,8.48365,-27.73537,-23.30543,3.28443,3.39287,3.30303,3.22041,3.19339,3.20841,3.23502,3.02402,1.13658,1.48371,1.63874,2.45736,2.80125,3.05577,3.14286,3.17521,3.1891,3.12356,3.51237,3.25707,5.12237,4.04909,3.58053,3.11554,2.91643,2.86457,2.64797,2.60846,284.5,257.7,253.27993,245.1,0.33021,0.54656,0.80607
6/27/2022,33.34942,15.06168,3.21363,-0.65856,7.80512,-27.9503,-24.07378,3.31826,3.44049,3.3636,3.28712,3.25941,3.27025,3.28091,3.06283,1.12131,1.54012,1.7619,2.52593,2.87059,3.1081,3.21298,3.25498,3.26599,3.19219,3.56041,3.30357,5.08981,4.00882,3.55028,3.09984,2.90288,2.8488,2.63711,2.60087,282.5,255.9,250.55389,244.6,0.42998,0.63319,0.85757
6/28/2022,32.55822,15.13034,3.6368,-0.90359,7.63905,-27.83845,-24.1528,3.33263,3.44839,3.37017,3.29831,3.27196,3.28281,3.29171,3.0695,1.06034,1.52477,1.74136,2.53615,2.85966,3.1218,3.21887,3.26194,3.281,3.20642,3.57009,3.31103,4.98302,3.9351,3.48837,3.05623,2.8589,2.80239,2.60041,2.56932,276.7,249.5,243.00613,239.7,0.49494,0.71142,0.91403
6/29/2022,34.64598,15.6428,4.22073,-0.38723,8.271,-26.49877,-23.15462,3.34805,3.39826,3.28321,3.19358,3.1647,3.17466,3.19651,2.97966,1.03493,1.51452,1.7515,2.50998,2.84873,3.05172,3.12673,3.15134,3.16854,3.09192,3.46148,3.2112,4.78625,3.80018,3.36607,2.95056,2.75545,2.71105,2.51219,2.48401,266.3,239,228.85458,228.8,0.48834,0.70192,0.9232
6/30/2022,31.578,13.02013,3.63372,-0.4204,7.74192,-27.62416,-23.02396,3.2533,3.24174,3.10916,3.03883,3.02501,3.05053,3.10116,2.89111,1.11637,1.4737,1.6594,2.47864,2.77902,2.92596,2.97896,3.00248,3.0292,2.9731,3.3774,3.12135,4.4898,3.57,3.21339,2.87525,2.69453,2.65893,2.45523,2.41235,261.3,234.9,222.25524,222.5,0.38948,0.6241,0.89635
7/1/2022,30.97659,12.08544,3.51972,-0.28019,7.993,-29.15736,-23.37737,3.23242,3.1518,2.9941,2.93028,2.93588,2.9822,3.08587,2.89473,1.25844,1.62627,1.66932,2.48316,2.71414,2.84203,2.87325,2.89507,2.93867,2.90226,3.37744,3.1285,4.58495,3.66186,3.27577,2.91123,2.72332,2.67826,2.46274,2.4127,264,236.2,222.28164,222.39621,0.25507,0.54026,0.9045379
7/5/2022,27.43518,10.80875,3.30358,-1.0582,7.73,-31.0623,-23.81914,3.18467,3.08866,2.92561,2.84833,2.84689,2.88634,2.98718,2.79373,1.24823,1.61651,1.87437,2.55677,2.73527,2.81433,2.81754,2.8153,2.85748,2.80904,3.29781,3.03192,4.24693,3.44015,3.10608,2.81509,2.65437,2.63979,2.43854,2.39627,254.7,232.1,222.73998,220.5,0.2683,0.48804,0.82692
7/6/2022,26.90604,10.34872,3.41954,-0.35359,8.23703,-34.18047,-25.96987,3.27233,3.22888,3.08004,2.98182,2.96817,2.99288,3.06318,2.85796,1.26851,1.61134,1.87939,2.56197,2.75907,2.95889,2.97662,2.94767,2.97174,2.91053,3.405,3.11767,4.03504,3.32058,3.03391,2.77246,2.62491,2.61856,2.43019,2.38695,250.5,230.1,223.93305,219.7,0.44267,0.60953,0.92067
7/7/2022,27.45682,10.00834,3.33909,-0.54698,8.946,-30.80897,-25.35789,3.34996,3.31326,3.16376,3.08652,3.07408,3.09606,3.1502,2.94114,1.41613,1.67753,1.92023,2.59819,2.84161,3.03972,3.06368,3.05313,3.07955,3.00659,3.45828,3.19472,4.02001,3.35033,3.04917,2.80111,2.66572,2.63626,2.44399,2.398,255.4,233.4,224.8432,221.3,0.49913,0.67259,0.98172
7/8/2022,28.74757,10.0126,3.70031,-0.1263,9.11566,-30.27557,-25.07689,3.43176,3.4066,3.2574,3.17655,3.16686,3.19017,3.23365,3.01741,1.47186,1.81492,1.91481,2.62363,2.93716,3.11912,3.15727,3.13955,3.16812,3.09901,3.5364,3.26817,4.06246,3.44246,3.14417,2.89972,2.7496,2.68747,2.48258,2.42921,264.2,238.5,228.34875,224.3,0.49755,0.71401,1.02517
7/11/2022,26.24793,7.77766,1.89742,-0.97262,8.33176,-29.02597,-24.66314,3.38255,3.33013,3.17828,3.06826,3.05334,3.07333,3.13973,2.93246,1.54802,1.88111,2.13053,2.74933,2.96903,3.06765,3.1005,3.04929,3.06307,2.99,3.42998,3.17909,3.93502,3.35962,3.08784,2.85273,2.7091,2.64201,2.43773,2.38396,258.4,233.2,222.20679,218.9,0.46529,0.658,0.99009
7/12/2022,24.41652,5.65714,0.84267,-1.54887,7.76698,-28.28707,-24.63371,3.34566,3.28504,3.13484,3.02281,3.01018,3.03437,3.09851,2.88939,1.54287,1.9014,2.16115,2.74412,3.08293,3.04191,3.07827,3.01438,3.02567,2.95669,3.38137,3.13572,3.56003,3.14014,2.9414,2.77986,2.66207,2.6223,2.43491,2.39445,252.1,231.6,220.26428,218.19868,0.49338,0.64069,0.9537332
7/13/2022,25.87978,6.08662,0.67842,-1.20705,8.24682,-30.2582,-24.10848,3.54553,3.40213,3.1997,3.02442,2.98434,2.98752,3.0366,2.82573,1.67491,1.96249,2.37123,2.91095,3.20156,3.14023,3.13883,3.01764,2.99641,2.90505,3.33918,3.06681,3.6403,3.16985,2.97032,2.79429,2.6736,2.62871,2.44655,2.40775,253.9,232.5,224.13747,219.9,0.47864,0.58005,0.86781
7/14/2022,27.99039,7.43538,0.81033,-1.61732,7.93295,-29.1382,-25.13713,3.53798,3.4234,3.22975,3.06982,3.03298,3.03699,3.07135,2.85142,1.6037,2.09581,2.36082,2.88986,3.16351,3.14246,3.15537,3.0617,3.04914,2.95765,3.36272,3.10279,3.56666,3.16005,2.9781,2.81789,2.70214,2.6528,2.46647,2.42423,257.9,234.9496,224.14295,221.3,0.4827,0.608154,0.88979
7/15/2022,26.34424,7.29314,-0.42955,-2.94802,7.09199,-30.47959,-26.56444,3.48746,3.39598,3.2176,3.04688,3.00013,2.99997,3.03988,2.82764,1.86832,2.1822,2.3091,2.85789,3.09265,3.13254,3.14465,3.05116,3.0296,2.92904,3.34467,3.09328,3.74747,3.26689,3.0536,2.85116,2.74053,2.6804,2.49461,2.44645,260,236.46323,225.58923,222.9,0.45116,0.5644077,0.86428
7/18/2022,24.64722,8.30654,-0.87147,-3.47331,6.75842,-32.41721,-26.925,3.48614,3.4042,3.23613,3.05938,3.02034,3.02623,3.07326,2.86446,1.91399,2.15745,2.44851,2.98403,3.14086,3.15773,3.15305,3.06809,3.05507,2.95864,3.39743,3.13371,3.94007,3.38948,3.14957,2.9112,2.77912,2.69494,2.50521,2.45326,266.5,238,229.37206,223.7,0.40309,0.57864,0.89671
7/19/2022,24.76792,8.33222,-1.38724,-3.91716,6.59857,-31.82686,-26.95295,3.53282,3.47669,3.31413,3.13535,3.08716,3.08318,3.11463,2.90672,1.83763,2.17264,2.46888,3.00491,3.18909,3.22901,3.23079,3.14921,3.12632,3.01718,3.43289,3.17625,4.02852,3.46236,3.20937,2.95068,2.81516,2.71994,2.52461,2.46757,269.7,240,229.81335,224.8,0.45221,0.61718,0.92825
7/20/2022,24.11561,8.25643,-1.16015,-3.61791,7.03062,-30.76315,-25.30268,3.55291,3.49037,3.32882,3.165,3.11395,3.10524,3.12305,2.91478,1.84771,2.18783,2.46358,2.99447,3.19959,3.24921,3.24626,3.1766,3.15013,3.03493,3.43068,3.16781,4.01965,3.45726,3.205,2.94044,2.80415,2.70757,2.50837,2.44643,268.5,239,227.55714,221.67932,0.4916,0.64493,0.9510168
7/21/2022,24.02162,8.63128,-0.8935,-2.78324,7.34942,-31.30501,-24.76041,3.45161,3.33466,3.15661,2.9983,2.96718,2.98043,3.01745,2.82299,2.01104,2.17749,2.43263,2.95768,3.10237,3.09444,3.0703,3.00724,2.99501,2.90694,3.3305,3.07059,3.84471,3.32343,3.0769,2.83471,2.71729,2.63498,2.44773,2.40002,258.6,232,223.82073,216.5,0.42124,0.58694,0.90559
7/22/2022,22.03903,7.6331,-0.8564,-2.86033,7.15939,-31.07499,-24.44906,3.36359,3.21026,3.01947,2.86319,2.83229,2.852,2.92829,2.75061,2.08191,2.18731,2.43727,2.93088,3.01559,2.98987,2.94314,2.87175,2.86089,2.78041,3.23904,2.9951,3.79018,3.29308,3.0647,2.83618,2.7156,2.63121,2.44719,2.40813,257.9,234.5,224.34367,217.8,0.29275,0.43541,0.8171
7/25/2022,23.28531,8.32905,-0.0109,-2.42814,7.59003,-32.14058,-25.16769,3.41996,3.2653,3.06508,2.89941,2.86982,2.89465,2.97104,2.79635,2.04191,2.20853,2.51525,2.93752,3.06906,3.03244,2.98179,2.89952,2.8941,2.81875,3.29245,3.04803,3.89004,3.3649,3.11499,2.87122,2.75222,2.66946,2.47887,2.4287,260.5,236.7,226.39215,219.2,0.29452,0.45175,0.85603
7/26/2022,23.51929,8.74036,1.45058,-1.70758,7.72368,-31.58092,-24.10683,3.41364,3.27577,3.07746,2.89151,2.84908,2.86308,2.93774,2.76619,2.11813,2.24926,2.50995,2.95294,3.06343,3.04056,2.99006,2.87695,2.86616,2.78584,3.25355,3.00726,3.80069,3.30753,3.07492,2.85876,2.74225,2.67101,2.47614,2.42049,258.5,235.7,226.93046,218.39094,0.29195,0.42884,0.8233506
7/27/2022,25.03939,10.67904,2.6802,-0.13406,8.38869,-32.02375,-24.21774,3.35711,3.21891,3.01238,2.81978,2.78585,2.81419,2.91664,2.75861,2.13327,2.24912,2.43279,2.91095,2.97193,2.96758,2.90559,2.79297,2.78719,2.7303,3.23688,3.00079,3.87504,3.38586,3.14623,2.92246,2.80364,2.73253,2.53288,2.47252,261.07463,243,231.20983,224,0.1822237,0.3003,0.76079
7/28/2022,25.87628,10.93902,3.45341,0.73326,8.02716,-33.47989,-24.84436,3.30459,3.13399,2.92638,2.73657,2.71482,2.76074,2.91499,2.78979,2.1128,2.17238,2.37107,2.8325,2.92346,2.87553,2.81707,2.70209,2.70748,2.68046,3.24978,3.03823,3.83583,3.38765,3.168,2.96515,2.84588,2.77124,2.5679,2.50575,271.4,248,233.15521,226.7,-0.01191,0.20046,0.77123
7/29/2022,26.16637,10.85831,3.37328,-0.15537,7.40876,-34.08986,-26.74121,3.34092,3.15724,2.93203,2.72658,2.68507,2.71383,2.83989,2.70838,2.14803,2.1822,2.36036,2.85789,2.96025,2.89558,2.82345,2.69282,2.6866,2.63971,3.18077,2.97578,3.91485,3.45438,3.23789,3.04695,2.91883,2.83868,2.62293,2.54734,278.8,254.5,239.19865,230.2,-0.09518,0.09471,0.67378
8/1/2022,26.11589,10.82721,3.4547,-0.85552,5.99917,-34.47642,-29.02325,3.35339,3.16864,2.9315,2.70132,2.64845,2.66459,2.77151,2.63438,2.18351,2.25353,2.49985,2.93704,2.99216,2.90758,2.82328,2.66677,2.657,2.60458,3.11626,2.9246,3.83217,3.41379,3.20456,3.02218,2.89571,2.80635,2.58474,2.51224,276.9,251.6,232.61547,225.4,-0.10223,0.08858,0.6706
8/2/2022,26.56082,9.98736,4.03263,0.31933,7.11733,-33.2232,-27.62576,3.47171,3.34281,3.13152,2.89931,2.82517,2.81127,2.86556,2.70678,2.16812,2.20328,2.49968,2.96836,3.11532,3.07731,3.03171,2.85901,2.82199,2.74009,3.19779,2.98304,3.79751,3.38002,3.1786,3.00382,2.87703,2.77454,2.5466,2.4728,273.5,248.2,230.62525,221.9,0.12401,0.25809,0.76404
8/3/2022,28.46493,12.32427,4.65061,1.29796,7.54643,-32.83787,-28.01514,3.51237,3.39154,3.17446,2.9174,2.83938,2.8228,2.86088,2.69565,2.14766,2.18783,2.46871,2.96314,3.14728,3.10699,3.05128,2.87093,2.82642,2.74734,3.18926,2.9758,3.7,3.37748,3.19004,3.0203,2.89353,2.78948,2.56459,2.49678,275.9,250.2,232.54257,224.8,0.11193,0.24534,0.7278
8/4/2022,27.74799,10.81804,4.52352,1.16799,6.49946,-32.71078,-28.90839,3.47819,3.3119,3.07558,2.81961,2.74537,2.73876,2.81598,2.67023,2.08227,2.24898,2.44289,2.94203,3.10942,3.03455,2.96749,2.77443,2.73373,2.67379,3.1431,2.95933,3.51503,3.29008,3.11125,2.93284,2.8267,2.73119,2.52032,2.46448,268.9,245.5,227.77668,222.7,0.08543,0.21879,0.73233
8/5/2022,27.12645,9.19729,4.41574,1.02336,6.40618,-33.65223,-29.06917,3.66082,3.51858,3.28396,3.01761,2.92723,2.90191,2.93755,2.77431,2.11243,2.30983,2.49369,3.05613,3.26447,3.24629,3.19199,2.97345,2.917,2.83785,3.27407,3.065,3.47004,3.26774,3.11068,2.9442,2.8462,2.75623,2.54519,2.48897,268.3,247,233.15644,225.9,0.29045,0.36785,0.806
8/8/2022,26.90982,8.61025,3.40564,-0.5628,5.14149,-36.05159,-30.04649,3.65125,3.48372,3.23033,2.94357,2.84427,2.81319,2.85542,2.69636,2.14791,2.35159,2.59742,3.11465,3.28839,3.21462,3.14423,2.90951,2.8499,2.76178,3.21594,2.99682,3.42004,3.23502,3.09426,2.95206,2.85446,2.75995,2.54275,2.48384,269.7,248,234.06203,226,0.21251,0.28178,0.73682
8/9/2022,26.02023,9.24715,2.88297,-0.36863,5.18552,-36.76408,-29.4445,3.67861,3.54533,3.30597,3.00762,2.894,2.84837,2.87514,2.70968,2.15795,2.36166,2.61265,3.1251,3.35293,3.28513,3.2135,2.97879,2.89769,2.79651,3.24278,3.00412,3.49999,3.27733,3.12012,2.95024,2.8459,2.73929,2.51215,2.44549,270.1,246.8,233.26569,223.3,0.27779,0.32851,0.77112
8/10/2022,26.83341,9.39871,3.41677,0.01494,5.19909,-39.00853,-30.58103,3.60788,3.4814,3.23961,2.95492,2.85898,2.83158,2.88615,2.73499,2.16291,2.38194,2.58678,3.0467,3.26638,3.21307,3.09336,2.92075,2.85883,2.77959,3.27624,3.0408,3.41001,3.20052,3.07004,2.911,2.79963,2.70977,2.49744,2.43895,265.6,244.1,232.69366,222.9,0.26475,0.33859,0.8118
8/11/2022,29.33289,11.04031,4.35719,0.34705,5.37181,-38.28602,-29.2519,3.6372,3.52115,3.28491,3.03029,2.95303,2.94038,3.00992,2.86448,2.13315,2.39201,2.54553,3.036,3.27149,3.22678,3.17451,2.98672,2.94956,2.88666,3.39278,3.157,3.36746,3.19997,3.09363,2.94515,2.83368,2.74124,2.53112,2.47221,270.9,248,234.95286,226.1,0.27772,0.40666,0.896
8/12/2022,30.73346,12.29433,4.65694,0.4175,5.14449,-38.09773,-30.97658,3.66499,3.56197,3.31535,3.02246,2.92816,2.8999,2.95517,2.80703,2.13277,2.44262,2.56039,3.05091,3.27601,3.25568,3.19241,2.97589,2.92399,2.84846,3.33615,3.1168,3.41005,3.26104,3.12206,2.96254,2.84481,2.7442,2.52968,2.46669,271,247.8,232.55611,225.3,0.26589,0.37046,0.8638
8/15/2022,30.31586,11.81161,3.65385,-1.14603,3.81578,-40.48905,-32.45048,3.63223,3.50503,3.24997,2.94911,2.85152,2.8287,2.90559,2.7715,2.18351,2.42315,2.62311,3.10419,3.24332,3.20187,3.13185,2.91257,2.86298,2.79054,3.31048,3.096,3.30001,3.18342,3.06166,2.88939,2.78129,2.68775,2.47498,2.414,265.7,244.4,232.34771,222.4,0.25557,0.34654,0.872
8/16/2022,29.93696,11.43768,3.30339,-1.1482,4.31503,-38.48247,-31.94187,3.65758,3.54943,3.3041,2.99111,2.89125,2.86625,2.9344,2.79452,2.17321,2.43321,2.64861,3.09896,3.27542,3.25006,3.18972,2.95808,2.90273,2.8231,3.31922,3.11394,3.17999,3.12195,3.02912,2.87755,2.77776,2.68622,2.48321,2.42769,265.5,245,233.39716,224.4,0.30308,0.3731,0.86994
8/17/2022,32.21935,11.91801,3.66618,-0.89676,4.97754,-38.58867,-31.04729,3.68794,3.61644,3.39329,3.08261,2.978,2.94381,2.99011,2.83466,2.1324,2.44327,2.63814,3.10419,3.28593,3.29425,3.27411,3.04595,2.98697,2.89403,3.37606,3.14513,3.25877,3.16375,3.07609,2.91145,2.80222,2.70368,2.497,2.43699,269.4,246.7,236.23705,225.2,0.35195,0.42703,0.89313
8/18/2022,35.19579,12.09491,3.3024,-0.97625,4.85656,-38.23678,-31.98462,3.67086,3.58591,3.36607,3.06272,2.96084,2.92804,2.97796,2.81952,2.13315,2.44311,2.64309,3.08825,3.24785,3.23395,3.24512,3.0297,2.9706,2.87947,3.3604,3.13937,3.17997,3.14109,3.07476,2.93997,2.8404,2.74496,2.54772,2.49522,273.5,252,241.69624,232.4,0.2947,0.35947,0.81537
8/19/2022,35.2353,12.28361,3.25924,-1.10929,5.3294,-37.42568,-31.67982,3.68164,3.61657,3.41493,3.14576,3.0605,3.04103,3.08075,2.90742,2.13277,2.47327,2.66305,3.10836,3.26047,3.26317,3.2926,3.11319,3.07161,2.98774,3.45502,3.22422,3.16002,3.16769,3.10959,2.9794,2.88795,2.80218,2.60974,2.56202,275.2,256.1,247.48292,238.2,0.36119,0.42674,0.84222
8/22/2022,37.98398,13.96977,4.01041,-0.61844,6.33034,-37.02403,-31.02275,3.7613,3.71542,3.51267,3.21602,3.12193,3.09727,3.11834,2.92952,2.17334,2.5344,2.75694,3.15703,3.33844,3.33612,3.37355,3.17596,3.12815,3.03399,3.48859,3.23981,3.14006,3.18761,3.13987,3.01072,2.91053,2.82702,2.62454,2.56792,277.7,258.20339,249.48227,238.8,0.39896,0.4519561,0.85181
8/23/2022,34.85705,14.03567,4.87552,0.56331,7.96619,-34.46937,-29.56102,3.74573,3.68057,3.48846,3.22838,3.14543,3.13225,3.15384,2.95938,2.15795,2.4741,2.74645,3.15152,3.30574,3.3325,3.34861,3.17965,3.13989,3.0526,3.49854,3.25505,3.2444,3.28496,3.23804,3.0384,2.92777,2.83209,2.63149,2.57754,281,258.7,248.8537,240,0.36965,0.4656,0.85505
8/24/2022,33.08462,13.76644,6.79862,-0.03357,8.07821,-33.7907,-29.11187,3.77213,3.7157,3.52829,3.2728,3.19505,3.18555,3.21739,3.0284,2.16291,2.50972,2.77194,3.2088,3.34862,3.38543,3.39071,3.20486,3.19549,3.10479,3.55523,3.31958,3.2925,3.36936,3.29729,3.09687,2.96744,2.87378,2.66794,2.60879,286.7,263,251.92291,243.5,0.33786,0.47479,0.88458
8/25/2022,33.75779,14.71561,7.63261,2.58008,8.7603,-32.62609,-28.59995,3.79399,3.71256,3.51152,3.23498,3.1346,3.11101,3.1335,2.94708,2.23493,2.5351,2.79229,3.21375,3.34832,3.37319,3.36294,3.15647,3.1084,3.02306,3.45997,3.23309,3.16388,3.26366,3.22935,3.07534,2.94123,2.84889,2.63955,2.57121,285,261,246.69,240,0.30647,0.41306,0.83309
8/26/2022,33.1989,14.25931,7.56,2.00633,8.22216,-32.55831,-28.8526,3.80489,3.71538,3.52879,3.26875,3.15283,3.11331,3.10721,2.91148,2.31083,2.62656,2.82762,3.22336,3.37168,3.39155,3.39155,3.19482,3.13627,3.03436,3.43696,3.20373,3.08379,3.21403,3.20185,3.05303,2.92204,2.838,2.62725,2.56379,279.9,258.4,246.22294,239,0.39582,0.45036,0.81373
8/29/2022,34.96003,14.36824,8.3947,2.40014,8.78793,-32.89461,-28.40698,3.85073,3.77584,3.59169,3.34806,3.23938,3.19771,3.16997,2.96319,2.35647,2.61747,2.91616,3.33446,3.43348,3.42624,3.44801,3.26234,3.21412,3.10892,3.49802,3.24622,3.06009,3.16938,3.16384,3.02009,2.90327,2.82845,2.62185,2.56259,276.5,257.6,247.88091,239.1,0.49734,0.53292,0.85522
8/30/2022,35.98798,15.36728,8.85837,3.35782,9.45268,-32.54626,-27.45338,3.8871,3.82494,3.6273,3.36291,3.25085,3.20259,3.15931,2.94431,2.3258,2.61728,2.92107,3.3397,3.48721,3.46403,3.47363,3.27433,3.21727,3.10806,3.48477,3.21884,2.91262,3.08967,3.09841,2.98153,2.86608,2.79627,2.59725,2.54324,273.4,255.5,247.89329,238.7,0.54033,0.55306,0.83184
8/31/2022,35.60647,14.64272,7.89858,1.89954,8.94074,-32.80935,-27.54883,3.86852,3.805,3.60624,3.36281,3.26088,3.22095,3.1899,2.97838,2.31039,2.65801,2.92598,3.3397,3.5031,3.44894,3.45981,3.28382,3.24188,3.13154,3.51799,3.25387,2.75424,3.00214,3.01363,2.88785,2.78349,2.72492,2.5472,2.50248,263.5,248,243.06275,234.5,0.64882,0.65154,0.90887
9/1/2022,35.8632,14.37523,7.30185,2.16525,9.21218,-34.20859,-28.68109,3.93919,3.87852,3.69148,3.48086,3.39294,3.35582,3.30569,3.0867,2.28482,2.6885,2.93603,3.3656,3.5244,3.52092,3.54773,3.40784,3.37129,3.2637,3.64778,3.37351,2.77002,2.99992,2.98992,2.8365,2.74221,2.69202,2.51834,2.48476,258.4,244.7,242.67697,233.6,0.82384,0.8167,1.03751
9/2/2022,35.87827,14.46925,7.43102,2.37341,9.52723,-35.28877,-29.26151,3.83056,3.75535,3.57473,3.36792,3.29931,3.28463,3.25983,3.05005,2.45315,2.70815,2.89397,3.33294,3.47441,3.39657,3.43004,3.29361,3.27558,3.18936,3.61272,3.34267,2.78248,2.99365,2.97494,2.85045,2.76232,2.71628,2.54963,2.52282,260.4,247,246.25508,237.2,0.68961,0.71936,0.97067
9/6/2022,37.43163,13.2038,6.77686,1.73802,8.00827,-36.84018,-32.18381,3.94216,3.87416,3.6986,3.51006,3.44021,3.41879,3.37815,3.15987,2.36141,2.56614,2.99825,3.42882,3.63523,3.49984,3.56656,3.44229,3.42283,3.33871,3.74655,3.48171,2.73,2.97512,2.9644,2.84852,2.76473,2.72574,2.56939,2.54827,260.1,248.2,247.98422,240.2,0.84129,0.85671,1.07971
9/7/2022,37.2848,13.49616,6.90198,1.74081,7.81958,-35.37963,-31.73186,3.92191,3.81927,3.62651,3.42746,3.36109,3.3426,3.30435,3.08701,2.19342,2.56596,3.01859,3.43931,3.62435,3.44642,3.49155,3.35844,3.34368,3.2644,3.65815,3.40433,2.56507,2.88496,2.88738,2.79848,2.72027,2.68731,2.53513,2.51968,255.1,245.1049,245.33218,238.6,0.80744,0.813351,1.01833
9/8/2022,36.33336,11.71888,6.30735,1.11779,7.36581,-35.44116,-31.79814,3.95428,3.85342,3.65885,3.45883,3.38812,3.36389,3.33576,3.12266,2.48945,2.56578,3.02348,3.45996,3.6131,3.49009,3.54166,3.39576,3.37694,3.29023,3.69017,3.44064,2.47996,2.82544,2.84237,2.75939,2.68344,2.64757,2.50903,2.50147,251.3,241.5,243.80333,237.4,0.88276,0.87523,1.06664
9/9/2022,34.1224,10.54688,6.20063,1.30126,7.25204,-35.42023,-31.81632,4.00531,3.91122,3.71393,3.50678,3.42605,3.39275,3.35154,3.13724,2.51439,2.74925,3.03302,3.53764,3.67732,3.57,3.60846,3.44477,3.41304,3.32023,3.70574,3.4554,2.54015,2.8506,2.86967,2.79519,2.71487,2.65511,2.51027,2.4879,256.1,242.5,243.13417,236.5,0.88377,0.89523,1.0904
9/12/2022,33.39326,11.61946,5.82048,1.48083,7.01075,-35.23798,-31.73188,3.99408,3.90329,3.71269,3.5153,3.44977,3.43075,3.40073,3.1952,2.51421,2.68397,3.10147,3.57576,3.68239,3.56936,3.5965,3.4571,3.43496,3.36064,3.75311,3.51252,2.58242,2.87837,2.88906,2.79977,2.72158,2.66238,2.50927,2.48296,256.5,243,240.75832,235,0.8921,0.93064,1.16252
9/13/2022,36.1191,14.11817,5.78416,1.28991,6.66906,-35.00869,-31.45067,4.24411,4.11611,3.89536,3.64797,3.54405,3.48917,3.41059,3.19261,2.46825,2.80146,3.19906,3.77553,3.94663,3.75387,3.75418,3.59013,3.53115,3.42248,3.76068,3.50712,2.82,3.00374,2.98095,2.8718,2.77327,2.6901,2.52035,2.48465,263,245,240.60623,235,0.96013,0.97248,1.15712
9/14/2022,38.58473,15.46936,6.39543,1.98442,7.01951,-35.15179,-30.71608,4.2851,4.16663,3.93399,3.65781,3.544,3.48027,3.38486,3.16083,2.44773,2.77055,3.20393,3.79132,3.97628,3.78078,3.7793,3.59386,3.52416,3.41007,3.73638,3.46799,2.91982,3.07973,3.04056,2.91325,2.80207,2.70509,2.52462,2.48649,268.7,246.9,242.8392,235.4,0.90686,0.94107,1.11399
9/15/2022,41.1014,18.22246,7.78997,2.43655,7.615,-34.03823,-29.38564,4.39634,4.28277,4.03918,3.75149,3.61874,3.53392,3.41555,3.18484,2.49963,2.80615,3.1779,3.80671,4.02511,3.87097,3.85787,3.6733,3.59437,3.45768,3.7561,3.47878,2.85142,3.03694,3.00625,2.87975,2.77873,2.69617,2.52251,2.48248,264.6,245.3,242.73272,234.4,1.0273,1.00468,1.13478
9/16/2022,38.32999,17.97264,8.39665,2.84282,7.3706,-35.83719,-30.27918,4.36992,4.24016,3.99416,3.70866,3.58944,3.52028,3.43395,3.21467,2.57038,2.83107,3.1462,3.795,3.99095,3.85755,3.81379,3.62471,3.56102,3.44652,3.7923,3.51766,2.77657,2.94092,2.90398,2.78123,2.70294,2.62998,2.47535,2.4425,254.5,238.30296,238.58962,230.37642,1.07971,1.0634904,1.2138958
9/19/2022,37.45513,17.60134,8.62044,2.97465,7.18828,-32.67907,-29.09242,4.42718,4.31987,4.0744,3.77737,3.6443,3.55941,3.44513,3.21319,2.5702,2.90407,3.27664,3.84477,4.07806,3.94532,3.89839,3.69117,3.61455,3.48753,3.77192,3.50411,2.69525,2.8925,2.85373,2.72911,2.65599,2.59078,2.4341,2.40072,249.3,234.7,233.73034,226.69841,1.19817,1.14053,1.2371259
9/20/2022,38.22218,18.11761,9.14862,2.38918,6.7675,-32.29424,-30.05271,4.44388,4.34442,4.11654,3.84232,3.71843,3.63856,3.52048,3.27983,2.49878,2.92432,3.27635,3.8549,4.06119,3.9622,3.93536,3.75083,3.69454,3.57089,3.84342,3.58036,2.69488,2.913,2.88861,2.77702,2.71099,2.65182,2.49352,2.45973,253.6999,240.3,239.20657,232.1,1.213831,1.16789,1.25936
9/21/2022,39.50262,19.54464,9.50425,2.65775,6.62379,-29.98647,-30.34326,4.48884,4.38788,4.1339,3.80798,3.66755,3.57653,3.45758,3.2143,2.48843,2.90361,3.2709,3.88609,4.07168,3.99298,3.93854,3.71299,3.64101,3.51032,3.75746,3.51774,2.71999,2.92515,2.89873,2.78004,2.70919,2.64544,2.48316,2.4475,253.5,239.8,235.57165,231,1.17799,1.11232,1.20774
9/22/2022,40.75216,15.63004,8.23767,0.98691,5.18477,-32.4828,-31.67515,4.60003,4.53298,4.29512,4.00876,3.86326,3.75772,3.5875,3.32077,2.59129,2.93408,3.2191,3.88568,4.10954,4.12545,4.13885,3.92641,3.8534,3.70586,3.91232,3.63752,2.71997,2.91235,2.88492,2.77127,2.70507,2.64866,2.48128,2.43746,251,240,236.63003,229,1.41641,1.30586,1.34752
9/23/2022,40.3187,14.94141,7.34639,0.34562,4.32691,-35.80564,-35.76395,4.65478,4.61521,4.3757,4.05692,3.87629,3.7389,3.53596,3.25319,2.56529,2.92314,3.18222,3.87918,4.15195,4.21185,4.22617,3.98338,3.87277,3.69558,3.89398,3.61105,2.52001,2.76484,2.76045,2.69027,2.64082,2.60368,2.44473,2.40782,244,237,234.04356,227,1.54338,1.32558,1.34105
9/26/2022,35.14834,7.65656,5.09602,-2.47185,1.79945,-38.81718,-39.13926,4.63701,4.65848,4.47136,4.20857,4.03935,3.89669,3.63042,3.30491,2.61091,2.95015,3.30242,3.98623,4.18434,4.307,4.39479,4.15761,4.06407,3.87869,4.01859,3.69655,2.35408,2.62534,2.6487,2.64196,2.5977,2.56809,2.40894,2.3751,238.2,233.3,230.30409,223.8,1.77561,1.54569,1.45855
9/27/2022,28.69036,2.98486,0.44514,-6.09421,-0.81537,-42.75508,-44.41083,4.56691,4.5925,4.42828,4.21654,4.07723,3.95328,3.70977,3.38349,2.62599,2.95504,3.30727,3.94405,4.16743,4.3056,4.39843,4.21209,4.13817,3.96143,4.13732,3.82785,2.29998,2.63244,2.66609,2.64203,2.59509,2.56191,2.4049,2.36743,238.2,232.7,230.64732,222.71821,1.83009,1.63443,1.6006679
9/28/2022,31.11744,8.45748,5.42332,3.33638,5.12253,-40.18212,-40.17194,4.46548,4.40301,4.20518,3.9744,3.85728,3.75644,3.5817,3.27832,2.48843,2.90361,3.33274,3.89663,3.99751,4.09184,4.12061,3.92017,3.82392,3.70521,3.98352,3.68004,2.45991,2.72867,2.74255,2.66024,2.60295,2.55509,2.39214,2.34503,241.5,233.4,228.39803,221,1.50517,1.37121,1.47004
9/29/2022,28.77136,7.14706,4.91232,2.25609,4.75571,-40.39335,-41.53882,4.50684,4.45445,4.25704,4.02723,3.90399,3.79398,3.59235,3.27699,2.59129,2.95456,3.29637,3.90675,3.98616,4.16674,4.18557,3.9781,3.88143,3.74642,3.99629,3.69238,2.34156,2.54269,2.5421,2.4739,2.43841,2.42005,2.26986,2.2397,222.9,219.2,217.41802,210.1,1.7491,1.55442,1.59138
9/30/2022,27.42914,6.32041,5.57706,2.67119,5.42606,-40.21154,-40.69141,4.51532,4.48074,4.29943,4.09526,3.97001,3.85767,3.66696,3.35641,2.67219,3.04083,3.25943,3.91076,4.01757,4.20645,4.23623,4.03948,3.94329,3.80341,4.06907,3.76332,2.33859,2.50835,2.4959,2.41301,2.38425,2.37381,2.23399,2.205,215.8,214.5,212.37545,206.7,1.88148,1.65841,1.69632
10/3/2022,30.38537,9.02165,6.08127,2.78845,4.00271,-43.41649,-42.92602,4.49333,4.40801,4.20196,3.94333,3.80154,3.6896,3.55688,3.27514,2.72799,2.97576,3.34882,3.97568,3.99532,4.10416,4.11174,3.88251,3.77365,3.64957,3.99105,3.7044,2.56999,2.66743,2.62423,2.55597,2.50604,2.47231,2.32411,2.28705,230.6,224.6,219.65475,215.6396,1.57651,1.40357,1.548004
10/4/2022,28.68073,6.3234,3.54,-0.4687,0.21143,-46.44851,-45.93456,4.50339,4.38246,4.15251,3.87377,3.72617,3.61819,3.49641,3.22658,2.77869,3.06771,3.36913,3.9915,4.19072,4.09462,4.08928,3.83837,3.73085,3.61607,3.9609,3.68593,2.72997,2.71885,2.67115,2.58074,2.51755,2.46921,2.3143,2.27476,233.2,223.8,217.19709,213.6,1.50637,1.37807,1.54993
10/5/2022,29.88102,8.47557,4.64834,0.99836,2.69165,-42.99691,-41.67892,4.53063,4.44778,4.24633,4.00483,3.87968,3.78473,3.63313,3.34808,2.76321,3.06745,3.37913,3.9915,4.17972,4.14811,4.1617,3.95842,3.86975,3.75786,4.06312,3.76489,2.73496,2.70504,2.64878,2.56053,2.49955,2.44971,2.29248,2.25276,231.3,222.10039,216.97531,211.40187,1.64542,1.5368561,1.6508713
10/6/2022,28.59769,6.93096,2.75505,-0.71582,2.20818,-42.69653,-43.17668,4.59298,4.5345,4.32829,4.08682,3.95364,3.84466,3.66391,3.35983,2.86635,3.17475,3.37367,4.02798,4.215,4.24852,4.25898,4.05927,3.9608,3.82257,4.09087,3.79159,2.81753,2.75996,2.68823,2.59041,2.51602,2.44251,2.28145,2.24296,234,221.1,215.478,209.8,1.71927,1.61157,1.69359
10/7/2022,32.37271,8.07052,2.5709,-1.31898,1.07374,-43.23386,-44.46091,4.69,4.62946,4.4164,4.16097,4.01465,3.89418,3.70402,3.39609,2.95711,3.27604,3.36727,4.08945,4.27357,4.30678,4.33569,4.13526,4.02784,3.88344,4.13635,3.8407,2.97745,2.86731,2.77995,2.66748,2.58846,2.50629,2.33241,2.29375,241.5,227,220.01508,214.5,1.72026,1.61344,1.6957
10/11/2022,33.0788,10.08546,2.67215,-1.58097,1.30195,-44.48578,-45.57386,4.7203,4.64492,4.44435,4.19273,4.05975,3.9508,3.75915,3.44505,2.95687,3.15993,3.55999,4.17095,4.3061,4.31413,4.34343,4.16601,4.07556,3.93778,4.204,3.90079,2.94755,2.87597,2.78181,2.67511,2.61187,2.54224,2.37379,2.34242,242.5,231.1,227.22108,220.5,1.74101,1.62678,1.69579
10/12/2022,33.28902,9.74651,3.26932,-0.82769,2.20188,-43.50385,-44.01173,4.73286,4.61875,4.40215,4.14509,4.01964,3.92333,3.75333,3.44625,2.93627,3.28263,3.61641,4.1551,4.29458,4.28586,4.30467,4.1124,4.02791,3.9013,4.18836,3.88636,2.91497,2.80971,2.73553,2.62424,2.57318,2.51755,2.35994,2.34124,237.8,229.5,227.94969,221.5,1.7344,1.6063,1.67136
10/13/2022,34.71099,9.2439,1.49084,-2.8474,0.16336,-47.06935,-47.14858,4.9243,4.79482,4.53519,4.22499,4.07208,3.95432,3.77326,3.46002,3.01922,3.39509,3.68831,4.27615,4.47046,4.44771,4.44251,4.21008,4.10056,3.95269,4.24395,3.9315,3.15825,2.96393,2.84649,2.69849,2.63746,2.57176,2.40474,2.37945,244.82628,234.8,233.14528,225.7,1.7618172,1.60469,1.6745
10/14/2022,37.7742,10.85801,2.19422,-3.21448,-0.11533,-45.91543,-47.61798,5.02166,4.88321,4.6121,4.28607,4.12649,4.00379,3.8162,3.49751,3.14583,3.48638,3.71815,4.30635,4.52402,4.50441,4.50353,4.26413,4.15864,4.00495,4.27535,3.97369,3.10993,2.9943,2.87769,2.7605,2.69138,2.62502,2.4693,2.45549,250.8,241,240.46593,234.3,1.75613,1.59495,1.63069
10/17/2022,38.46898,11.73718,1.75084,-3.43595,-0.81596,-44.82136,-47.12963,4.99977,4.83959,4.56871,4.25421,4.10987,4.00431,3.84767,3.54289,3.20669,3.41656,3.88063,4.07779,4.52898,4.4549,4.45135,4.23671,4.14423,4.01247,4.29588,4.01418,3.15499,3.02779,2.91203,2.8037,2.73812,2.6725,2.51353,2.49749,255.5,246,244.36988,240,1.68171,1.55247,1.61418
10/18/2022,37.46283,11.75181,2.05567,-2.69426,-1.04043,-43.14965,-46.58873,4.96963,4.81067,4.54353,4.23427,4.0897,3.98587,3.84912,3.55452,3.13001,3.4983,3.89056,4.15092,4.53394,4.43604,4.42602,4.21372,4.11665,3.99627,4.28062,4.02041,3.10254,2.95026,2.84428,2.74445,2.6821,2.62376,2.46762,2.45264,249.2,240.5,238.12106,235.5,1.72172,1.59127,1.66541
10/19/2022,36.43499,10.71089,2.30452,-2.49641,-0.37091,-42.22151,-46.67884,5.03673,4.91536,4.66653,4.37271,4.22992,4.12458,3.96482,3.65914,3.17048,3.61083,3.99354,4.19251,4.64941,4.55101,4.55943,4.34967,4.25489,4.12829,4.38703,4.12593,3.16995,2.97317,2.85753,2.76007,2.69712,2.63752,2.483,2.4699,251.09981,241.5,242.06082,238,1.8386719,1.71329,1.74593
10/20/2022,39.67572,11.91844,3.83743,-0.91071,1.57679,-41.27783,-45.01735,5.10009,5.0057,4.77144,4.48649,4.34592,4.24088,4.07145,3.76352,3.2537,3.65151,3.99827,4.21832,4.69308,4.60894,4.65226,4.44812,4.35503,4.22511,4.48423,4.21369,3.23999,3.05694,2.9509,2.85012,2.7872,2.72499,2.56723,2.55597,259,249.5,253.95386,247.6,1.85812,1.73011,1.73769
10/21/2022,38.39455,10.78948,3.49605,-0.43172,0.91526,-44.81442,-46.81929,5.00097,4.87331,4.63971,4.38678,4.28234,4.22057,4.11907,3.8337,3.40572,3.65041,3.98662,4.18008,4.6139,4.48936,4.53182,4.35182,4.28666,4.21142,4.56721,4.30189,3.30995,3.14498,3.03054,2.8905,2.82023,2.75019,2.59382,2.58417,268.3,252.4,258.88476,251.55301,1.66882,1.68742,1.7863599
10/24/2022,37.21595,11.17196,3.42109,-0.65583,0.79249,-44.69895,-49.15991,5.02133,4.86928,4.62948,4.3897,4.29357,4.23866,4.14928,3.86881,3.47165,3.7553,4.05132,4.54139,4.6575,4.49712,4.51776,4.35549,4.30013,4.23074,4.59627,4.36041,3.34003,3.18114,3.06413,2.92249,2.8684,2.81745,2.68007,2.68995,271.5,259,268.28628,263.5,1.64049,1.64074,1.72541
10/25/2022,37.26277,11.91377,5.52568,1.61229,2.42854,-42.77376,-47.40599,5.00966,4.83713,4.58009,4.31093,4.19603,4.13367,4.05899,3.78892,3.39082,3.77545,4.02501,4.50959,4.63482,4.4645,4.46095,4.25567,4.17991,4.10938,4.48673,4.26298,3.31006,3.11262,2.97944,2.84445,2.78707,2.73599,2.58419,2.57944,262.6,250.6,256.52539,253.2,1.62967,1.60338,1.73098
10/26/2022,34.78754,11.38918,4.1814,0.22651,1.43173,-44.14769,-48.27426,4.94722,4.76515,4.50665,4.23182,4.10301,4.02847,3.94686,3.67975,3.38439,3.72372,4.02974,4.4725,4.57905,4.41727,4.39276,4.19001,4.10074,4.01415,4.38834,4.16249,3.30011,3.09004,2.95257,2.81012,2.74479,2.68471,2.53834,2.53376,257.6,244.1,249.49341,245.75785,1.61401,1.57315,1.7049115
10/27/2022,34.99452,12.26354,4.63474,0.89367,0.84579,-45.57183,-48.39998,4.91655,4.67037,4.4047,4.13561,4.01374,3.94565,3.86991,3.60815,3.52908,3.80546,4.0448,4.44547,4.54816,4.32042,4.28206,4.08926,4.0048,3.93719,4.32563,4.09215,3.31277,3.0855,2.95692,2.82488,2.76029,2.70011,2.55255,2.5464,259,245,250.44859,246.4,1.49926,1.48719,1.62815
10/28/2022,37.0411,13.9635,6.87657,2.26989,3.68896,-44.99477,-46.09221,5.00763,4.79073,4.52698,4.25579,4.12631,4.04502,3.93748,3.66672,3.60963,3.85558,4.07964,4.50736,4.60982,4.42037,4.3874,4.18705,4.10363,4.00813,4.38742,4.12764,3.29519,3.08501,2.97014,2.86364,2.80594,2.75175,2.61019,2.60521,263.1,250.3,258.32796,252.4,1.55605,1.50513,1.60364
10/31/2022,36.90493,14.34416,7.22984,3.36203,4.35835,-42.88855,-45.70078,5.08132,4.86903,4.59664,4.31989,4.19461,4.11948,4.01821,3.74713,3.62456,3.90426,4.12896,4.60503,4.68093,4.49998,4.45323,4.24759,4.16099,4.07588,4.44708,4.20413,3.3054,3.12003,3.01262,2.89485,2.82693,2.76753,2.6335,2.62562,266.4,251.5,262.03029,254.7,1.58359,1.56088,1.65713
11/1/2022,37.18361,14.82831,7.45488,2.84107,5.23127,-40.64842,-43.90061,5.12995,4.91119,4.63022,4.3318,4.19333,4.10251,3.96942,3.68453,3.60891,3.86789,4.12332,4.59973,4.79112,4.53948,4.48202,4.25729,4.16494,4.0502,4.3759,4.12353,3.33003,3.11621,3.00638,2.89304,2.82075,2.75972,2.60632,2.58251,266.3,251.1,258.58737,251.5,1.59429,1.5392,1.60853
11/2/2022,39.84107,17.51164,9.77825,4.92262,5.80339,-42.50261,-43.49037,5.15942,4.96624,4.67605,4.34815,4.20838,4.11692,3.97379,3.68659,3.56779,3.90856,4.1332,4.59443,4.77443,4.56768,4.50084,4.2503,4.1591,4.05883,4.39878,4.12147,3.37521,3.16992,3.03931,2.91626,2.84355,2.78201,2.62099,2.5912,269,253.2,261.38149,252.5,1.5603,1.52683,1.59647
11/3/2022,38.28896,15.61179,9.14832,3.69643,5.49856,-40.60036,-43.94943,5.24777,5.08314,4.78961,4.44152,4.28525,4.17777,4.01315,3.71176,3.56989,3.87733,4.12756,4.59385,4.83502,4.70026,4.6335,4.35004,4.24828,4.12278,4.41915,4.15125,3.25005,3.0402,2.91511,2.78526,2.72124,2.66746,2.52234,2.50846,254.4,240.5,249.74006,243.1,1.80604,1.71778,1.72025
11/4/2022,37.5455,15.82334,8.86294,3.50501,4.4003,-41.9358,-45.57708,5.20371,5.02649,4.73913,4.41589,4.28287,4.20134,4.07592,3.79106,3.51786,3.8761,4.11065,4.57092,4.7886,4.65106,4.58091,4.32727,4.24783,4.15734,4.49528,4.24683,3.35758,3.11531,2.99555,2.84726,2.78246,2.72997,2.58903,2.57947,261.6,247.5,255.99412,251.2,1.71127,1.68234,1.73483
11/7/2022,35.12919,14.36538,6.21657,0.61777,1.80773,-44.74002,-48.05675,5.23057,5.07506,4.78993,4.45337,4.31478,4.23054,4.11342,3.83177,3.61947,3.79638,4.1652,4.6581,4.83246,4.72482,4.64628,4.3912,4.3086,4.21246,4.56082,4.31234,3.36003,3.1549,3.03539,2.90506,2.83902,2.78729,2.64786,2.64048,267.5,253.2,262.59801,257.3,1.7162,1.68046,1.73934
11/8/2022,35.44724,15.32201,6.46298,0.85403,1.12711,-44.7031,-49.31706,5.21386,5.02504,4.72972,4.3717,4.22361,4.1378,4.03652,3.76582,3.54266,3.8268,4.1699,4.62095,4.80958,4.67057,4.5765,4.30707,4.21507,4.12653,4.48355,4.25899,3.30871,3.06456,2.94018,2.83708,2.78466,2.74828,2.61609,2.61583,260.7,249.2,257.60624,254.4,1.70007,1.63453,1.71499
11/9/2022,35.71534,14.93487,5.30282,-0.14753,0.7843,-43.96558,-49.17568,5.21644,4.9839,4.67609,4.33539,4.2097,4.14799,4.08189,3.82571,3.49646,3.79559,4.1953,4.61564,4.78117,4.62675,4.52674,4.28236,4.21118,4.14015,4.52155,4.31747,3.20257,2.9727,2.85934,2.76828,2.72696,2.69926,2.57181,2.57696,253.7,244.3,253.958,251.6,1.74536,1.69715,1.80147
11/10/2022,37.06174,17.32508,6.87699,-0.02655,0.85803,-42.90312,-44.69637,5.03885,4.69541,4.35567,4.0098,3.88455,3.83696,3.82381,3.59654,3.55864,3.80427,4.16235,4.54973,4.62352,4.32479,4.18242,3.94103,3.88482,3.82838,4.25284,4.0435,2.93999,2.80005,2.74066,2.70559,2.68207,2.67355,2.55662,2.56802,247.3,241.6,249.48242,250.8,1.46803,1.41238,1.5355
11/14/2022,35.20496,16.15927,4.89395,-2.84515,-0.6506,-45.02015,-44.97121,5.10718,4.75763,4.39973,4.04654,3.91304,3.8593,3.83144,3.60686,3.63986,3.89912,4.17555,4.32648,4.67274,4.40663,4.23814,3.9976,3.94149,3.86581,4.28164,4.05657,2.88013,2.76495,2.70975,2.67148,2.6511,2.64951,2.53447,2.54245,243.5,238.5,246.70672,247.5,1.5626,1.48081,1.58157
11/15/2022,32.66947,13.8139,4.51835,-3.9515,-1.24457,-44.53767,-43.67346,5.08499,4.68698,4.30771,3.96335,3.8349,3.78506,3.76323,3.54308,3.65478,3.87816,4.18025,4.32596,4.65554,4.36029,4.16957,3.91817,3.87441,3.79751,4.20861,3.97981,2.86499,2.73249,2.67742,2.64006,2.62653,2.63275,2.5269,2.5417,240.5,236.84803,246.29616,246.81652,1.51317,1.4290297,1.5116448
11/16/2022,32.12382,14.30397,4.2384,-4.34287,-2.73379,-41.78093,-43.99528,5.09214,4.68356,4.27468,3.89177,3.73858,3.66531,3.63661,3.41907,3.70028,3.99795,4.22636,4.30453,4.66601,4.36232,4.13164,3.84939,3.78201,3.69265,4.05445,3.85902,2.76506,2.66517,2.62357,2.60506,2.5896,2.58813,2.4789,2.47917,236.2,231.6,238.40871,239.81852,1.48739,1.37665,1.4608348
11/17/2022,31.56012,14.49613,4.1592,-4.53056,-2.71883,-42.95947,-44.32951,5.12994,4.76869,4.36551,3.97781,3.82448,3.74501,3.68293,3.44492,3.71274,3.96977,4.2207,4.30402,4.73183,4.45309,4.22055,3.93622,3.86979,3.7722,4.11246,3.88822,2.69434,2.6326,2.5908,2.57471,2.57079,2.5688,2.46112,2.45864,233.1,229.9,239.13003,237.5,1.60522,1.4732,1.51322
11/18/2022,32.53305,16.02744,5.67237,-2.79983,-1.46888,-41.01189,-43.19714,5.17398,4.83381,4.43885,4.05381,3.89194,3.80199,3.73516,3.49358,3.7626,3.99927,4.24509,4.31295,4.7826,4.50848,4.27858,3.99709,3.91994,3.81668,4.14523,3.92555,2.58538,2.56046,2.53899,2.53627,2.53376,2.52887,2.43264,2.43486,230.5,227,236.27275,236,1.69209,1.54668,1.56555
11/21/2022,33.11195,15.51397,9.72939,-1.57314,-0.8267,-40.98988,-43.10015,5.19866,4.85412,4.46161,4.07371,3.91259,3.8177,3.72777,3.47429,3.8642,4.03788,4.26878,4.68935,4.79028,4.523,4.30644,3.9764,3.92831,3.82595,4.13762,3.90528,2.61042,2.61593,2.61118,2.62703,2.61386,2.59648,2.4881,2.47591,239.49833,233.4,241.58793,240.1,1.5814167,1.49195,1.50428
11/22/2022,30.06688,12.19725,6.34465,-3.83097,-3.14476,-42.51296,-45.09631,5.20624,4.81636,4.39464,4.00195,3.83087,3.72455,3.63055,3.37642,3.85359,4.02201,4.22685,4.68935,4.83397,4.51548,4.27248,3.93839,3.86909,3.75593,4.05565,3.82735,2.74007,2.69528,2.65186,2.62245,2.61011,2.59138,2.4772,2.46112,240.24458,233.43157,239.9087,238.37946,1.5359442,1.4216143,1.4435554
11/23/2022,31.05636,13.2522,6.50256,-3.24633,-2.81742,-40.6209,-43.89941,5.17193,4.79287,4.36642,3.96078,3.78798,3.68022,3.56855,3.30211,3.86584,4.08277,4.3087,4.68935,4.805,4.48246,4.23401,3.89582,3.82049,3.70843,3.97483,3.74112,2.75043,2.70952,2.65651,2.61372,2.60384,2.59026,2.47785,2.46373,239,232.4,239.46648,237.5,1.50582,1.38443,1.36612
11/25/2022,31.57323,13.28594,6.55344,-2.4754,-2.63441,-40.4702,-44.11319,5.17269,4.79303,4.36465,3.95441,3.78167,3.67436,3.57179,3.30966,4.00744,4.1764,4.29165,4.69815,4.8031,4.4773,4.23179,3.88888,3.80642,3.7007,3.97651,3.75079,2.70498,2.68514,2.64219,2.61556,2.6058,2.59475,2.48738,2.47843,239.30643,233.1,240.23048,239.0105,1.4958157,1.3697,1.360685
11/28/2022,31.50649,13.19263,5.59983,-3.27556,-2.71147,-40.41254,-44.12494,5.16187,4.78514,4.36062,3.94748,3.77686,3.67349,3.56951,3.30656,4.0172,4.03788,4.36205,4.73243,4.808,4.47008,4.22869,3.89148,3.80962,3.7006,3.97365,3.74781,2.69497,2.65455,2.60261,2.5688,2.55939,2.54874,2.4435,2.43539,234.42228,228,234.8947,233.66149,1.5472572,1.4206,1.4111951
11/29/2022,31.31581,11.99076,3.79437,-5.17683,-4.24279,-40.09958,-44.50982,5.16661,4.7853,4.36245,3.95807,3.79627,3.70447,3.61206,3.35592,3.97597,4.04257,4.33562,4.7165,4.83566,4.47214,4.24254,3.92013,3.84804,3.7469,4.01306,3.80102,2.74485,2.68529,2.62425,2.58146,2.56394,2.54643,2.4443,2.43445,235.65865,227.05812,232.93013,232.82649,1.5635435,1.4763188,1.4727551
11/30/2022,31.01096,11.5384,3.71959,-4.77517,-3.97519,-39.10369,-44.13197,5.1137,4.68106,4.24617,3.86453,3.72477,3.66064,3.61686,3.37988,3.94494,4.13462,4.361,4.70057,4.77443,4.37095,4.13079,3.82733,3.77252,3.70039,4.0079,3.8212,2.83008,2.74905,2.68689,2.65762,2.63195,2.60475,2.49895,2.48738,244,233,238.31924,238,1.38733,1.37039,1.4412
12/1/2022,32.8131,13.54035,4.06666,-4.58658,-3.57814,-38.7073,-41.88022,5.05035,4.58141,4.12378,3.71794,3.56539,3.48905,3.44706,3.21381,3.83521,4.09305,4.30352,4.6522,4.70154,4.25328,3.98838,3.67727,3.61126,3.52483,3.83413,3.63261,2.81499,2.75871,2.71591,2.69516,2.65035,2.62851,2.51251,2.49373,249.4,236.6,241.20232,240,1.18327,1.15883,1.23261
12/2/2022,30.98576,11.95205,2.58353,-6.41944,-4.02742,-38.15199,-40.15989,5.0695,4.58882,4.10926,3.68985,3.53918,3.46136,3.40109,3.15754,3.7422,4.13275,4.31752,4.65572,4.73304,4.27896,3.98974,3.66401,3.60337,3.50163,3.78261,3.55914,2.865,2.82378,2.77326,2.73508,2.70065,2.68374,2.55918,2.53373,254.5,242.5,248.82483,245.5,1.11901,1.07663,1.10414
12/5/2022,30.9415,10.63667,2.34413,-6.31512,-3.30375,-35.25445,-39.00346,5.14457,4.70199,4.23394,3.81589,3.65489,3.56532,3.47984,3.22524,3.80301,4.11688,4.33095,4.74306,4.80465,4.39257,4.12757,3.79245,3.71804,3.59836,3.83238,3.61527,2.78114,2.74756,2.71406,2.69254,2.66187,2.64996,2.53536,2.52121,250.11706,239,248.0502,243.59629,1.2912794,1.20836,1.1793071
12/6/2022,30.7731,10.26189,2.2276,-7.46897,-5.10242,-38.5889,-40.73088,5.12232,4.66583,4.19304,3.75586,3.57149,3.46123,3.37029,3.11436,3.73124,3.99118,4.29936,4.73243,4.77624,4.35913,4.09042,3.73358,3.64618,3.51225,3.75618,3.52167,2.67025,2.64996,2.63269,2.64031,2.61475,2.60004,2.4907,2.47877,244,233,245.10068,238,1.29358,1.18225,1.14167
12/7/2022,32.14633,11.68696,3.60463,-5.63708,-3.09513,-35.82727,-38.45861,5.07302,4.57549,4.09388,3.64897,3.47544,3.376,3.28709,3.02798,3.65951,3.91883,4.29367,4.70588,4.7201,4.25403,3.97701,3.61292,3.53181,3.40695,3.64536,3.41257,2.65001,2.61243,2.58236,2.58521,2.56622,2.5509,2.44701,2.43672,237.1,226.6,240.39206,231.3,1.24192,1.14095,1.09957
12/8/2022,31.75299,11.05046,3.41162,-6.05608,-2.63389,-35.55713,-36.64393,5.09789,4.62727,4.16332,3.74419,3.57022,3.46559,3.35684,3.08765,3.59029,3.77467,4.2621,4.71058,4.73613,4.30974,4.05282,3.71007,3.63078,3.49193,3.71241,3.45409,2.64998,2.63744,2.60632,2.60602,2.59457,2.58877,2.49341,2.47449,240.1,230,245.53263,234.7,1.30907,1.19193,1.10709
12/9/2022,31.22155,10.80948,3.86011,-4.90889,-1.73311,-34.51074,-35.24095,5.10107,4.6398,4.18943,3.79424,3.63731,3.54905,3.45996,3.19686,3.66062,3.8761,4.2813,4.72467,4.75093,4.32758,4.08134,3.75564,3.6864,3.56638,3.80507,3.54927,2.62495,2.60504,2.57984,2.57477,2.5717,2.56546,2.47289,2.46166,236.1,227.3,242.53063,232.8,1.39464,1.29338,1.22127
12/12/2022,29.22885,13.631,4.65597,-4.51638,-1.64004,-32.76465,-34.88489,5.14435,4.69388,4.25181,3.8464,3.68454,3.59395,3.49403,3.22588,3.73672,3.98134,4.2636,4.24979,4.80578,4.40159,4.1155,3.79984,3.7297,3.61035,3.82168,3.57473,2.65496,2.63003,2.59963,2.60995,2.60235,2.58916,2.49063,2.47246,239.5,229.3,241.9445,233.4,1.40484,1.31735,1.24073
12/13/2022,30.1194,14.03529,5.68188,-3.10702,-1.8858,-32.54126,-37.41887,5.01896,4.52781,4.09436,3.70762,3.55867,3.48233,3.40867,3.1525,3.76693,3.99118,4.36152,4.23891,4.68875,4.22662,3.95401,3.6508,3.58974,3.50119,3.73408,3.52669,2.56253,2.55993,2.53831,2.56213,2.55795,2.54875,2.44458,2.42248,235.2,225.5,233.16869,228,1.2988,1.24619,1.24669
12/14/2022,28.78924,13.45922,5.28737,-4.01272,-1.89221,-33.54434,-38.26914,5.02666,4.53291,4.09417,3.70441,3.5571,3.48304,3.4101,3.15522,3.78183,3.98047,4.34028,4.25919,4.67708,4.24502,3.95958,3.65154,3.59723,3.50196,3.74554,3.53791,2.54504,2.52621,2.50697,2.50496,2.50259,2.49501,2.39729,2.38251,229.5,220.5,228.61275,223.5,1.35654,1.29696,1.30291
12/15/2022,30.31161,14.04264,5.90345,-3.72153,-0.82835,-31.9786,-37.99474,5.05977,4.5475,4.0942,3.68445,3.52567,3.44074,3.36577,3.11391,3.84542,3.96977,4.32423,4.21716,4.69861,4.24567,3.95393,3.62551,3.56295,3.44905,3.68557,3.49387,2.44996,2.45996,2.44704,2.4501,2.45493,2.45453,2.36329,2.34577,225,217.2,222.89405,219.77426,1.37551,1.27705,1.2961274
12/16/2022,31.9178,15.58688,6.46102,-3.4621,-0.85951,-32.77812,-38.07694,5.01222,4.49743,4.05652,3.68106,3.54253,3.4718,3.40069,3.15101,3.834,4.0814,4.2813,4.28835,4.64152,4.17825,3.90065,3.61645,3.57715,3.4804,3.72847,3.53178,2.38603,2.38748,2.38481,2.40389,2.41578,2.42292,2.34374,2.33373,220,213.90062,221.71895,218.5,1.41645,1.3413938,1.34678
12/19/2022,28.73624,12.81621,4.55627,-5.40782,-2.79355,-34.51147,-40.46268,5.04177,4.54829,4.12237,3.75539,3.62149,3.55391,3.47198,3.21771,3.8234,4.10661,4.31022,4.7165,4.69067,4.26093,3.99421,3.70983,3.67557,3.58185,3.81709,3.62234,2.40246,2.41504,2.41402,2.43563,2.44246,2.44393,2.36494,2.35534,223.4,216.4,224.27448,220.7,1.47583,1.41785,1.41534
12/20/2022,30.70681,13.95366,4.17171,-6.98114,-5.01675,-38.45254,-43.88381,5.04091,4.57078,4.16035,3.82454,3.69786,3.63324,3.54915,3.29592,3.74144,4.08049,4.27864,4.70588,4.68454,4.26371,4.02081,3.78282,3.76767,3.68341,3.93368,3.73476,2.39255,2.43411,2.4625,2.49948,2.50836,2.5122,2.43058,2.42143,230.7,224.1,233.34199,228.9,1.47582,1.44241,1.44576
12/21/2022,31.47495,14.25437,4.5998,-6.24852,-3.81715,-35.7192,-41.83541,4.99528,4.52721,4.13233,3.81995,3.70444,3.64509,3.5708,3.32399,3.70028,4.06464,4.21423,4.67402,4.64527,4.21371,3.98992,3.77403,3.76698,3.6833,3.92801,3.74236,2.45498,2.49502,2.50343,2.54022,2.5486,2.5493,2.45966,2.44615,237,228.8,236.41563,231.5,1.40403,1.3953,1.42736
12/22/2022,29.13048,14.0472,4.59815,-5.94933,-2.8089,-35.3905,-41.53252,5.02326,4.55148,4.16081,3.8303,3.70756,3.64083,3.5547,3.30639,3.68723,3.98004,4.20338,4.66281,4.68886,4.26402,4.02077,3.78531,3.76757,3.66926,3.90879,3.72208,2.37285,2.42874,2.43904,2.4661,2.47341,2.46994,2.39626,2.39035,230.5,220.3,231.57063,225,1.48031,1.46626,1.47208
12/23/2022,28.82528,14.05988,3.96892,-5.56862,-3.17281,-36.34164,-41.83054,5.05126,4.60948,4.22898,3.8987,3.77879,3.71328,3.64169,3.40079,3.70103,4.09635,4.29468,4.66043,4.70853,4.32108,4.08847,3.85954,3.83511,3.74622,4.00663,3.82045,2.43756,2.47127,2.47615,2.4912,2.496,2.49129,2.42219,2.41539,233.03165,222.5,234.74644,227.42841,1.5292235,1.52122,1.5461659
12/27/2022,32.54184,12.67393,2.59942,-7.45612,-4.68173,-37.31735,-44.64518,5.1126,4.69126,4.31728,3.98591,3.87158,3.81037,3.73655,3.49476,3.66498,4.13182,4.38743,4.76431,4.79112,4.36558,4.19054,3.95991,3.94613,3.85718,4.10972,3.94121,2.47753,2.50625,2.51272,2.52906,2.53611,2.53425,2.46796,2.46609,237,227.3,239.20139,233.6,1.58991,1.58418,1.60521
12/28/2022,31.93279,13.36332,3.1451,-6.77038,-4.02695,-37.03897,-44.79075,5.07629,4.67671,4.31293,4.01068,3.90259,3.84432,3.76923,3.52763,3.61365,4.11595,4.44909,4.74306,4.75218,4.35715,4.1793,3.97914,3.97029,3.88459,4.13962,3.97554,2.45502,2.50122,2.50912,2.52587,2.53745,2.54157,2.47157,2.46888,237.57699,228.9,240.96009,235.32635,1.6033701,1.59559,1.6222765
12/29/2022,30.77195,13.28642,3.59845,-4.3896,-3.24952,-38.28234,-46.01989,5.08027,4.67443,4.30376,3.98983,3.86961,3.80088,3.70998,3.4615,3.66172,4.08277,4.41228,4.72651,4.746,4.36644,4.1709,3.95405,3.91351,3.83341,4.09281,3.9217,2.42686,2.47502,2.48973,2.51486,2.52402,2.52672,2.45408,2.45046,237.6,228.2,240.69917,234.28875,1.57805,1.55141,1.5788125
12/30/2022,29.21054,11.58273,2.30931,-6.26977,-4.20164,-40.10613,-48.44546,5.11266,4.69302,4.30574,3.98418,3.85929,3.78732,3.69935,3.45184,4.0121,4.36339,4.3791,4.75589,4.77408,4.40091,4.18991,3.96108,3.92198,3.82933,4.10041,3.93629,2.45813,2.49305,2.50537,2.52697,2.53523,2.53446,2.44517,2.43584,238.70279,229.2,239.31187,232.1,1.5740521,1.53733,1.61529
1/3/2023,28.09478,9.67499,0.96252,-6.9516,-5.48579,-40.89781,-48.28186,5.11577,4.68511,4.28822,3.95328,3.81701,3.73573,3.64781,3.4067,4.01676,4.29965,4.43926,4.78291,4.7568,4.40416,4.19147,3.94365,3.88652,3.79058,4.05679,3.88952,2.34904,2.40489,2.40835,2.46052,2.48536,2.50506,2.42911,2.43751,232.3,226.6,240.02699,232,1.62065,1.52458,1.56952
1/4/2023,28.9317,10.59522,1.00008,-6.18603,-4.83726,-38.89368,-46.3998,5.12413,4.67491,4.25185,3.88402,3.74244,3.65957,3.58786,3.35418,4.04181,4.31971,4.51129,4.78556,4.7534,4.38559,4.1459,3.87402,3.8043,3.70794,3.9768,3.81818,2.20503,2.29251,2.31133,2.39382,2.42515,2.45224,2.39063,2.40172,225,221.9,234.41166,227.9,1.62402,1.48894,1.53918
1/5/2023,28.40905,10.54023,1.03921,-6.23331,-4.68696,-38.89294,-45.76007,5.17921,4.73656,4.30582,3.92099,3.76762,3.67409,3.5816,3.33951,4.01897,4.33977,4.61441,4.84339,4.81387,4.45235,4.20033,3.91055,3.82991,3.72093,3.97051,3.7971,2.185,2.29137,2.31088,2.39505,2.43035,2.45611,2.39598,2.39779,224.9,221.9,235.99145,227.4,1.66155,1.50193,1.5231
1/6/2023,29.65726,10.91278,1.24297,-6.04469,-5.27565,-40.20653,-45.87906,5.09555,4.55548,4.09837,3.72426,3.58747,3.51636,3.45815,3.23239,4.11969,4.46671,4.61266,4.82022,4.75093,4.25881,3.98917,3.71179,3.64789,3.56909,3.8602,3.69117,2.07995,2.21925,2.264,2.35381,2.40112,2.43968,2.38918,2.39451,222.5,221.4,236.72064,227.66674,1.48679,1.35509,1.4145026
1/9/2023,29.19943,10.59281,1.18726,-5.91716,-5.68147,-39.8951,-45.64581,5.05904,4.49031,4.04235,3.66233,3.52722,3.45965,3.41048,3.19268,4.24167,4.52783,4.59541,4.84,4.73922,4.19832,3.93642,3.65046,3.58639,3.51646,3.80943,3.64913,1.95758,2.16767,2.2271,2.33105,2.38721,2.43431,2.39555,2.40793,221.6,221.3,237.68073,228.8,1.43446,1.30346,1.36113
1/10/2023,27.8978,13.65337,0.89069,-6.0129,-5.81485,-40.22003,-45.54676,5.08447,4.53561,4.10403,3.74039,3.61744,3.55975,3.51484,3.29761,4.25138,4.54269,4.63633,4.85,4.7885,4.25663,3.96741,3.73148,3.67757,3.61789,3.91704,3.75307,1.96015,2.16257,2.23232,2.34497,2.4009,2.44746,2.41291,2.42947,223.75878,223.5,239.54698,231.2,1.4938922,1.38289,1.44107
1/11/2023,27.20944,12.95997,2.34489,-4.7986,-4.46329,-38.21267,-43.18332,5.07917,4.49836,4.05336,3.69262,3.56665,3.51022,3.46405,3.24717,4.24069,4.54726,4.67206,4.86531,4.77679,4.22731,3.92375,3.66917,3.61464,3.55485,3.84617,3.679,1.99455,2.1776,2.24378,2.34102,2.39601,2.44115,2.40539,2.41747,223.6,222.7,237.81634,229.5,1.43317,1.32785,1.384
1/12/2023,28.64104,15.24625,3.71718,-3.60634,-3.09366,-35.26491,-39.43969,5.03894,4.42376,3.96193,3.5806,3.45985,3.41545,3.38661,3.17879,4.29472,4.51465,4.59886,4.79025,4.72076,4.1363,3.80966,3.54343,3.49591,3.44639,3.73926,3.57319,2.06502,2.21465,2.27348,2.35333,2.40059,2.43451,2.38874,2.39049,225.1,221.6,234.45788,226.3,1.29243,1.23039,1.31019
1/13/2023,26.18998,13.86481,3.82569,-3.89997,-3.34545,-34.89311,-38.78773,5.07363,4.50036,4.03726,3.65066,3.52381,3.47555,3.44039,3.23346,4.44581,4.5484,4.6069,4.78773,4.74045,4.23846,3.89864,3.61242,3.56282,3.50902,3.78932,3.62134,2.05208,2.2107,2.2622,2.34371,2.38195,2.40471,2.34141,2.33572,224.5,219.1,229.69825,221.2,1.36742,1.31802,1.40934
1/17/2023,26.00746,13.94587,2.96311,-5.39136,-4.84663,-35.32372,-39.81436,5.05409,4.45107,4.00177,3.6367,3.52396,3.48527,3.45603,3.24875,4.46568,4.56325,4.66228,4.84935,4.72324,4.18995,3.86234,3.60709,3.57789,3.53374,3.80927,3.6469,1.99853,2.18004,2.23495,2.32002,2.36337,2.39106,2.34316,2.33683,222.5,217.6,227.33697,220.4,1.38209,1.35774,1.4429
1/18/2023,27.68761,15.70718,6.00341,-1.83282,-2.51055,-30.16383,-37.15728,5.01681,4.35199,3.8745,3.49255,3.37944,3.34924,3.35841,3.16989,4.44982,4.56268,4.65131,4.80682,4.69222,4.07406,3.71746,3.43253,3.39778,3.37435,3.66005,3.54146,1.97954,2.1302,2.16994,2.24757,2.30507,2.34854,2.31475,2.32592,215.5,213.6,222.50926,218.1,1.27753,1.23835,1.36046
1/19/2023,27.14312,14.78055,5.05656,-2.86815,-3.54123,-33.08899,-39.51701,5.04269,4.38731,3.91241,3.53427,3.40651,3.3615,3.36117,3.17136,4.549,4.55581,4.6559,4.81682,4.72202,4.11588,3.7646,3.4837,3.43519,3.39691,3.69206,3.56653,2.06516,2.20512,2.24798,2.332,2.38761,2.42836,2.38148,2.37493,223.7,222.20438,228.65151,223.49837,1.2467,1.1748662,1.3315463
1/20/2023,25.6082,14.09077,4.83549,-2.66934,-3.22216,-32.94952,-39.81607,5.05879,4.43795,3.97781,3.61321,3.49366,3.4511,3.44643,3.25652,4.5678,4.5284,4.65412,4.82022,4.74228,4.18187,3.8369,3.56486,3.52035,3.48332,3.77592,3.65468,2.15995,2.23665,2.26557,2.35074,2.40575,2.44552,2.39934,2.39418,227.2,223.8,230.97328,225.8,1.29286,1.24532,1.39668
1/23/2023,25.31856,14.87947,4.39327,-3.27272,-3.81762,-33.24327,-40.45535,5.08822,4.49224,4.04452,3.66828,3.53812,3.48365,3.47506,3.28511,4.59798,4.60495,4.65768,4.86531,4.74995,4.23905,3.89573,3.62435,3.57085,3.52183,3.80749,3.68966,2.24671,2.30496,2.32802,2.40484,2.45401,2.48546,2.4418,2.43689,232.1,227.8,234.38314,229.10263,1.30335,1.24383,1.3986337
1/24/2023,31.79342,14.69944,4.0404,-3.87508,-3.99217,-32.72961,-40.32578,5.07641,4.46793,4.00901,3.62134,3.48449,3.42657,3.41001,3.21628,4.60253,4.6095,4.69342,4.84935,4.74105,4.15,3.86202,3.58094,3.52324,3.46649,3.7373,3.61954,2.25904,2.32797,2.34205,2.40377,2.45275,2.48628,2.44458,2.44292,232,228,235.27669,229.8,1.26094,1.18649,1.32154
1/25/2023,29.95195,14.80425,6.53254,-2.74509,-3.02522,-31.25304,-38.71476,5.03531,4.43582,3.98755,3.60735,3.47985,3.43058,3.42475,3.23525,4.55584,4.58323,4.67206,4.82277,4.7077,4.1363,3.83951,3.54202,3.5073,3.46083,3.73728,3.6224,2.2577,2.32,2.34418,2.41131,2.45835,2.49436,2.4571,2.45997,233,229.3,236.28808,231.5,1.21202,1.16783,1.3074
1/26/2023,28.67409,14.21394,6.34009,-2.32679,-2.4237,-31.28263,-37.7568,5.04763,4.46417,4.02376,3.64943,3.51748,3.46492,3.44478,3.24934,4.56039,4.53008,4.66109,4.82744,4.71821,4.17743,3.88162,3.58603,3.54075,3.48916,3.75761,3.62691,2.35446,2.38247,2.39357,2.45112,2.496,2.53129,2.48316,2.47717,238.5,233.9,241.52016,233.6,1.20103,1.15016,1.29091
1/27/2023,28.74919,14.81616,6.40211,-2.32918,-1.88616,-29.89439,-37.24301,5.05863,4.49374,4.0551,3.68371,3.55427,3.49843,3.46467,3.26061,4.54845,4.53354,4.66967,4.83084,4.72193,4.20625,3.90694,3.61969,3.57756,3.51729,3.76361,3.63304,2.32501,2.34745,2.3753,2.44793,2.4917,2.52129,2.47171,2.46375,238.5,233,240.50697,232.5,1.23469,1.18729,1.30804
1/30/2023,28.537,15.41315,6.17062,-2.37072,-1.81276,-29.75731,-37.407,5.07993,4.54522,4.12043,3.74281,3.60111,3.53233,3.49202,3.28546,4.54277,4.60495,4.67845,4.84403,4.76019,4.25981,3.96633,3.68112,3.62482,3.55045,3.78958,3.65952,2.23255,2.28302,2.34004,2.43077,2.4707,2.50127,2.45036,2.44221,235.6,230,237.25631,229.1,1.32512,1.25045,1.36852
1/31/2023,28.66733,14.39955,5.8023,-2.61151,-2.18691,-31.10692,-38.72022,5.05498,4.49296,4.05652,3.6933,3.56293,3.50623,3.47518,3.27272,4.5422,4.59408,4.65709,4.82277,4.73181,4.20629,3.91259,3.6353,3.58906,3.5281,3.78624,3.65992,2.24647,2.29751,2.33769,2.39698,2.43095,2.45323,2.40213,2.39499,232.2,224.7,228.58185,223.5,1.3133,1.2811,1.42492
2/1/2023,28.98361,15.91926,6.37724,-1.54178,-1.6145,-30.3272,-38.11643,5.00971,4.39795,3.9388,3.55846,3.43254,3.38126,3.36444,3.16722,4.53652,4.58837,4.65131,4.80682,4.709,4.1084,3.77983,3.49481,3.44804,3.39745,3.66773,3.5484,2.22004,2.28994,2.32668,2.395,2.42767,2.4525,2.39991,2.39202,232.5,225,227.43302,223.1,1.16981,1.14745,1.3174
2/2/2023,28.22468,15.72524,7.45313,-0.28002,-0.32544,-27.43231,-34.53609,4.99554,4.3708,3.91994,3.55636,3.43694,3.394,3.39227,3.20908,4.54107,4.54552,4.64034,4.77962,4.68068,4.08873,3.7628,3.4819,3.43979,3.39728,3.66661,3.55445,2.21503,2.2626,2.30163,2.388,2.41859,2.44151,2.37483,2.35323,231.3,223.4,225.56649,219.7,1.1689,1.16328,1.35745
2/3/2023,27.54893,16.17087,7.89159,-0.42367,-0.28021,-28.86184,-35.67213,5.15167,4.57562,4.12557,3.74315,3.59902,3.52833,3.4754,3.26918,4.53427,4.56953,4.64894,4.83615,4.82307,4.30003,3.96379,3.66419,3.60322,3.53111,3.764,3.62589,2.18008,2.27,2.30167,2.38982,2.41985,2.43755,2.36787,2.34774,232.1,223.5,226.16078,219.4,1.34319,1.29611,1.43189
2/6/2023,26.69236,15.60206,6.20925,-2.41657,-1.80287,-30.20476,-37.11468,5.25289,4.72168,4.27989,3.87557,3.71034,3.61349,3.52191,3.29992,4.53881,4.60495,4.6473,4.85675,4.90578,4.4546,4.12376,3.81341,3.73446,3.63148,3.82394,3.67105,2.28499,2.36124,2.3844,2.44297,2.46269,2.4602,2.39144,2.36846,237.3,225.9,229.58928,221.6,1.44041,1.37248,1.45505
2/7/2023,27.72025,18.64778,5.71355,-3.20728,-2.24513,-29.99454,-36.6434,5.27086,4.74579,4.3033,3.9005,3.74129,3.64921,3.56038,3.33851,4.56378,4.59922,4.67785,4.88724,4.92736,4.46859,4.11682,3.84336,3.77336,3.67166,3.86033,3.70494,2.42518,2.44497,2.4648,2.51894,2.52788,2.51493,2.43801,2.4072,245.4,232,234.98923,227,1.38936,1.35166,1.43494
2/8/2023,28.04271,18.38408,5.78144,-2.91821,-0.40157,-30.93897,-37.03389,5.26908,4.7337,4.28303,3.87589,3.71835,3.62908,3.55542,3.34089,4.553,4.61406,4.70838,4.92382,4.92113,4.45327,4.09919,3.81808,3.74753,3.6331,3.86481,3.71123,2.52252,2.52239,2.52975,2.56461,2.56945,2.55347,2.47532,2.44574,250.82868,236.4,239.79857,231.29044,1.3097932,1.2691,1.3983256
2/9/2023,28.53793,17.6956,5.05971,-3.60803,-1.13474,-30.64668,-37.86117,5.29677,4.79363,4.35462,3.9312,3.76602,3.67025,3.58934,3.37389,4.58082,4.65874,4.7389,4.92316,4.92881,4.50825,4.17766,3.8806,3.8021,3.6816,3.89581,3.7525,2.57974,2.55247,2.54756,2.56452,2.56946,2.55504,2.47357,2.44118,251.10276,234.5,238.81748,230.6,1.3695724,1.3366,1.4465
2/10/2023,30.6221,18.1871,4.76573,-4.13693,-1.84712,-30.63691,-38.5731,5.32048,4.81796,4.37778,3.97115,3.81315,3.72407,3.65081,3.43904,4.5791,4.70325,4.7578,4.92117,4.93514,4.51174,4.19591,3.92349,3.85452,3.74254,3.95718,3.82477,2.63998,2.58251,2.5679,2.56844,2.57267,2.55773,2.47891,2.45191,252.3,234.9,239.29151,231.7,1.40049,1.39354,1.50777
2/13/2023,29.05439,17.34084,5.62385,-2.77034,-1.24332,-29.62048,-37.83754,5.32399,4.82388,4.3932,3.98169,3.80865,3.70436,3.62508,3.4127,4.59895,4.70779,4.76754,5.01965,4.96781,4.53334,4.21979,3.92545,3.83635,3.71679,3.92128,3.79108,2.65015,2.55471,2.53774,2.54796,2.55204,2.53699,2.45775,2.42699,249.1,231.5,236.41979,229,1.43445,1.40179,1.50108
2/14/2023,33.66621,21,6.94296,-1.81581,-0.45267,-29.90932,-38.59155,5.39965,4.95736,4.52549,4.07129,3.87978,3.75522,3.63982,3.41456,4.55243,4.69176,4.77128,5.01965,5.03383,4.6207,4.31549,4.00186,3.89794,3.75975,3.93891,3.80048,2.79952,2.63094,2.58186,2.57131,2.5608,2.53197,2.44983,2.4202,252,231.2,235.64255,228.4,1.48186,1.44775,1.51648
2/15/2023,33.92825,20.31778,7.18552,-2.19481,-0.83934,-30.43904,-40.24785,5.37083,4.96485,4.54995,4.10952,3.91946,3.79743,3.67661,3.44854,4.55697,4.68601,4.77066,5.00368,5.02202,4.62557,4.34677,4.03766,3.94141,3.80582,3.98097,3.85102,2.88498,2.68712,2.63217,2.61,2.59719,2.57002,2.47836,2.43654,256.5,235.3,238.64363,231.4,1.47266,1.45282,1.53702
2/16/2023,31.73928,19.10054,6.57932,-2.40089,-0.58645,-31.04289,-40.15784,5.36391,4.93401,4.52674,4.11261,3.94124,3.83662,3.72859,3.50153,4.58082,4.66903,4.79079,5.00299,5.01577,4.61662,4.33573,4.04682,3.96525,3.84248,4.03893,3.90311,2.94006,2.72807,2.65995,2.62536,2.61363,2.58984,2.5076,2.47698,257.8,237.6,243.69036,235.9,1.46882,1.46648,1.54411
2/17/2023,31.75529,19.75952,6.20076,-2.09697,-0.3294,-31.38407,-40.81701,5.40539,4.93984,4.51733,4.0965,3.92642,3.82402,3.7089,3.47799,4.58874,4.73865,4.80383,5.02152,5.05744,4.62229,4.31973,4.03449,3.94739,3.82731,4.02269,3.88616,2.93914,2.72529,2.6462,2.59055,2.5873,2.57852,2.49756,2.47078,255.3,236.6,243.45747,233.7,1.48149,1.46131,1.54916
2/21/2023,33.81225,19.27549,5.94064,-3.1175,-0.0141,-31.55055,-40.39267,5.47448,5.03969,4.63494,4.23118,4.05948,3.95143,3.81447,3.57116,4.57795,4.73803,4.80763,5.11024,5.13171,4.70157,4.44219,4.17178,4.09066,3.95157,4.12987,3.97508,3.04757,2.80498,2.7268,2.67496,2.65858,2.63572,2.54876,2.5163,263.5,242.7,248.48893,238,1.53678,1.52457,1.59508
2/22/2023,33.73602,19.29833,8.49043,-3.01422,0.34872,-30.63157,-39.51228,5.47298,5.03561,4.62116,4.21502,4.03937,3.92586,3.78061,3.53201,4.54676,4.72199,4.82257,5.09425,5.11491,4.69846,4.42829,4.13018,4.06956,3.92241,4.08689,3.92715,3.00957,2.76863,2.69056,2.65237,2.6426,2.62738,2.53202,2.49177,261.1,241.5,246.57988,235.8,1.51918,1.50741,1.56915
2/23/2023,33.27598,19.06144,7.56044,-2.8876,-0.16312,-31.1724,-39.64665,5.46806,5.02463,4.59617,4.17923,3.99787,3.87802,3.73074,3.48099,4.47204,4.69992,4.82194,5.08288,5.08621,4.69224,4.40581,4.10378,4.02686,3.87974,4.04248,3.87749,3.07185,2.7725,2.68868,2.64532,2.63985,2.62989,2.52335,2.47849,258.9,240.1,244.50158,233.1,1.51478,1.47874,1.54649
2/24/2023,34.40858,20.43947,7.50523,-2.28461,0.15858,-33.12193,-39.89282,5.51841,5.14784,4.73252,4.28448,4.08559,3.94758,3.79063,3.53661,4.5791,4.69811,4.82521,5.10206,5.10925,4.80421,4.52844,4.20901,4.11013,3.94813,4.12345,3.93692,3.07751,2.77322,2.66285,2.611,2.60797,2.60194,2.50633,2.47269,256.1,237.7,245.85426,232.4,1.64801,1.57113,1.61292
2/27/2023,34.81665,19.86417,8.06564,-1.9941,0.60556,-32.57684,-39.40209,5.51847,5.13993,4.70885,4.25277,4.05641,3.92696,3.77706,3.52394,4.60916,4.75408,4.82385,5.12624,5.08338,4.79176,4.51021,4.17211,4.07635,3.9209,4.10283,3.91796,3.08254,2.76831,2.65529,2.60548,2.59892,2.58778,2.4924,2.45927,255.8,236.9,245.58664,231.8,1.61411,1.5519,1.59996
2/28/2023,35.4642,21.42018,8.53355,-1.50066,0.936,-32.61541,-39.5837,5.52276,5.15069,4.7162,4.25224,4.05357,3.92255,3.78258,3.53276,4.59326,4.73289,4.83879,5.11024,5.07149,4.79605,4.502,4.1669,4.06858,3.91319,4.10873,3.9286,3.18968,2.8679,2.74898,2.67702,2.65548,2.62927,2.52754,2.48778,263.7,241.8,249.0126,235.4,1.5299,1.49519,1.5746
3/1/2023,34.53855,20.12494,8.51956,-2.30303,1.17462,-33.20021,-38.83049,5.57002,5.23326,4.81017,4.34813,4.14387,4.00719,3.83182,3.564,4.58248,4.72199,4.84853,5.1369,5.1099,4.88787,4.60892,4.26293,4.1669,3.99544,4.16382,3.9523,3.19147,2.87997,2.76449,2.70149,2.67168,2.63826,2.53213,2.49125,266.4,243.2,253.4028,236.5,1.59893,1.56344,1.5873
3/2/2023,34.31036,20.49869,8.57483,-2.42735,1.27617,-33.11579,-39.05297,5.55976,5.24481,4.84617,4.40804,4.2154,4.0852,3.90215,3.62893,4.5819,4.72138,4.84789,5.12019,5.09242,4.90171,4.64118,4.32229,4.23967,4.07244,4.23331,4.01946,3.21495,2.92983,2.82746,2.76473,2.72941,2.68612,2.56673,2.51403,272.6,248.2,256.78484,239.4,1.59629,1.59044,1.62546
3/3/2023,33.84015,18.54957,8.48839,-2.07903,1.84813,-33.48537,-38.42046,5.55124,5.19799,4.78195,4.33673,4.12796,3.98098,3.77867,3.50161,4.65059,4.74441,4.84596,5.11803,5.08471,4.85959,4.59645,4.25185,4.14875,3.9625,4.11352,3.88581,3.31358,3.0123,2.90167,2.83722,2.78389,2.72295,2.5783,2.51647,278.6,251.8,258.67079,239.9,1.46585,1.4445,1.48681
3/6/2023,32.17353,17.41371,7.61419,-2.59838,1.09546,-34.07497,-38.61181,5.57896,5.2141,4.79426,4.34402,4.13719,3.99218,3.79881,3.52453,4.67298,4.74379,4.85502,5.11701,5.10632,4.89341,4.62012,4.26788,4.16317,3.98123,4.13956,3.91065,3.34001,3.02502,2.90706,2.83181,2.78212,2.71883,2.56313,2.49768,277.7,250.5,257.34181,238.4,1.49088,1.47623,1.52665
3/7/2023,33.96473,20.73935,6.79153,-2.54812,0.88715,-34.70632,-39.65244,5.74531,5.34912,4.89539,4.382,4.14951,3.98333,3.77181,3.48977,4.70045,4.79974,4.96868,5.23368,5.27325,5.00947,4.688,4.31408,4.17499,3.97446,4.11887,3.88629,3.21504,2.87499,2.74805,2.65214,2.62847,2.59309,2.46778,2.41946,261,238.8,249.50772,231.2,1.70408,1.58646,1.57429
3/8/2023,30.66246,17.36509,5.67294,-3.07812,0.31785,-34.49973,-40.54877,5.77283,5.37143,4.90738,4.39138,4.15015,3.97676,3.75678,3.46982,4.66923,4.79397,4.99918,5.28685,5.28368,5.06481,4.73373,4.33465,4.18093,3.97358,4.10178,3.87531,3.12502,2.79706,2.673,2.59452,2.57294,2.54247,2.42362,2.38275,254.7,233.5,244.14626,227.4,1.78765,1.63858,1.60131
3/9/2023,31.84745,18.04178,6.42305,-2.3825,0.63175,-34.35552,-40.97035,5.69313,5.21693,4.7505,4.28287,4.07085,3.92811,3.73589,3.45923,4.46438,4.8544,4.97772,5.2642,5.21582,4.89846,4.57008,4.21864,4.09468,3.92179,4.07945,3.86893,2.96545,2.70992,2.60381,2.55656,2.54006,2.51545,2.40297,2.36549,250.9,230.8,240.05221,225.3,1.70964,1.61379,1.61593
3/10/2023,27.486,13.69699,5.14395,-4.09343,-0.888,-36.53696,-42.66941,5.41048,4.8611,4.44094,4.00307,3.80992,3.68505,3.53216,3.27238,4.51348,4.84217,4.93935,5.11803,4.90182,4.58624,4.30397,3.95163,3.85085,3.69393,3.89753,3.69907,2.83003,2.57251,2.49382,2.47616,2.47692,2.47739,2.38967,2.3635,241.1,226,237.44556,224.6,1.54063,1.43393,1.45307
3/13/2023,24.87423,14.26891,7.62352,-1.38034,2.00919,-36.5859,-42.39442,4.74616,4.27703,4.02989,3.74171,3.60975,3.53301,3.45935,3.24113,4.4622,4.74893,4.80826,4.70057,4.32696,4.02829,3.8872,3.66547,3.62355,3.51292,3.82521,3.66507,2.60875,2.37612,2.37555,2.40757,2.42918,2.45766,2.38009,2.36693,233.5,224.5,235.11456,224.7,1.33047,1.26792,1.41807
3/14/2023,23.03758,14.03221,9.26556,1.34108,5.50525,-32.21959,-40.44388,4.87748,4.45363,4.19435,3.88667,3.75607,3.68897,3.58386,3.35463,4.41095,4.70204,4.79205,4.86531,4.51346,4.22325,4.05403,3.79401,3.74266,3.63392,3.90606,3.75907,2.81002,2.555,2.50734,2.51509,2.51924,2.52127,2.42824,2.39999,243,230.5,237.84934,228,1.36401,1.32892,1.47907
3/15/2023,26.84233,16.56097,12.60823,3.57131,6.87827,-30.10854,-38.96855,4.64623,4.23991,4.00951,3.70866,3.59721,3.5601,3.5045,3.29628,NA,4.4702,4.7499,4.69526,4.27106,3.97149,3.8439,3.58258,3.56148,3.49131,3.80557,3.68596,2.67098,2.45771,2.44622,2.50758,2.52162,2.52799,2.43594,2.40902,239.5,228.8,233.81142,226.4,1.18758,1.20331,1.42196
3/16/2023,27.73862,16.00759,11.3553,1.04739,4.48047,-35.0431,-42.01268,4.88003,4.40536,4.14389,3.84841,3.70203,3.62563,3.51929,3.29166,4.10509,4.58668,4.67665,4.88061,4.52336,4.12901,3.98381,3.73486,3.69156,3.58083,3.86972,3.71179,2.60126,2.40933,2.39008,2.45501,2.46812,2.47392,2.39195,2.37593,234,223.4,233.39235,222.6,1.39486,1.34683,1.48579
3/17/2023,26.976,14.86322,12.00882,1.93278,4.39358,-36.84455,-42.47226,4.62736,4.11343,3.84943,3.58354,3.47659,3.43895,3.39192,3.17357,4.06867,4.45128,4.43139,4.66633,4.28002,3.84367,3.7008,3.46345,3.45726,3.39501,3.76037,3.59829,2.52356,2.3155,2.30534,2.35849,2.37609,2.38273,2.29807,2.27949,221.39187,211.9,224.2576,211.2,1.2495313,1.27601,1.48629
3/20/2023,27.09581,15.51349,9.61002,-0.35092,2.68116,-38.96519,-44.43552,4.70988,4.19287,3.93349,3.66552,3.55086,3.50212,3.44055,3.21549,4.24167,4.48672,4.62654,4.73774,4.37823,3.92191,3.77836,3.56942,3.55437,3.47531,3.8302,3.65985,2.59981,2.3719,2.35008,2.3877,2.40657,2.41445,2.32568,2.30745,224,215.7,227.28553,215,1.32942,1.31831,1.50985
3/21/2023,29.31034,17.24522,9.95445,1.21799,3.20596,-37.82374,-44.82828,4.9983,4.46776,4.15459,3.84311,3.70691,3.63568,3.53063,3.28553,3.96067,4.38855,4.68304,4.89722,4.69275,4.17486,3.98227,3.74365,3.69479,3.60366,3.90889,3.73383,2.70195,2.46754,2.42337,2.4581,2.47515,2.47757,2.37783,2.34935,232.8,223.4,233.80652,220.8,1.41565,1.36966,1.52583
3/22/2023,31.99503,19.1402,10.88628,2.07189,3.30949,-36.68383,-42.98463,4.92004,4.29625,3.96532,3.68119,3.57282,3.53089,3.487,3.26309,3.93475,4.43938,4.68762,4.83872,4.54816,3.97654,3.77408,3.5724,3.55215,3.49783,3.85385,3.69295,2.82101,2.54773,2.50705,2.53763,2.55076,2.54492,2.44204,2.40367,241,230,238.0903,226,1.1624,1.19783,1.43295
3/23/2023,30.17805,17.95782,9.93932,0.80685,1.23535,-38.61342,-44.82709,4.75215,4.10549,3.78086,3.51473,3.42891,3.41565,3.42549,3.23135,3.96792,4.39119,4.63516,4.7212,4.39236,3.80371,3.60128,3.4153,3.42082,3.40327,3.81165,3.67985,2.6851,2.46992,2.44162,2.47246,2.49766,2.50491,2.41247,2.3849,234.5,225.5,232.07984,223,1.0703,1.14827,1.44985
3/24/2023,31.3114,18.1119,9.17339,0.42575,0.30512,-39.21753,-45.74758,4.74122,4.08816,3.76592,3.49844,3.40509,3.38018,3.38029,3.18438,4.06867,4.38961,4.64894,4.69815,4.33549,3.77505,3.5848,3.40669,3.40082,3.37711,3.7725,3.64209,2.59684,2.40808,2.39497,2.42493,2.46057,2.48018,2.39495,2.3748,228.5,222.5,230.34131,220.5,1.12169,1.15211,1.43709
3/27/2023,33.88101,16.47272,7.42999,-0.83184,-0.26435,-39.57471,-46.58445,4.9188,4.29981,3.95578,3.66713,3.56196,3.52438,3.49942,3.29258,4.16514,4.3788,4.73036,4.82277,4.51761,3.961,3.79105,3.59283,3.57028,3.52702,3.89521,3.75867,2.69005,2.49193,2.4671,2.486,2.50541,2.50072,2.41038,2.38495,234.69185,224.8,230.70457,221.5,1.2459115,1.27902,1.54367
3/28/2023,31.84698,16.14822,7.55107,-1.04082,-0.32214,-39.35747,-47.15247,4.9623,4.37826,4.02956,3.72774,3.6123,3.56259,3.52132,3.31258,4.65368,4.22422,4.71418,4.82277,4.56695,4.05979,3.86808,3.65223,3.62271,3.56581,3.91459,3.7841,2.73689,2.54625,2.51932,2.545,2.5601,2.55374,2.4536,2.42397,241.5,231,235.14982,226.4,1.23723,1.25581,1.5201
3/29/2023,32.88497,17.41447,6.74111,-0.46181,-0.18112,-39.40121,-46.10508,4.98844,4.40717,4.05546,3.74156,3.61699,3.56306,3.52173,3.3159,4.65368,4.3264,4.75509,4.5666,4.61077,4.07935,3.88132,3.67415,3.62161,3.56487,3.91574,3.77695,2.70704,2.54501,2.53294,2.57108,2.58489,2.57072,2.46624,2.43191,245.21928,232.9,237.47879,227.7,1.2219572,1.23587,1.49995
3/30/2023,33.05275,17.54821,5.8722,-1.37827,-0.44148,-38.90147,-45.3456,5.00974,4.42738,4.05538,3.7208,3.59849,3.5453,3.49936,3.2919,4.72496,4.59698,4.7856,4.65635,4.65738,4.09685,3.88064,3.66207,3.61227,3.54972,3.88838,3.74536,2.72401,2.56203,2.54624,2.58484,2.59901,2.58294,2.47223,2.43053,247.5,233.8,236.65196,226.8,1.18707,1.21172,1.47736
3/31/2023,33.14552,18.3654,5.90413,-1.73862,-0.12743,-37.11763,-43.9196,5.00608,4.39182,4.00985,3.66933,3.54269,3.488,3.45048,3.24801,4.67225,4.72897,4.74224,4.78213,4.66393,4.06036,3.82696,3.61029,3.56008,3.48928,3.82166,3.68727,2.77755,2.59503,2.5686,2.60052,2.60773,2.58097,2.47093,2.42119,249.3,233,232.18859,225,1.11729,1.15928,1.43727
4/3/2023,34.81868,19.17901,6.32859,-1.44677,-0.47789,-37.02867,-42.27005,5.01326,4.32608,3.93222,3.59094,3.4715,3.42531,3.41215,3.22148,4.62079,4.7335,4.79268,4.79213,4.64669,3.97892,3.74121,3.52766,3.48597,3.43009,3.78244,3.64424,2.84656,2.57674,2.53453,2.56152,2.56737,2.54051,2.43181,2.38135,245.6,229.6,229.31996,221.4,1.07166,1.13409,1.43024
4/4/2023,32.96226,17.57255,6.27715,-1.77917,-0.63361,-36.22873,-41.72394,4.87032,4.16108,3.77359,3.44916,3.35237,3.32953,3.35132,3.17496,4.54393,4.73289,4.82321,4.74899,4.52975,3.83249,3.59863,3.38639,3.37016,3.33587,3.71361,3.59225,2.72998,2.48991,2.46427,2.49725,2.51353,2.50198,2.39286,2.34844,239.6,225.7,225.88642,219.1,0.99039,1.07887,1.40125
4/5/2023,31.25655,15.64808,6.16279,-1.5112,0.01629,-34.2773,-40.7852,4.76967,4.05881,3.68889,3.39769,3.30329,3.28181,3.31604,3.14699,4.36546,4.69629,4.83296,4.79087,4.47941,3.76231,3.54502,3.3428,3.32313,3.28487,3.66088,3.55654,2.78693,2.51379,2.47129,2.48741,2.50364,2.49178,2.38419,2.34327,237.5,224.1,223.88401,218.2,0.9678,1.04387,1.37454
4/6/2023,32.76934,17.00037,7.24188,-0.11397,0.29765,-34.1157,-39.96254,4.8536,4.13426,3.74856,3.42431,3.32,3.29037,3.31133,3.13809,4.39543,4.71022,4.85308,4.83276,4.54523,3.81989,3.58847,3.35627,3.32426,3.28944,3.65375,3.5388,2.76086,2.50525,2.47226,2.50173,2.5163,2.50399,2.39739,2.36186,238.10904,224.80931,226.2059,219.89833,0.9751796,1.0413469,1.3398167
4/7/2023,34.18486,17.89974,7.46793,0.32939,0.5961,-33.31991,-40.05599,5.0108,4.30355,3.90944,3.55514,3.43311,3.3872,3.38361,3.20004,4.64521,4.83188,4.92378,4.93712,4.67086,3.968,3.73363,3.48254,3.43129,3.38224,3.71738,3.6012,2.7496,2.51804,2.48797,2.52199,2.535,2.51772,2.405,2.3653,239.60249,226.20302,227.22171,220.99949,1.0865151,1.1202098,1.3912051
4/10/2023,34.0309,18.14222,8.17886,0.54687,0.75941,-33.88526,-41.02059,5.04849,4.3459,3.95068,3.59951,3.47394,3.42161,3.40398,3.21547,4.46438,4.77465,4.93817,4.9664,4.71738,4.00559,3.76926,3.51772,3.46847,3.41401,3.74283,3.62567,2.74245,2.51567,2.48911,2.52799,2.54402,2.53095,2.42246,2.38795,240.3,227.6,229.56583,222.8,1.11472,1.13801,1.39767
4/11/2023,31.88754,19.09694,7.69935,0.34832,0.07993,-34.73486,-41.79416,5.04499,4.37577,3.98847,3.62654,3.49403,3.43355,3.39825,3.20257,4.5146,4.76889,4.97907,4.95576,4.75837,4.05689,3.79749,3.54955,3.49055,3.43274,3.74559,3.62051,2.75005,2.53488,2.51136,2.54962,2.56581,2.55057,2.44591,2.406,242.3,229.3,231.8084,224.4,1.12655,1.13974,1.37651
4/12/2023,31.61598,18.80399,8.06022,0.40709,-0.81708,-36.08164,-43.1782,4.98806,4.28752,3.89488,3.5566,3.44713,3.41143,3.40367,3.22199,4.61553,4.75284,4.99398,4.92382,4.71339,3.97136,3.70698,3.47625,3.44305,3.41959,3.76448,3.65376,2.58616,2.43253,2.43683,2.51138,2.54295,2.54324,2.45016,2.42426,238.5,228.7,232.52249,226.8,1.09125,1.13259,1.38576
4/13/2023,30.88118,18.85195,7.69313,-0.29952,-0.79011,-35.51325,-42.66328,4.97587,4.28444,3.90369,3.58297,3.4754,3.44172,3.43782,3.25891,4.56421,4.75141,5.00369,4.92316,4.72941,3.97458,3.7153,3.5063,3.4784,3.44962,3.79295,3.68554,2.45753,2.38749,2.40859,2.49125,2.53906,2.55521,2.47651,2.46052,236,229.9,235.54118,230.3,1.1463,1.15062,1.38254
4/14/2023,30.19443,18.53424,7.27113,-0.38002,-1.11004,-35.91929,-42.8168,5.08748,4.40155,4.02304,3.68264,3.55961,3.51025,3.49,3.3084,NA,4.8113,5.05355,4.99562,4.86065,4.10209,3.83771,3.60994,3.56342,3.52137,3.84919,3.73657,2.49821,2.42199,2.44871,2.52246,2.55594,2.55828,2.46804,2.44183,238.5,230.6,234.61268,228.6,1.22494,1.21537,1.45057
4/17/2023,30.15924,19.85599,7.51827,-0.32168,-0.95692,-35.58881,-42.39409,5.13742,4.48699,4.1118,3.76688,3.63552,3.58029,3.561,3.37958,NA,4.90842,5.13578,5.04096,4.88221,4.1868,3.91326,3.69171,3.63887,3.58986,3.91689,3.80352,2.5301,2.46863,2.48798,2.55218,2.57509,2.56653,2.47586,2.44798,241.6,231.4,235.53742,229.3,1.27571,1.27586,1.51052
4/18/2023,29.95351,20.44136,8.08129,0.75249,0.16336,-34.2577,-41.23599,5.14782,4.4948,4.10935,3.75508,3.62573,3.57243,3.55717,3.375,3.81281,4.88719,5.17147,5.06227,4.83774,4.1967,3.90496,3.67428,3.61834,3.5708,3.89975,3.78736,2.53004,2.47613,2.49074,2.53887,2.55693,2.54598,2.45768,2.43249,239.9,228.6,232.28916,226.5,1.27528,1.2848,1.52236
4/19/2023,29.67215,19.76735,7.95562,0.17604,-0.61787,-34.85102,-41.62317,5.19068,4.55921,4.16586,3.80097,3.66102,3.59517,3.56266,3.37203,3.71048,4.88139,5.12914,5.06227,4.87126,4.26391,3.96822,3.72144,3.65941,3.60136,3.91117,3.78826,2.49969,2.47874,2.49144,2.54206,2.55916,2.54653,2.45761,2.43092,240.7,228.9,233.9914,226.6,1.31444,1.31236,1.52226
4/20/2023,28.73679,18.63115,7.52116,-0.43953,-0.58613,-35.28792,-41.04753,5.12678,4.45621,4.06062,3.71464,3.58829,3.53736,3.52465,3.34164,3.2537,4.8338,5.08164,5.02962,4.80362,4.16884,3.87431,3.63943,3.59269,3.54322,3.87753,3.75211,2.42779,2.41866,2.44998,2.52177,2.54299,2.53406,2.4467,2.42191,238.8,227.4,232.49235,225.2,1.25143,1.26922,1.50011
4/21/2023,27.75751,17.85181,8.04977,0.42531,0.20865,-34.89402,-40.30538,5.14052,4.46665,4.07274,3.74435,3.62188,3.57296,3.55652,3.37315,3.55864,4.90394,5.09509,5.03818,4.81845,4.18907,3.89422,3.66385,3.61763,3.57087,3.90546,3.7762,2.435,2.4275,2.4601,2.53565,2.55836,2.54645,2.45328,2.42205,231.4,228.4,233.52641,225.3,1.34985,1.28687,1.5232
4/24/2023,27.57449,19.0111,7.8501,0.43104,0.01504,-34.98846,-40.62285,5.11594,4.41829,4.02255,3.68303,3.56171,3.51394,3.50324,3.32108,3.45636,4.94445,5.0269,5.01621,4.80667,4.14255,3.83244,3.60453,3.5574,3.51379,3.85312,3.72731,2.47749,2.45683,2.48579,2.54805,2.56324,2.54534,2.45587,2.4281,233.3,228.41019,233.04828,225.56743,1.27153,1.2296881,1.4716357
4/25/2023,31.41075,17.63157,7.00637,-0.22797,-0.40242,-35.86175,-41.59056,4.96378,4.20811,3.81542,3.51314,3.41699,3.39273,3.40737,3.23524,3.86379,4.93349,5.04145,4.95044,4.67246,3.89403,3.6391,3.44308,3.41927,3.39675,3.76599,3.65115,2.38236,2.37749,2.41301,2.4861,2.51453,2.51045,2.4303,2.40298,226.65427,223.83059,228.45263,221.5187,1.1765373,1.1584441,1.435963
4/26/2023,31.30297,18.41707,8.73641,0.01026,0.21192,-36.11514,-41.65616,4.97251,4.23621,3.84971,3.54937,3.45418,3.43081,3.44289,3.27119,3.76144,4.92253,5.12394,4.9664,4.71078,3.92317,3.66554,3.46205,3.45408,3.42869,3.80404,3.68775,2.30996,2.32748,2.39373,2.49694,2.53365,2.53702,2.4543,2.42467,227.6,225.8,231.02976,223.9,1.18605,1.17069,1.44875
4/27/2023,29.51154,17.36259,8.12799,-0.12772,0.2334,-36.60599,-41.95529,5.1053,4.38829,3.9919,3.68069,3.56988,3.52884,3.51609,3.33538,3.96792,4.90591,5.08164,5.02962,4.8382,4.09582,3.82271,3.6007,3.57205,3.5271,3.88264,3.75526,2.31954,2.35403,2.41553,2.51111,2.54405,2.54159,2.46599,2.44273,229.5,227.7,234.88375,226.3,1.3057,1.2501,1.49226
4/28/2023,28.77875,17.49573,8.79739,0.44108,1.00121,-35.9619,-41.14628,5.08449,4.34223,3.94833,3.62315,3.5076,3.4604,3.44555,3.26389,4.20134,4.95541,5.07432,5.02754,4.85299,4.06307,3.77627,3.53695,3.50443,3.45126,3.8057,3.67595,2.3473,2.35164,2.39482,2.45806,2.48297,2.47461,2.39363,2.36695,223.8,220.5,224.77422,217.7,1.29895,1.24626,1.49895
5/1/2023,29.28247,17.93379,9.68429,2.1094,2.3117,-33.97831,-40.47425,5.15067,4.42761,4.03372,3.72861,3.62799,3.59597,3.59085,3.41145,4.42539,5.03195,5.14098,5.01571,4.91922,4.13657,3.85535,3.63189,3.60697,3.5729,3.93069,3.81626,2.36011,2.3649,2.39953,2.47023,2.50788,2.51222,2.43647,2.41297,224.9,223.6,227.89348,222.3,1.38289,1.3369,1.59326
5/2/2023,27.80605,16.78758,9.59648,2.93829,2.45806,-33.74746,-40.46758,5.00155,4.2551,3.85859,3.55971,3.47724,3.46254,3.49124,3.32614,4.35342,5.19599,5.17668,4.97241,4.79606,3.97883,3.69167,3.46387,3.44801,3.43801,3.82877,3.73088,2.26986,2.28876,2.34651,2.42228,2.46127,2.47294,2.40346,2.3865,220,220.1,223.83902,219.5,1.26387,1.23701,1.53588
5/3/2023,28.8124,18.62995,11.36166,5.10795,4.0999,-31.65342,-38.9056,5.00997,4.2229,3.82137,3.52247,3.44778,3.44219,3.48518,3.32455,4.47533,5.22099,5.23316,5.02498,4.81212,3.93662,3.63528,3.40898,3.39684,3.40124,3.80174,3.71367,2.26334,2.2962,2.35465,2.43822,2.48076,2.50017,2.43036,2.40924,220.7,221.5,225.20697,221.3,1.20198,1.18624,1.50067
5/4/2023,27.0666,17.43928,10.76332,4.27327,2.86948,-33.02681,-40.39715,4.79105,3.9917,3.62193,3.38115,3.3462,3.37857,3.46092,3.3173,5.45022,5.0612,5.22721,4.96573,4.67265,3.72449,3.45133,3.27493,3.30441,3.35053,3.79163,3.72161,2.16383,2.1942,2.26636,2.38508,2.44353,2.47755,2.42427,2.41134,214.6,218.8,224.10421,220.90253,1.12893,1.16253,1.5125847
5/5/2023,25.55407,16.38786,10.78323,4.25935,2.62851,-34.11881,-41.1193,4.93708,4.16849,3.79923,3.52425,3.46395,3.47094,3.5097,3.34893,5.2944,5.11061,5.23536,5.08076,4.80403,3.92016,3.6376,3.41817,3.42255,3.4455,3.85138,3.76066,2.24637,2.27144,2.32799,2.43379,2.4824,2.50464,2.45095,2.42739,219.6,221.5,227.12143,222.5,1.22217,1.2305,1.53566
5/8/2023,24.02165,15.0212,9.58478,2.83524,1.33189,-35.58573,-42.90787,5.00348,4.24971,3.87256,3.59311,3.52824,3.53094,3.5651,3.40399,5.39585,5.0996,5.21905,5.08892,4.87565,4.00949,3.72235,3.49726,3.49989,3.51762,3.92096,3.83307,2.35177,2.33254,2.36978,2.47073,2.51044,2.52449,2.46756,2.44494,223.2,223.7,228.98834,224.4,1.26526,1.28062,1.58907
5/9/2023,22.292,17.92806,9.01202,2.40761,0.79212,-35.85889,-43.1756,5.00669,4.24608,3.86628,3.58391,3.52141,3.5284,3.57213,3.41587,5.49726,5.08344,5.2235,5.1369,4.91393,4.02316,3.687,3.49379,3.49733,3.52048,3.93072,3.84763,2.32005,2.32007,2.35854,2.45949,2.49772,2.5122,2.45683,2.43327,222.2,223.1,228.05952,223.7,1.27179,1.28948,1.61063
5/10/2023,21.82567,17.89959,9.63648,2.74085,1.96883,-35.8058,-42.67575,4.90686,4.11869,3.73893,3.46801,3.42392,3.45052,3.51489,3.37109,5.48622,4.90262,5.21235,5.07293,4.79104,3.90043,3.55993,3.37165,3.39651,3.43083,3.87295,3.79785,2.15065,2.18469,2.25935,2.38246,2.43883,2.47045,2.42756,2.41649,214.5,219.3,226.31031,222.4,1.22665,1.23783,1.57385
5/11/2023,21.42136,16.58245,9.18304,2.02071,0.94395,-36.12493,-42.4141,4.91206,4.11879,3.73129,3.44796,3.38952,3.40485,3.45788,3.31775,5.4707,4.75141,5.15961,5.09354,4.79041,3.90458,3.56547,3.35613,3.36931,3.39541,3.81913,3.74189,2.11129,2.18992,2.25243,2.35671,2.4178,2.4595,2.41924,2.40828,211.3,217.3,225.02421,221.2,1.24313,1.22241,1.52989
5/12/2023,20.75894,15.71929,8.35897,0.83843,0.03075,-37.42605,-43.61826,4.97462,4.21053,3.82518,3.53411,3.46175,3.46189,3.49016,3.34016,5.49892,4.82159,5.1834,5.10738,4.844,4.00294,3.66799,3.45052,3.45337,3.46158,3.86442,3.77634,2.05605,2.15802,2.23879,2.3588,2.42217,2.465,2.43958,2.43275,211,218.5,229.71474,224.68731,1.34052,1.27658,1.5294669
5/15/2023,20.44527,15.2874,7.67209,-0.00886,-0.63092,-38.2821,-44.26046,4.98002,4.20647,3.82365,3.5436,3.4857,3.50026,3.54391,3.39844,5.57989,4.8724,5.12538,5.17957,4.83227,4.00202,3.67078,3.46688,3.48579,3.50657,3.92673,3.84104,2.05503,2.15297,2.25041,2.3805,2.44065,2.47895,2.44928,2.44019,212.8,220.4,230.57754,225.9,1.33888,1.30257,1.58204
5/16/2023,19.05938,14.22978,7.46886,0.16205,-0.60654,-37.92767,-43.93661,5.0345,4.26318,3.87433,3.59606,3.53333,3.54194,3.58552,3.43214,5.49726,4.89233,5.19749,5.21158,4.93276,4.07259,3.73203,3.52137,3.53171,3.54801,3.9648,3.87151,2.09497,2.16676,2.24145,2.35924,2.42444,2.46949,2.44449,2.43923,211.3,220.2,231.24727,226.3,1.40837,1.34601,1.60851
5/17/2023,17.99511,13.00456,6.64015,-0.05429,-0.70534,-37.68365,-43.54899,5.08189,4.33503,3.94313,3.65726,3.57985,3.57312,3.60316,3.44196,5.46578,4.93797,5.23836,5.24895,4.97193,4.15508,3.81308,3.59086,3.58039,3.58017,3.97997,3.87745,2.25998,2.27919,2.3218,2.4074,2.46527,2.49983,2.4665,2.45629,216,223.1,233.72654,228,1.43086,1.34917,1.59745
5/18/2023,19.37052,13.78797,6.88896,-0.20625,-0.20787,-37.94328,-42.54662,5.17078,4.46133,4.07029,3.76629,3.67171,3.6446,3.64856,3.47536,5.2967,5.14298,5.26362,5.33361,5.08332,4.26762,3.93241,3.6974,3.67377,3.64668,4.0279,3.90083,2.28247,2.30122,2.3369,2.41124,2.46759,2.50021,2.4633,2.4537,216.5,223.4,235.71561,228,1.5324,1.41268,1.62083
5/19/2023,18.78969,13.49177,6.56515,-0.49413,0.3758,-37.40315,-42.1919,5.15314,4.47507,4.10326,3.81071,3.72015,3.69455,3.6983,3.5247,5.4171,5.1202,5.23536,5.3046,5.06999,4.28717,3.96835,3.74506,3.72509,3.69079,4.07223,3.94662,2.29246,2.31517,2.35226,2.43043,2.48051,2.50743,2.46798,2.45775,218.3,225,237.32041,229.4,1.56206,1.44079,1.65262
5/22/2023,18.20712,14.70956,7.01321,0.7354,1.09311,-36.60865,-41.3332,5.19706,4.50168,4.13262,3.8364,3.75004,3.72863,3.73383,3.55614,5.53899,5.30491,5.29193,5.36724,5.13094,4.31968,3.98556,3.76629,3.7427,3.71771,4.09981,3.96948,2.30049,2.32753,2.36411,2.44068,2.49153,2.51858,2.47922,2.46951,218.1,225.1,238.30249,230.33091,1.58529,1.46671,1.6661709
5/23/2023,22.89866,14.60599,7.51714,1.7729,1.72131,-36.88821,-41.20562,5.21788,4.50966,4.1292,3.82229,3.73524,3.71393,3.71814,3.53927,5.54837,5.18054,5.29117,5.33517,5.13583,4.2805,3.98301,3.74704,3.71744,3.69667,4.0869,3.9513,2.36108,2.36824,2.39773,2.46205,2.50953,2.53194,2.49034,2.47897,220.2,226.7,240.21875,231.4,1.54504,1.42967,1.6373
5/24/2023,21.66721,13.34527,10.46307,0.92327,1.0006,-37.79944,-41.87301,5.27713,4.55835,4.16204,3.84901,3.75534,3.72785,3.72546,3.54564,5.70083,5.13863,5.32683,5.35655,5.17997,4.34168,4.02859,3.74438,3.7461,3.71784,4.10337,3.96436,2.34999,2.34909,2.37243,2.44182,2.49093,2.51741,2.47573,2.46818,217.8,225.5,239.35874,230.7,1.56638,1.46284,1.65736
5/25/2023,20.30775,12.30647,9.97015,2.89941,2.31795,-37.87463,-41.69195,5.39381,4.71113,4.31122,3.99619,3.8843,3.83763,3.78568,3.58593,5.50141,5.1636,5.33126,5.39853,5.2859,4.50805,4.18816,3.89649,3.85531,3.81445,4.16434,4.00285,2.31352,2.33038,2.36643,2.43424,2.48801,2.52173,2.49091,2.48919,216.8,225.8,243.05866,232.8,1.72849,1.55645,1.67485
5/26/2023,19.48728,12.25925,9.66354,2.95904,3.22682,-37.79116,-40.59657,5.44152,4.78273,4.3842,4.04474,3.91522,3.85001,3.77761,3.56875,5.50832,5.274,5.30735,5.38465,5.31654,4.58786,4.26161,3.9481,3.88562,3.81773,4.15549,3.97471,2.36689,2.36669,2.38938,2.44676,2.49363,2.51919,2.48488,2.48292,217.5,225.3,243.98037,232.3,1.7731,1.56473,1.65171
5/30/2023,19.866,12.42847,8.26154,1.9967,2.96979,-37.91872,-40.83289,5.39461,4.67049,4.24895,3.90239,3.77893,3.7249,3.68553,3.49169,5.21623,5.21144,5.37447,5.46887,5.30454,4.47183,4.12467,3.81977,3.75896,3.6952,4.06472,3.90002,2.32492,2.34697,2.37445,2.44058,2.48538,2.51127,2.47831,2.46801,215.8,223.5,239.56723,229.8,1.66177,1.4602,1.60202
5/31/2023,19.59581,12.46466,8.05842,1.56071,2.93324,-37.58678,-40.19791,5.32627,4.58522,4.1612,3.82224,3.70812,3.66525,3.64167,3.45368,5.14909,5.17981,5.39451,5.4413,5.25889,4.38926,4.03655,3.74166,3.69251,3.63592,4.01754,3.85566,2.2792,2.31237,2.34083,2.40339,2.44689,2.47053,2.43318,2.41919,211.6,218.8,233.39763,223.8,1.62566,1.44792,1.61766
6/1/2023,17.84554,11.63358,7.52955,1.54172,3.16968,-35.97474,-39.67545,5.27026,4.51818,4.10189,3.77541,3.67224,3.63907,3.62252,3.43624,4.93932,5.29252,5.35728,5.41376,5.1965,4.33972,3.98555,3.70011,3.65682,3.60737,3.98227,3.83299,2.29552,2.31363,2.32892,2.39916,2.4388,2.47101,2.44024,2.42455,210.8,217.6,231.87726,222.7,1.59211,1.43137,1.60599
6/2/2023,19.0041,13.11346,8.35189,2.18142,5.33573,-33.85548,-38.15486,5.39777,4.69112,4.27219,3.92462,3.79931,3.74408,3.69762,3.50061,5.11622,5.21293,5.37052,5.47546,5.3063,4.50108,4.14106,3.8411,3.7775,3.69072,4.03617,3.88216,2.3575,2.38638,2.39892,2.45067,2.48043,2.49398,2.45164,2.43127,215.2,219.4,230.70049,222.5,1.6891,1.49672,1.65716
6/5/2023,16.62308,11.55023,6.48663,0.42069,3.7138,-35.29675,-39.78003,5.36923,4.64776,4.23687,3.89209,3.77465,3.72793,3.68729,3.49262,5.16661,5.24309,5.23987,5.44665,5.25511,4.48153,4.12137,3.82722,3.77044,3.69079,4.04026,3.89042,2.36946,2.39225,2.41766,2.47639,2.5042,2.51346,2.46723,2.44029,218,221.1,232.23317,223.4,1.64722,1.47979,1.65642
6/6/2023,17.27344,11.18662,5.98667,-0.42843,2.34483,-36.62499,-40.77583,5.38731,4.69629,4.2768,3.91514,3.78285,3.72199,3.66586,3.46619,5.08924,5.15995,5.28075,5.41457,5.27116,4.52565,4.16493,3.85527,3.78713,3.69854,4.03211,3.87395,2.38549,2.40266,2.40949,2.45954,2.49227,2.50653,2.46284,2.439,217.2,220.9,233.71643,223.9,1.68327,1.48954,1.63495
6/7/2023,19.88814,12.66487,6.38721,-0.70059,2.28771,-37.23423,-40.20903,5.41282,4.74682,4.33238,3.98235,3.86009,3.80551,3.74362,3.53961,4.98638,5.16437,5.2956,5.40922,5.24241,4.54794,4.20573,3.91848,3.8671,3.78263,4.11596,3.9417,2.42001,2.41533,2.429,2.47304,2.50592,2.52522,2.48096,2.45673,218.3,222.4,235.57583,225.3,1.73548,1.55863,1.6887
6/8/2023,19.97647,12.53596,6.47179,-0.15038,1.96241,-36.17261,-39.87492,5.39568,4.71763,4.29118,3.92018,3.79078,3.73274,3.68147,3.48345,5.04093,5.11204,5.24281,5.36567,5.20252,4.51787,4.16582,3.85546,3.79228,3.71312,4.0432,3.8822,2.38176,2.39504,2.41038,2.45294,2.48849,2.51028,2.46729,2.44747,216.8,221.4,234.69986,225,1.68746,1.49912,1.6322
6/9/2023,20.02634,12.75668,6.89935,0.38532,2.68247,-35.57184,-39.10883,5.45279,4.80326,4.3729,3.98622,3.84323,3.77105,3.70094,3.4948,5.14105,5.21293,5.24056,5.3633,5.25618,4.603,4.24533,3.91723,3.83938,3.74423,4.05666,3.88589,2.35073,2.38273,2.39755,2.44452,2.48042,2.50403,2.46111,2.44298,215.7,220.9,235.5767,224.8,1.76023,1.53523,1.63789
6/12/2023,19.63334,16.72282,6.60437,-0.34584,1.31392,-36.3374,-40.10704,5.46102,4.78708,4.36223,3.98076,3.84305,3.77681,3.7097,3.50413,5.16077,5.23279,5.25549,5.36645,5.2666,4.59075,4.195,3.91472,3.84651,3.76367,4.07307,3.9052,2.28326,2.34002,2.3631,2.42348,2.46148,2.48794,2.4487,2.43149,213.6,219.3,234.33637,223.9,1.77872,1.57067,1.6662
6/13/2023,20.18255,17.74794,6.86374,-0.80632,1.25415,-36.17864,-39.50462,5.50387,4.89665,4.48333,4.08855,3.93456,3.85021,3.75958,3.54579,5.11407,5.1651,5.20789,5.33439,5.32018,4.69482,4.30585,4.01991,3.94262,3.83767,4.12137,3.94084,2.32091,2.37072,2.39163,2.44056,2.47976,2.50858,2.46278,2.44002,215.5,221.2,236.27602,224.9,1.86491,1.62567,1.69184
6/14/2023,20.72072,16.52513,6.77901,-0.11782,1.43728,-36.32684,-39.13026,5.5337,4.91211,4.48517,4.07459,3.90765,3.81024,3.70806,3.48912,5.06739,5.14893,5.22796,5.33439,5.32018,4.7049,4.31992,4.0068,3.90883,3.79587,4.07133,3.88042,2.32501,2.38206,2.40236,2.44522,2.478,2.50114,2.4495,2.4205,216.6,220.9,234.99107,222.9,1.8408,1.58687,1.65142
6/15/2023,21.15367,16.83144,7.82876,1.59452,3.0555,-33.83818,-36.73431,5.50502,4.8586,4.41522,4.00044,3.84181,3.75764,3.68508,3.47934,5.06139,5.13782,5.20121,5.31759,5.26873,4.64706,4.24691,3.92215,3.82586,3.72713,4.02346,3.84668,2.36049,2.38378,2.4123,2.46506,2.49434,2.51101,2.45329,2.42296,219,222.1,233.77765,222.8,1.73215,1.50613,1.61868
6/16/2023,20.75589,17.18255,7.93551,1.39332,2.70097,-35.03083,-37.45101,5.53664,4.92804,4.4952,4.07196,3.89629,3.79514,3.6965,3.48039,5.09945,5.16068,5.21383,5.32516,5.28257,4.72048,4.32337,3.9926,3.88236,3.76813,4.04681,3.8549,2.37003,2.39073,2.41945,2.47687,2.51064,2.53131,2.47929,2.44261,219.3,223,236.19115,223.8,1.7996,1.53813,1.6169
6/20/2023,21.15891,17.71616,8.24149,1.53609,2.83584,-34.41101,-36.84541,5.54097,4.90806,4.46956,4.03884,3.85749,3.75393,3.65965,3.44705,5.08342,5.16506,5.19749,5.38249,5.30149,4.69433,4.2924,3.95643,3.84213,3.72557,4.00376,3.8155,2.33002,2.37731,2.41161,2.47306,2.5107,2.5345,2.48315,2.45054,218.3,222.7,237.02585,224.8,1.77343,1.49857,1.5675
6/21/2023,20.34104,17.79429,7.94925,1.02441,2.47252,-34.53858,-36.96533,5.55118,4.90777,4.46469,4.03336,3.85106,3.74647,3.65141,3.43728,5.0776,5.16433,5.27999,5.38249,5.31478,4.70451,4.28685,3.95393,3.84086,3.72178,3.99681,3.80695,2.39754,2.41083,2.41943,2.482,2.5145,2.53187,2.4833,2.45427,218.2,221.8,236.30985,224.3,1.77193,1.50378,1.56395
6/22/2023,19.4753,17.16404,7.57909,0.41107,2.28527,-34.78362,-36.89881,5.58971,4.99289,4.55473,4.11769,3.93147,3.82038,3.71949,3.50327,5.08696,5.18422,5.27923,5.39238,5.34775,4.79844,4.38332,4.04201,3.92743,3.79757,4.06733,3.87226,2.41503,2.41997,2.43832,2.51001,2.53487,2.54851,2.49623,2.46525,222,224.1,238.6932,225.9,1.82201,1.55657,1.61326
6/23/2023,18.65805,17.1456,7.89396,0.82288,2.88849,-34.70255,-36.82075,5.54983,4.93427,4.49846,4.07081,3.88104,3.76648,3.66665,3.4514,5.03884,5.19747,5.28214,5.38465,5.32293,4.74769,4.327,3.99184,3.87279,3.73757,4.01366,3.81959,2.41996,2.40692,2.41305,2.47166,2.50697,2.52745,2.47822,2.44863,218.1,221.9,236.89331,224,1.81084,1.51857,1.57959
6/26/2023,24.75391,16.60436,7.71827,0.87027,3.38602,-34.31724,-36.35184,5.55466,4.91604,4.47044,4.03987,3.85812,3.75216,3.66587,3.45428,5.08924,5.23279,5.23987,5.25036,5.32777,4.6685,4.3044,3.96267,3.8494,3.71828,4.00903,3.81779,2.41744,2.39181,2.39134,2.44477,2.48574,2.51139,2.46206,2.43224,214.9,219.6,234.72309,221.8,1.81367,1.52228,1.59979
6/27/2023,24.13207,16.55929,7.38047,0.37698,2.71966,-34.66992,-36.76041,5.60545,5.00195,4.55839,4.10735,3.91316,3.79407,3.69028,3.47192,5.08853,5.23204,5.27555,5.42607,5.39443,4.76063,4.3928,4.03353,3.90938,3.76686,4.03697,3.83952,2.40249,2.38128,2.37651,2.44277,2.48107,2.50469,2.45422,2.42279,215.4,219.7,234.74567,221.4,1.87953,1.56986,1.62552
6/28/2023,24.32749,17.28863,7.60712,2.702,2.97208,-34.96188,-37.0536,5.60181,4.96451,4.50885,4.04739,3.85566,3.74041,3.64666,3.43286,5.08782,5.21584,5.29056,5.4413,5.39926,4.72124,4.33596,3.97132,3.82864,3.71069,3.99628,3.8034,2.46002,2.39001,2.38304,2.43479,2.47431,2.49951,2.44809,2.41549,214.6,218.7,233.55612,220.3,1.82532,1.52369,1.6004
6/29/2023,22.28769,16.18685,6.78613,1.29953,2.51793,-36.0973,-38.42082,5.67435,5.09879,4.66381,4.21017,4.00948,3.87819,3.75654,3.52717,5.14323,5.25126,5.31064,5.47793,5.49408,4.87591,4.50194,4.1423,3.99648,3.85301,4.11751,3.91138,2.48005,2.405,2.40713,2.46555,2.50437,2.52871,2.48283,2.45572,217.3,221.5,237.21278,223.7,1.9693,1.63801,1.67438
6/30/2023,21.12078,15.77878,7.10096,1.74666,3.4216,-34.89125,-37.64014,5.64038,5.08681,4.6606,4.20291,3.99332,3.85226,3.71621,3.47679,5.16661,5.26446,5.31354,5.4434,5.47474,4.87352,4.50281,4.1319,3.97585,3.81804,4.06512,3.85319,2.53025,2.44747,2.44041,2.48353,2.51948,2.53972,2.48528,2.45453,219.1,222.6,237.04252,223.7,1.9409,1.59204,1.61619
7/3/2023,19.91289,14.92335,7.41094,1.70847,3.45537,-33.90214,-37.18229,5.65337,5.13808,4.72182,4.25972,4.04263,3.89202,3.74728,3.50421,5.17025,5.28354,5.32761,5.4734,5.48996,4.93895,4.57258,4.18561,4.02554,3.85747,4.0863,3.87603,2.54,2.4737,2.46879,2.51995,2.55499,2.57375,2.51284,2.48048,223,226.25,239.77187,226.54501,1.95561,1.59497,1.6105799
7/5/2023,20.44922,14.54393,7.03938,1.27674,3.19508,-34.62653,-37.27463,5.64283,5.15427,4.75885,4.32401,4.11966,3.97637,3.82072,3.5707,5.16952,5.27248,5.32185,5.46805,5.4779,4.95083,4.61341,4.25362,4.10689,3.94442,4.16698,3.94344,2.52005,2.45191,2.45225,2.51254,2.54762,2.57042,2.5083,2.47483,222,225.6,240.40382,225.75,2.03362,1.68842,1.68594
7/6/2023,20.51839,14.10208,6.60042,0.98131,3.55959,-34.41794,-37.60969,5.69081,5.20896,4.83889,4.43325,4.22902,4.07574,3.89254,3.6255,5.19438,5.26673,5.34714,5.47793,5.51079,5.00378,4.69787,4.36725,4.21921,4.04014,4.23672,4.00159,2.46498,2.43999,2.4504,2.53228,2.56967,2.59404,2.52663,2.49132,223.1,227.4,241.95673,227.3,2.13625,1.76614,1.72859
7/7/2023,22.24132,15.02928,7.56901,1.44462,4.22495,-33.70617,-37.28355,5.65676,5.15461,4.7914,4.4087,4.2248,4.08886,3.92157,3.66009,5.20239,5.30053,5.37084,5.47546,5.48585,4.9322,4.64111,4.33301,4.21035,4.0466,4.25862,4.03292,2.43004,2.41748,2.44693,2.5365,2.57629,2.60077,2.53732,2.50399,223.4,228.2,243.12004,227.9,2.09901,1.7646,1.75392
7/10/2023,22.2732,14.95796,7.29501,1.19665,3.36264,-33.59453,-37.60102,5.63066,5.08139,4.70111,4.31734,4.15168,4.03839,3.91119,3.66598,5.24253,5.28946,5.37526,5.48945,5.4682,4.85866,4.55153,4.24439,4.13971,4.00476,4.24713,4.04199,2.30495,2.34751,2.39097,2.50724,2.55136,2.58223,2.52601,2.50094,220.1,225.6,238.56383,226.1,2.04339,1.74876,1.78099
7/11/2023,21.02291,16.02155,6.37575,0.11831,2.47096,-34.48983,-38.60802,5.6578,5.10504,4.70947,4.30204,4.12452,4.00569,3.87687,3.63357,5.24177,5.31444,5.37447,5.4948,5.49517,4.89481,4.54927,4.23828,4.12334,3.98097,4.22176,4.01965,2.28996,2.31374,2.36604,2.47128,2.52317,2.56327,2.51104,2.48428,217,223.7,235.91085,223.8,2.06828,1.74397,1.78165
7/12/2023,21.53054,16.30712,7.02944,1.07429,2.55306,-34.35308,-38.32834,5.57365,4.95622,4.54065,4.13929,3.98135,3.88584,3.79203,3.56678,5.23591,5.31367,5.37922,5.4627,5.41043,4.74091,4.37788,4.06898,3.9706,3.8603,4.13555,3.95006,2.2275,2.30372,2.3627,2.48924,2.54047,2.58076,2.53982,2.52419,219.8,227.20371,240.19921,228.8,1.87098,1.5882629,1.66206
7/13/2023,20.16139,15.39793,6.91015,0.4117,2.11801,-34.52421,-37.52,5.50187,4.81193,4.38041,4.00322,3.85842,3.77968,3.72179,3.51929,5.26601,5.31831,5.38365,5.44584,5.33632,4.61032,4.22698,3.93412,3.8543,3.75849,4.06703,3.89449,2.20255,2.27995,2.33857,2.46647,2.51558,2.55202,2.51724,2.50424,217.9,224.70285,237.75411,227.3,1.75512,1.5114615,1.62149
7/14/2023,18.72078,15.32503,7.2013,1.23374,2.45247,-34.57702,-37.66022,5.56546,4.93909,4.51121,4.10325,3.93947,3.84299,3.75963,3.54702,5.2535,5.3263,5.37605,5.45943,5.39596,4.74974,4.35795,4.03123,3.92713,3.81845,4.10539,3.92362,2.16506,2.23748,2.29948,2.44543,2.49888,2.54186,2.50579,2.49148,216.29553,223.9,237.53244,226.40156,1.8682747,1.57945,1.6596044
7/17/2023,18.95821,16.03447,6.85426,0.686,1.90455,-35.13682,-38.46941,5.55478,4.92034,4.48727,4.07079,3.90801,3.81504,3.744,3.53755,5.28341,5.34613,5.38047,5.46805,5.38953,4.72862,4.32692,4.00224,3.90114,3.79599,4.09536,3.92224,2.13619,2.22537,2.29583,2.44485,2.50332,2.54998,2.51437,2.49875,217,225.4,237.95585,227.44349,1.83224,1.54199,1.6478051
7/18/2023,18.59468,15.70453,6.61558,-0.11726,1.288,-35.57577,-38.8391,5.56847,4.93803,4.49501,4.06487,3.89742,3.80114,3.72018,3.51122,5.23156,5.3505,5.37447,5.4627,5.38873,4.75207,4.33796,3.99871,3.89858,3.78825,4.07593,3.89961,2.11253,2.20519,2.26629,2.41167,2.47266,2.52131,2.49229,2.47697,213.9,222.50055,235.63405,225.20272,1.85971,1.5632445,1.6475828
7/19/2023,18.71716,15.89426,7.0106,0.56917,2.08233,-34.70467,-37.59661,5.56998,4.94041,4.48407,4.04072,3.86597,3.76228,3.67384,3.46193,5.25634,5.34457,5.39488,5.4627,5.38794,4.75324,4.32513,3.97061,3.86027,3.74145,4.02088,3.83789,2.10498,2.20497,2.27084,2.41252,2.4721,2.51802,2.48222,2.46372,214,221.8,234.39919,223.5,1.83061,1.52345,1.60289
7/20/2023,17.68942,14.54177,7.09082,0.38164,2.40122,-34.9445,-37.3367,5.60719,5.0145,4.58723,4.17001,3.99128,3.8773,3.76313,3.53688,5.31205,5.32863,5.37843,5.46723,5.4153,4.83761,4.44181,4.0991,3.98746,3.85329,4.11257,3.91025,2.18,2.27505,2.34106,2.4918,2.54579,2.58447,2.54292,2.52168,222.3,229.7,242.33085,229.79873,1.8761,1.55629,1.6122627
7/21/2023,18.05947,15.24278,7.61159,1.4594,3.10327,-34.19016,-36.52019,5.60894,5.02638,4.59679,4.16824,3.98522,3.86888,3.76244,3.54047,5.2944,5.33661,5.37605,5.46477,5.4129,4.84579,4.44436,4.09212,3.97063,3.83785,4.10434,3.90567,2.24503,2.30997,2.37704,2.51444,2.56315,2.59373,2.551,2.53076,223.7,235,242.37004,230.2031,1.85512,1.48785,1.603639
7/24/2023,22.68717,15.45702,8.04518,1.88115,3.50633,-33.56942,-36.03596,5.63266,5.06287,4.64134,4.20535,4.01442,3.89076,3.7817,3.55781,5.35496,5.37705,5.38568,5.42687,5.44587,4.836,4.48677,4.1249,3.99561,3.8557,4.11739,3.91817,2.32255,2.375,2.43768,2.56738,2.60758,2.6259,2.57842,2.54977,228.5,238.2,243.57591,232.1,1.8399,1.4737,1.59717
7/25/2023,21.74101,15.72241,7.74709,0.82407,3.75716,-32.91439,-35.65756,5.65663,5.10844,4.70075,4.251,4.06774,3.94879,3.82636,3.59554,5.35929,5.38141,5.40051,5.45817,5.46757,4.89103,4.54353,4.17353,4.0595,3.91122,4.1555,3.95212,2.35726,2.41452,2.46406,2.57608,2.6161,2.62722,2.57372,2.5387,229.6,239.1,243.29837,231.5,1.87753,1.52022,1.63712
7/26/2023,22.23485,16.27784,9.27625,1.8989,3.89877,-32.58384,-35.34249,5.63058,5.04695,4.61538,4.17766,3.99965,3.88899,3.79397,3.57312,5.33296,5.38062,5.42054,5.4948,5.43862,4.8246,4.4526,4.0849,3.98066,3.85,4.11981,3.92654,2.35998,2.40716,2.44999,2.56076,2.60052,2.60941,2.55699,2.52724,227.6,236.5,240.62718,229.6,1.8089,1.485,1.63054
7/27/2023,21.66685,15.32869,8.2939,1.70042,2.64703,-34.32463,-36.60308,5.6713,5.15239,4.74812,4.33313,4.15473,4.03768,3.92082,3.69158,5.34787,5.3699,5.41453,5.49932,5.46594,4.9378,4.59483,4.25019,4.13773,4.01121,4.26407,4.05761,2.39244,2.4421,2.48665,2.59651,2.62478,2.6222,2.56596,2.53223,229.4,237.6,242.2954,230.6,1.95619,1.63521,1.75161
7/28/2023,21.98986,16.18066,8.85164,2.12803,3.27158,-33.65569,-36.21656,5.64709,5.11595,4.7009,4.28253,4.10994,4.00033,3.89241,3.66592,5.32507,5.37784,5.41212,5.4808,5.44663,4.89622,4.53922,4.19406,4.08869,3.96762,4.22897,4.02808,2.38002,2.44253,2.50971,2.62379,2.65544,2.65196,2.58481,2.55475,231,239.2,243.0393,231.1,1.88406,1.57562,1.71708
7/31/2023,21.45505,15.88705,8.58388,1.64169,2.88712,-33.6164,-36.222,5.6356,5.08783,4.6737,4.26322,4.09275,3.98464,3.87954,3.65353,5.33963,5.38221,5.40652,5.48945,5.44582,4.87345,4.51493,4.17743,4.07636,3.95577,4.2157,4.01575,2.38064,2.4581,2.50644,2.60623,2.63338,2.6275,2.55547,2.51719,229.5,237,240.19578,227.6,1.88243,1.58577,1.73975
8/1/2023,20.2683,13.9482,7.79259,0.92865,1.85211,-34.62532,-36.61576,5.64025,5.11358,4.71725,4.32288,4.16377,4.06464,3.96323,3.73686,5.35929,5.38141,5.40572,5.4841,5.46186,4.91102,4.57784,4.24498,4.15449,4.04611,4.30947,4.10301,2.38241,2.46502,2.50833,2.59577,2.62317,2.62027,2.56398,2.53848,228.7,236.4,243.26629,230.1,1.95798,1.68211,1.80201
8/2/2023,17.50705,11.28713,6.54761,-0.72897,0.46944,-35.42546,-37.75239,5.61256,5.06519,4.67059,4.30516,4.16354,4.0812,4.00332,3.78652,5.35339,5.36517,5.40492,5.4734,5.4442,4.89029,4.55781,4.23974,4.17086,4.07652,4.35758,4.16404,2.32208,2.40518,2.46841,2.57701,2.61463,2.62331,2.57624,2.55742,226.69564,236.20382,244.20353,232,1.9727836,1.7144818,1.84404
8/3/2023,18.27849,11.81186,7.50738,0.06401,0.91662,-34.68687,-37.16733,5.61962,5.07631,4.70462,4.37474,4.25748,4.19754,4.14285,3.93142,5.33764,5.35958,5.42016,5.47258,5.449,4.89353,4.5865,4.29967,4.25683,4.18837,4.48971,4.30309,2.30496,2.39748,2.46047,2.56903,2.61164,2.62557,2.58029,2.56335,226.4,236.8,244.20909,233.19719,2.03567,1.82037,1.9711181
8/4/2023,19.81959,11.86528,7.87765,0.47714,0.62699,-34.90561,-38.37526,5.57686,4.98841,4.59328,4.24305,4.12221,4.06627,4.03164,3.83037,5.35064,5.36753,5.40732,5.44874,5.40172,4.79021,4.47463,4.16427,4.11744,4.06,4.3807,4.21412,2.33433,2.42635,2.488,2.59926,2.6352,2.64123,2.60115,2.5825,228.6,237.5,244.01197,234.50418,1.87827,1.685,1.8690782
8/7/2023,19.63777,11.70128,7.30291,-0.21079,-0.51219,-36.19751,-39.7642,5.56763,4.95308,4.56004,4.22238,4.1134,4.0712,4.05306,3.85854,5.36519,5.38736,5.41694,5.4841,5.39812,4.7567,4.44303,4.14935,4.11551,4.07632,4.41504,4.25618,2.35251,2.44507,2.50507,2.62877,2.66789,2.67705,2.63651,2.61206,232,241.2,247.03522,237.6,1.82935,1.66432,1.88018
8/8/2023,19.3746,15.3154,7.35634,-0.87948,-0.75569,-36.53416,-40.50485,5.57243,4.95039,4.54465,4.1852,4.06504,4.01548,3.99312,3.79919,5.34907,5.39172,5.42135,5.47875,5.41043,4.75664,4.3915,4.11164,4.07383,4.02304,4.35846,4.20424,2.33997,2.42246,2.47294,2.5725,2.61385,2.62478,2.58221,2.55977,227,236.1,242.022,232.6,1.84164,1.66204,1.87824
8/9/2023,17.99948,14.84027,7.7161,-0.49117,0.36818,-36.45719,-40.31302,5.58397,4.98064,4.57397,4.20367,4.07023,4.00855,3.97291,3.77391,5.33296,5.39092,5.42575,5.4841,5.41607,4.80065,4.42557,4.12651,4.07514,4.00487,4.33748,4.17704,2.37501,2.42999,2.47559,2.56448,2.60509,2.61727,2.57554,2.549,226.2,235.1,241.1445,231.4,1.86451,1.65387,1.86304
8/10/2023,18.05187,13.91596,6.85875,-1.14978,0.48901,-35.95587,-38.69666,5.5816,5.00009,4.61398,4.2698,4.14461,4.08614,4.04687,3.84403,5.34787,5.38022,5.41453,5.46723,5.39834,4.81957,4.47482,4.20121,4.15611,4.08125,4.40643,4.231,2.35502,2.41498,2.46809,2.56824,2.60475,2.61045,2.56223,2.53721,227.2,234.3,240.87211,230.6,1.92921,1.73825,1.925
8/11/2023,17.88312,12.84913,6.36382,-1.67093,0.41915,-35.44926,-38.90764,5.61518,5.07244,4.70771,4.37103,4.24082,4.17107,4.09976,3.88173,5.34552,5.37784,5.41212,5.47012,5.41851,4.89361,4.57922,4.30739,4.25753,4.16688,4.45425,4.27081,2.43004,2.4835,2.52454,2.61218,2.6394,2.64125,2.59113,2.56027,231.6,237.49538,243.29402,232.9,1.99139,1.7919262,1.94181
8/14/2023,16.81376,12.93583,6.24007,-1.32977,0.92373,-34.41989,-38.53193,5.65457,5.13183,4.76941,4.41605,4.27206,4.1898,4.11451,3.89495,5.3703,5.39251,5.42215,5.5055,5.44026,4.96369,4.64005,4.35365,4.28536,4.18056,4.45871,4.28027,2.41749,2.47495,2.51999,2.60621,2.63414,2.63697,2.58616,2.55451,230.5,236.19538,241.99418,232.2,2.04865,1.8186062,1.95827
8/15/2023,17.419,12.68967,6.74317,-1.17667,1.16624,-34.64648,-38.91157,5.64173,5.12641,4.77705,4.44432,4.30946,4.23149,4.15089,3.92874,5.35929,5.39687,5.42135,5.4948,5.431,4.95222,4.65015,4.37689,4.32123,4.21983,4.49735,4.31786,2.39499,2.45,2.4873,2.56568,2.60266,2.61344,2.57112,2.54974,226.2,233.1,241.34937,231.6,2.11489,1.88883,2.00186
8/16/2023,17.24227,12.52336,6.70454,-1.3558,1.01315,-35.86941,-39.92636,5.65696,5.15143,4.80396,4.47438,4.34232,4.26644,4.18396,3.95894,5.34828,5.38577,5.43096,5.4948,5.43865,4.97901,4.67873,4.40733,4.35588,4.25631,4.54265,4.3582,2.39674,2.45042,2.48587,2.57045,2.60823,2.62065,2.58686,2.56867,226.2,233.4,244.02602,233.53113,2.14533,1.92231,2.0228887
8/17/2023,17.57034,13.06518,7.30878,-0.69747,1.67137,-34.8598,-39.00854,5.63526,5.13577,4.81243,4.51093,4.39167,4.3235,4.24616,4.02105,5.34787,5.37506,5.42494,5.48327,5.43784,4.96007,4.68178,4.43784,4.39864,4.30679,4.59476,4.41114,2.40992,2.44214,2.48147,2.55538,2.59758,2.61254,2.57513,2.55491,225.8,233,243.31063,232.5,2.17984,1.97679,2.08614
8/18/2023,17.3976,12.99183,7.89989,-0.24038,2.16984,-34.88041,-38.67075,5.61815,5.10903,4.77104,4.45998,4.33792,4.27139,4.20883,3.99134,5.34552,5.38815,5.42252,5.47012,5.4129,4.93505,4.64112,4.38098,4.34032,4.24969,4.55763,4.37805,2.41019,2.42941,2.45974,2.53447,2.57772,2.5965,2.56106,2.54393,223.95,231.4,242.20802,231.4,2.14148,1.93569,2.06405
8/21/2023,16.77388,13.28005,8.19862,-0.2597,2.19838,-35.63907,-38.47923,5.65365,5.15641,4.8354,4.54008,4.42529,4.36289,4.29248,4.07004,5.36519,5.40282,5.41253,5.45898,5.44024,4.98984,4.70262,4.4581,4.42789,4.3409,4.64887,4.45489,2.39789,2.43905,2.47156,2.562,2.60771,2.62995,2.59671,2.58045,226.7,234.5,247.14804,234.8,2.1911,1.9959,2.10689
8/22/2023,16.07895,12.62079,7.50698,-0.75786,1.95907,-36.08455,-38.64874,5.67687,5.19461,4.87037,4.55298,4.4236,4.34662,4.25557,4.02411,5.3644,5.39687,5.42736,5.47422,5.46194,5.03517,4.74431,4.478,4.43137,4.32707,4.61644,4.41068,2.42501,2.47512,2.50148,2.58152,2.6229,2.64,2.60591,2.58939,228.25,235.35,249.37637,235.75,2.1955,1.97357,2.05318
8/23/2023,15.93361,12.27887,7.25689,-0.64048,1.86499,-35.0962,-38.40664,5.63093,5.1087,4.76584,4.43238,4.29614,4.21539,4.12804,3.89851,5.3585,5.38577,5.44739,5.50015,5.43018,4.95062,4.64309,4.35984,4.3027,4.19675,4.479,4.28264,2.40654,2.47503,2.50363,2.58734,2.6259,2.64073,2.60469,2.58616,228.8,235.29816,249.73549,235.2,2.07184,1.8437684,1.93064
8/24/2023,15.11164,11.94737,6.77796,-1.06937,1.69437,-34.18031,-37.74617,5.68139,5.16675,4.81345,4.46915,4.33295,4.2484,4.15523,3.92139,5.35811,5.38538,5.457,5.53143,5.46594,5.01751,4.69474,4.40469,4.34605,4.23419,4.49908,4.3007,2.40499,2.45995,2.48601,2.55761,2.59671,2.61116,2.5756,2.55831,226.3,232.7,247.23897,232.7,2.14169,1.90719,1.9737
8/25/2023,15.74815,12.09615,5.91457,-1.8831,1.45791,-34.79518,-37.35785,5.73094,5.21115,4.84526,4.49028,4.34492,4.25145,4.15469,3.91914,5.35575,5.39331,5.46496,5.5503,5.51412,5.05408,4.72269,4.43199,4.36439,4.23834,4.50331,4.29309,2.42737,2.46726,2.49111,2.56006,2.59544,2.60697,2.57043,2.55314,226.3,232.4,247.92244,232.3,2.16899,1.91434,1.97009
8/28/2023,20.29616,12.3486,7.51851,-1.39393,1.51682,-34.39004,-37.08212,5.73815,5.20996,4.83008,4.46528,4.31791,4.22503,4.14517,3.91741,5.38052,5.40797,5.44821,5.585,5.52454,5.007,4.70427,4.39001,4.33179,4.21082,4.48943,4.28834,2.38753,2.43251,2.45885,2.53199,2.57013,2.58542,2.55208,2.53433,223.7,230.4,246.35955,230.6,2.15301,1.90682,1.98234
8/29/2023,19.97905,12.58508,7.15316,-1.53233,0.9384,-35.25526,-38.21798,5.65731,5.08883,4.70648,4.34901,4.20948,4.13133,4.07051,3.85469,5.3644,5.40202,5.44739,5.54205,5.46186,4.88904,4.57831,4.27513,4.22312,4.12072,4.42173,4.23549,2.39003,2.41253,2.43898,2.51303,2.55214,2.56731,2.53513,2.51542,221.84688,228.70242,244.18703,228.96359,2.0566612,1.8336958,1.9458541
8/30/2023,19.2446,12.0585,7.40618,-1.18572,1.30273,-35.28593,-37.80352,5.6402,5.07528,4.69044,4.3457,4.20809,4.12989,4.0647,3.84809,5.36872,5.39092,5.4622,5.53669,5.46386,4.88283,4.56985,4.27164,4.21995,4.11686,4.41756,4.22613,2.39992,2.39748,2.42298,2.49872,2.53766,2.55343,2.52128,2.49972,220,226.6,242.89344,227.1,2.07164,1.85086,1.95513
8/31/2023,18.63467,11.23046,6.64732,-1.79871,0.54955,-35.54922,-38.42598,5.61008,5.04407,4.6565,4.30747,4.17198,4.09512,4.03415,3.81854,5.36834,5.38538,5.45358,5.50902,5.449,4.85772,4.5442,4.241,4.18997,4.08962,4.38964,4.2028,2.42033,2.39433,2.41443,2.48851,2.5247,2.53796,2.50193,2.47549,219.1,224.8,241.78704,224.80236,2.05,1.84162,1.9547764
9/1/2023,18.49372,10.43418,6.51052,-2.4852,-0.28814,-36.82108,-39.14581,5.61033,5.05199,4.67772,4.35476,4.23378,4.16904,4.10799,3.89262,5.3703,5.39767,5.42692,5.49499,5.43455,4.86705,4.57338,4.28965,4.25863,4.17192,4.4762,4.28408,2.46296,2.42241,2.43715,2.50921,2.54375,2.55923,2.52101,2.4926,220.8,226.3,242.34767,226.13576,2.08165,1.90892,2.0227224
9/5/2023,18.3625,10.26567,5.71411,-3.12407,-1.08289,-36.64828,-39.38171,5.67757,5.14859,4.77421,4.4399,4.31883,4.25586,4.197,3.9814,5.35929,5.39687,5.3953,5.53669,5.49517,4.96496,4.67155,4.38276,4.35007,4.26669,4.56348,4.37522,2.50002,2.46745,2.48241,2.55752,2.58289,2.58878,2.55196,2.52278,225.5,229,244.37587,228.9,2.12776,1.97669,2.08622
9/6/2023,17.78884,9.72944,5.96777,-2.77811,-0.94836,-35.48152,-38.86777,5.69619,5.20034,4.83851,4.49716,4.36068,4.27912,4.19647,3.96961,5.35339,5.39092,5.45179,5.53669,5.50648,5.02245,4.74122,4.43748,4.38846,4.2886,4.55129,4.35829,2.52498,2.48992,2.48886,2.55825,2.58195,2.5882,2.55248,2.52424,226.69638,229.7,245.24978,229.8,2.1705162,1.9916,2.06029
9/7/2023,17.55204,9.58967,6.5598,-1.99491,-0.40526,-35.4796,-38.59994,5.66303,5.12869,4.76789,4.44655,4.32364,4.25685,4.18857,3.9665,5.35811,5.3957,5.43535,5.52512,5.47174,4.95317,4.67199,4.38095,4.34359,4.2609,4.54337,4.3525,2.52505,2.48998,2.48924,2.55748,2.5861,2.59779,2.56528,2.53774,227.5,231.4,247.03738,231.4,2.10595,1.9469,2.0385
9/8/2023,17.89258,10.29971,6.62725,-2.49583,-0.64177,-35.4211,-38.46458,5.6757,5.16114,4.79597,4.46129,4.3254,4.24876,4.16973,3.94573,5.36086,5.39846,5.44333,5.52262,5.48058,4.98221,4.69297,4.39502,4.35036,4.25518,4.52394,4.33038,2.57496,2.53504,2.52735,2.58226,2.60863,2.61825,2.58473,2.55592,229.8,233.2,248.75613,233.1,2.09702,1.92318,1.99938
9/11/2023,17.39921,14.38233,6.92902,-2.1802,-0.69153,-35.12594,-38.37298,5.68462,5.16769,4.80781,4.48199,4.35112,4.2801,4.21044,3.9925,5.36007,5.40797,5.42215,5.53669,5.48258,4.9937,4.66399,4.4127,4.37292,4.28702,4.5617,4.37623,2.59995,2.55498,2.54505,2.59533,2.62209,2.63247,2.59949,2.57121,230.8,234.5,249.49709,234.5,2.1047,1.94202,2.03123
9/12/2023,18.00071,15.13577,6.88405,-2.16908,-0.92007,-35.77605,-38.85616,5.68754,5.18419,4.82291,4.47799,4.33541,4.25406,4.17652,3.95674,5.36951,5.40717,5.41093,5.53132,5.48458,5.00418,4.67155,4.40915,4.3571,4.26326,4.53428,4.3453,2.64997,2.59246,2.57032,2.59574,2.61857,2.62654,2.59099,2.55926,230.7,233.9,248.54868,233.3,2.10215,1.92426,2.0123
9/13/2023,18.68978,14.76901,7.18525,-1.49773,-0.70281,-35.35439,-38.71772,5.68201,5.16986,4.8023,4.46151,4.32101,4.24044,4.16617,3.9485,5.36361,5.40122,5.43616,5.53132,5.48376,4.98296,4.65461,4.38966,4.33599,4.24747,4.51971,4.33568,2.685,2.62,2.5884,2.60878,2.62998,2.6368,2.60295,2.57284,231.25,234.8,249.00354,234.5,2.07716,1.89947,1.99068
9/14/2023,17.57177,14.16687,7.14248,-1.9763,-1.01547,-35.77681,-39.03559,5.68208,5.18823,4.82451,4.48944,4.35404,4.27913,4.20642,3.99368,5.35811,5.38538,5.44577,5.52512,5.48858,5.01251,4.68284,4.418,4.37378,4.28926,4.56417,4.38402,2.70251,2.62406,2.58883,2.60402,2.62269,2.63024,2.59816,2.57124,230.4,233.89951,248.03735,234.02216,2.114,1.9502649,2.0437984
9/15/2023,18.41699,14.02086,6.67628,-2.42736,-1.41035,-36.10382,-39.6094,5.69589,5.21556,4.85417,4.5185,4.3836,4.30734,4.23015,4.0143,5.38131,5.38815,5.43293,5.51726,5.49739,5.03148,4.714,4.45176,4.40787,4.32142,4.59116,4.41037,2.68709,2.60637,2.57582,2.60208,2.62039,2.63507,2.60229,2.57392,230.7,234.6,248.32856,234.4,2.14476,1.97542,2.06637
9/18/2023,17.41383,13.80055,6.63254,-2.406,-1.43012,-35.66548,-38.99228,5.70884,5.23755,4.87474,4.52701,4.38455,4.30322,4.22225,4.00532,5.38052,5.40797,5.42736,5.4632,5.51065,5.06341,4.73673,4.46068,4.40861,4.31752,4.5789,4.39524,2.71499,2.62538,2.60217,2.63,2.6481,2.66004,2.62432,2.58751,233,236.5,249.86568,235.75,2.13068,1.95252,2.03774
9/19/2023,18.2558,14.45465,6.89505,-2.36236,-0.83854,-35.14714,-38.50814,5.72827,5.29084,4.93821,4.59032,4.44443,4.35728,4.26495,4.04198,5.37462,5.40717,5.44739,5.49458,5.51827,5.10828,4.79366,4.52137,4.46805,4.36567,4.61642,4.42706,2.7175,2.62138,2.60364,2.63075,2.64791,2.65765,2.61808,2.57951,233.9,237,250.18654,235.4,2.18237,1.99567,2.07306
9/20/2023,18.39372,14.11672,6.67671,-2.02108,-0.50387,-34.68091,-38.42861,5.74594,5.30193,4.93777,4.57925,4.43124,4.34067,4.24193,4.01389,5.37383,5.41152,5.4622,5.53669,5.53434,5.11799,4.7966,4.51248,4.45145,4.34571,4.58874,4.39818,2.70501,2.60744,2.58288,2.60129,2.62177,2.6366,2.59543,2.55848,230.5,234.9,248.50641,233.6,2.20748,1.99671,2.06218
9/21/2023,18.19782,13.82215,6.37942,-2.44739,-0.66641,-36.6886,-39.43421,5.7402,5.32886,4.99185,4.67844,4.5498,4.47225,4.38252,4.15638,5.36322,5.40086,5.46659,5.53585,5.52224,5.14809,4.85379,4.61472,4.57431,4.47892,4.74939,4.55071,2.68999,2.5952,2.57771,2.603,2.62681,2.64624,2.61124,2.58166,231.3,237,252.02189,236.8,2.30172,2.10892,2.18271
9/22/2023,18.03456,13.95159,6.46614,-2.53809,-0.67199,-35.74684,-39.46908,5.72657,5.30177,4.95349,4.63465,4.5062,4.43203,4.34924,4.12582,5.36597,5.39331,5.45894,5.52798,5.51974,5.12157,4.81415,4.57006,4.53162,4.43876,4.70669,4.5205,2.66004,2.57647,2.56609,2.59699,2.62494,2.65156,2.62149,2.59373,230.64254,237.4,252.48686,238.06839,2.2636346,2.06476,2.1398161
9/25/2023,17.38477,13.612,6.40944,-2.85751,-0.87208,-36.98685,-39.75753,5.72451,5.30414,4.97044,4.68285,4.58144,4.53187,4.47538,4.26052,5.37541,5.41828,5.43778,5.55279,5.52454,5.13029,4.83432,4.61871,4.60998,4.54055,4.84563,4.65837,2.61751,2.52,2.51973,2.56923,2.60602,2.64174,2.62292,2.60821,227.80048,236.8,254.12934,239.70347,2.3407052,2.17255,2.2613353
9/26/2023,22.19088,12.54967,5.88658,-3.17461,-1.3915,-37.6924,-40.83851,5.71739,5.29641,4.96569,4.68312,4.58654,4.54316,4.49731,4.28621,5.37973,5.42778,5.45781,5.55279,5.53777,5.07449,4.84019,4.62422,4.61826,4.55705,4.87462,4.69488,2.565,2.47719,2.47756,2.53332,2.56996,2.60773,2.60018,2.59342,223.7,232.9,251.52474,238.1,2.38722,2.22805,2.31388
9/27/2023,20.82037,12.3449,4.94643,-4.40773,-1.75162,-39.10133,-41.08616,5.75087,5.3488,5.027,4.75346,4.65514,4.60748,4.53964,4.32054,5.37893,5.43213,5.47783,5.56352,5.56787,5.14041,4.90355,4.70397,4.69921,4.62498,4.93106,4.7317,2.61,2.51478,2.51044,2.56244,2.59178,2.61903,2.6094,2.6052,227.5,234.9,253.98618,239.4,2.42897,2.27598,2.3377
9/28/2023,20.64624,12.59194,5.50955,-2.8746,-1.4657,-38.81807,-40.30786,5.70713,5.27609,4.95777,4.69686,4.61463,4.58167,4.53641,4.32442,5.34787,5.40086,5.46139,5.54658,5.54453,5.06963,4.83185,4.6418,4.6434,4.59633,4.92459,4.7275,2.59248,2.51318,2.51594,2.58268,2.61651,2.64884,2.64325,2.64016,229.6,238.3,258.45914,243.4,2.3458,2.21333,2.2935
9/29/2023,20.96296,12.16457,5.45102,-3.19779,-1.79786,-39.8208,-40.59793,5.69866,5.25424,4.92225,4.65735,4.57913,4.55211,4.5122,4.30159,5.35575,5.41393,5.45374,5.54406,5.53358,5.04461,4.80059,4.60283,4.6111,4.57009,4.91041,4.70757,2.55502,2.47931,2.47613,2.53642,2.57558,2.61303,2.61174,2.61076,225,234.3,254.48449,240,2.35283,2.22709,2.30757
10/2/2023,20.7265,12.06482,4.93284,-3.75144,-2.34787,-39.84322,-40.94344,5.73945,5.31868,5.00785,4.76564,4.68946,4.65817,4.6043,4.38517,5.3703,5.44405,5.46332,5.56466,5.56645,5.11142,4.88719,4.7163,4.72697,4.68164,5.00273,4.7946,2.54753,2.46499,2.46129,2.52476,2.56656,2.60807,2.61025,2.61308,224.1,234.4,255.58821,240.8,2.4753,2.33764,2.3866
10/3/2023,19.55437,10.55227,4.71865,-4.08778,-2.50307,-39.44996,-41.1244,5.7438,5.34261,5.05656,4.84824,4.79159,4.7757,4.73836,4.52507,5.3644,5.43809,5.46823,5.57426,5.55741,5.14707,4.95102,4.80104,4.83246,4.80072,5.13285,4.93631,2.47996,2.4262,2.42997,2.51668,2.56745,2.6195,2.63477,2.64772,223.5471,235.7,257.74716,244.37086,2.565569,2.44372,2.4926014
10/4/2023,20.07824,11.19859,5.17798,-3.40479,-2.12186,-38.5639,-40.30315,5.66879,5.24844,4.96777,4.77168,4.72225,4.71173,4.68355,4.47389,5.36872,5.42698,5.48304,5.56352,5.49517,5.04766,4.85576,4.71989,4.75629,4.73294,5.06918,4.87691,2.32496,2.34015,2.36549,2.47506,2.53596,2.59551,2.63277,2.64575,218.5,233.3,256.66208,244.1,2.53489,2.39994,2.43591
10/5/2023,18.72192,10.41056,4.86653,-3.37041,-2.53505,-39.26096,-40.58051,5.6451,5.21077,4.92535,4.73119,4.69064,4.69007,4.67997,4.47989,5.37858,5.43182,5.48222,5.55195,5.4548,5.02355,4.82124,4.68252,4.72434,4.71542,5.07257,4.88569,2.26996,2.29996,2.33617,2.45852,2.51636,2.57027,2.60221,2.61425,216.6,230.9,253.63752,241.3,2.51652,2.40642,2.47269
10/6/2023,19.30687,10.85307,4.53637,-4.12128,-2.72782,-39.35631,-40.10356,5.69918,5.27118,4.98831,4.79213,4.7533,4.75263,4.74303,4.53991,5.4163,5.48014,5.49973,5.5861,5.49387,5.07811,4.87978,4.74677,4.79451,4.7799,5.13658,4.94094,2.28246,2.30746,2.34283,2.46779,2.52354,2.57375,2.6005,2.61398,216.9,231,254.41376,241.3,2.57777,2.4699,2.52794
10/10/2023,17.60236,11.19579,5.22337,-3.00167,-2.01459,-39.91988,-39.87663,5.61674,5.15929,4.87167,4.67067,4.63052,4.63386,4.6284,4.42834,5.40528,5.46385,5.46823,5.55279,5.42254,4.98327,4.75965,4.61844,4.66054,4.654,5.02759,4.8271,2.36997,2.38,2.39598,2.4965,2.54368,2.58215,2.59868,2.6077,219.9,232.1,254.89967,241.4,2.41944,2.333,2.4131
10/11/2023,17.89918,11.34111,5.04982,-3.41285,-2.32571,-40.00538,-40.49684,5.6324,5.18325,4.88401,4.65469,4.59192,4.57305,4.54204,4.33129,5.39937,5.45788,5.48825,5.55816,5.44992,5.00426,4.77053,4.60419,4.62605,4.5963,4.94209,4.73625,2.35999,2.37879,2.40003,2.50871,2.55346,2.58552,2.59051,2.5878,221.5,232.3,253.5838,239.4,2.38919,2.2733,2.34225
10/12/2023,17.28844,11.1899,4.3131,-4.4085,-3.05188,-40.72051,-41.45263,5.66809,5.24259,4.95773,4.74349,4.68966,4.6789,4.66174,4.45553,5.39905,5.43182,5.48742,5.57878,5.49422,5.06971,4.84569,4.70036,4.73375,4.70941,5.06894,4.87005,2.50999,2.45653,2.45856,2.53728,2.57638,2.59925,2.60017,2.5978,224.6,233.8,253.5892,240.4,2.45436,2.37141,2.46605
10/13/2023,17.33969,11.0425,4.81436,-3.46613,-2.57329,-40.95663,-41.50236,5.65094,5.22511,4.92643,4.69049,4.62384,4.60219,4.57337,4.36279,5.38643,5.43971,5.47454,5.56014,5.46921,5.05171,4.816,4.64235,4.6585,4.62792,4.98293,4.77781,2.65255,2.56246,2.54031,2.57173,2.60117,2.60937,2.60244,2.59722,228,234.7,254.21168,240.6,2.36235,2.28092,2.37181
10/16/2023,16.23831,10.90478,3.76762,-4.63259,-3.53276,-42.45032,-42.00427,5.66988,5.25865,4.97771,4.75415,4.69146,4.67376,4.65334,4.44521,5.40097,5.4389,5.47892,5.53836,5.48529,5.09636,4.86873,4.71651,4.73782,4.7091,5.07785,4.86526,2.6476,2.59248,2.5705,2.59732,2.62306,2.63249,2.62119,2.61958,230.9,237.5,257.0849,243.3,2.40751,2.3341,2.43226
10/17/2023,15.65862,10.39161,3.39693,-5.49307,-3.79137,-41.84372,-41.63702,5.73031,5.3692,5.1141,4.90608,4.83752,4.80781,4.75793,4.53426,5.38995,5.43294,5.48386,5.57511,5.54646,5.2127,5.01025,4.87215,4.89247,4.84574,5.17637,4.95064,2.6375,2.59996,2.58259,2.6192,2.64712,2.65922,2.63858,2.64295,234.2,241.3,260.69554,246.77268,2.53015,2.43274,2.4829132
10/18/2023,16.22104,10.07052,3.36216,-5.50391,-4.13243,-42.65008,-41.87656,5.72278,5.37932,5.14558,4.95741,4.891,4.85971,4.80116,4.57383,5.38404,5.41667,5.48304,5.57426,5.53716,5.21719,5.04493,4.92382,4.94605,4.90105,5.22767,4.9926,2.63254,2.60497,2.59377,2.6438,2.67239,2.68542,2.65847,2.67002,236,243.3,263.05641,249.5,2.56382,2.46805,2.4976
10/19/2023,16.52097,10.13483,2.53585,-7.08947,-5.52739,-44.16539,-42.92098,5.67755,5.3355,5.12936,4.98559,4.94465,4.93135,4.89131,4.67149,5.38369,5.41634,5.46659,5.55195,5.51098,5.17029,5.02801,4.96023,5.01554,4.98662,5.33296,5.1007,2.63503,2.61551,2.62695,2.69811,2.72956,2.7457,2.72187,2.73365,241,249.2,269.47556,256.1,2.55023,2.49462,2.5397
10/20/2023,16.51851,10.05632,2.37003,-6.73284,-5.72141,-43.03779,-43.15998,5.63441,5.24795,5.0232,4.88456,4.85937,4.86497,4.86035,4.65484,5.3762,5.41909,5.44853,5.52798,5.47755,5.08276,4.92264,4.86086,4.9267,4.92218,5.29073,5.08644,2.59002,2.5875,2.59482,2.65773,2.69569,2.72104,2.70966,2.72417,246.4,246.6,266.06061,254.8,2.39686,2.45618,2.53844
10/23/2023,14.96244,9.50278,1.90956,-6.8658,-5.61029,-41.90228,-42.3894,5.63821,5.21096,4.96485,4.81137,4.77959,4.78037,4.77068,4.56439,5.39585,5.43374,5.43778,5.55816,5.48798,5.06134,4.86982,4.79227,4.84825,4.83647,5.1897,4.98828,2.51996,2.50523,2.51041,2.59097,2.63259,2.66179,2.65875,2.67601,239.6,240.8,260.26381,249.5289,2.39627,2.42847,2.492991
10/24/2023,18.61899,10.03422,1.63329,-7.3962,-5.73897,-42.39427,-42.12539,5.65439,5.25469,5.01191,4.83846,4.79327,4.7814,4.75356,4.54077,5.38484,5.42778,5.44739,5.55816,5.50121,5.0685,4.91157,4.82213,4.86723,4.83879,5.1775,4.96202,2.47496,2.49007,2.49064,2.57581,2.62392,2.65999,2.65816,2.67624,237.7,240,260.69803,249,2.44513,2.43879,2.47202
10/25/2023,17.81818,9.93096,2.07131,-8.14466,-5.82183,-41.63578,-42.08363,5.67099,5.29776,5.07434,4.92628,4.89449,4.89348,4.87806,4.66975,5.38404,5.42698,5.4622,5.55816,5.51162,5.11958,4.97503,4.90557,4.97594,4.9517,5.29442,5.09059,2.49503,2.51976,2.52243,2.60503,2.65565,2.68841,2.68961,2.71196,241.5,243.7,263.71647,253.2,2.49057,2.5147,2.55859
10/26/2023,17.54796,9.41859,1.84306,-7.85499,-5.83204,-41.78854,-42.32275,5.62428,5.21392,4.97168,4.8144,4.78256,4.78514,4.77065,4.56348,5.37858,5.42666,5.45618,5.54121,5.47708,5.03844,4.87749,4.79597,4.86111,4.84346,5.18854,4.98671,2.43004,2.47003,2.48304,2.57999,2.63558,2.67207,2.67426,2.69403,238,241.8,261.58261,251.1,2.41597,2.42546,2.47571
10/27/2023,17.18268,8.56799,0.82658,-8.92737,-6.73417,-42.7225,-42.92227,5.60894,5.18325,4.92915,4.77768,4.7598,4.77571,4.78748,4.5931,5.38131,5.42424,5.45374,5.54406,5.47462,5.01142,4.84347,4.76941,4.84907,4.84305,5.21471,5.02232,2.44996,2.46899,2.487,2.58729,2.63901,2.67159,2.67394,2.69246,239.1,242.4,261.11117,251.5,2.37841,2.41905,2.50732
10/30/2023,16.46582,7.97463,-0.37411,-9.83226,-7.91041,-43.21315,-44.00179,5.62741,5.20196,4.9521,4.79933,4.78067,4.79707,4.79571,4.59369,5.38052,5.44405,5.44821,5.55816,5.49344,5.0374,4.87241,4.80306,4.87899,4.87615,5.22781,5.03368,2.41996,2.45727,2.48612,2.59204,2.64248,2.67175,2.67738,2.69771,240.2,242.8,261.67579,252.3337,2.40106,2.44815,2.510343
10/31/2023,16.87029,8.34234,-0.00576,-9.92261,-7.84221,-43.01527,-43.74367,5.656,5.23823,4.98191,4.81713,4.78774,4.7948,4.78816,4.58498,5.37462,5.43809,5.4526,5.56889,5.50648,5.06963,4.89853,4.81719,4.88696,4.87319,5.21828,5.02239,2.41502,2.4408,2.47809,2.58229,2.6325,2.66248,2.67077,2.69343,239.1,242,261.53597,252.1,2.42619,2.45319,2.50139
11/1/2023,16.71204,7.88967,0.77711,-8.55839,-6.93081,-40.78027,-41.39416,5.59577,5.13557,4.87087,4.70889,4.69381,4.71946,4.74578,4.55956,5.37383,5.42182,5.45179,5.54205,5.46126,4.9686,4.79205,4.70115,4.77939,4.78875,5.15356,4.97348,2.39249,2.39875,2.4282,2.54226,2.60427,2.64976,2.66188,2.69145,234.6,240.1,259.70832,251.4,2.35515,2.38775,2.45948
11/2/2023,15.42803,7.92895,1.58732,-7.50035,-6.5902,-40.19083,-41.17124,5.58265,5.12782,4.85118,4.65072,4.60474,4.60248,4.60303,4.40848,5.37303,5.40042,5.41974,5.51975,5.44068,4.97368,4.77199,4.63491,4.67977,4.6684,5.00494,4.8202,2.41497,2.41498,2.43983,2.5392,2.60052,2.64479,2.65525,2.68302,234.8,240.1,259.17382,250.8,2.28691,2.2674,2.3122
11/3/2023,15.31879,6.97587,2.00717,-7.02324,-6.75746,-40.74246,-41.25341,5.49179,4.98348,4.69517,4.50704,4.47443,4.48931,4.51882,4.33762,5.36597,5.39331,5.40172,5.47439,5.35369,4.83029,4.62541,4.48697,4.54465,4.55688,4.92624,4.75015,2.35785,2.39751,2.42222,2.5207,2.58187,2.62704,2.63843,2.66873,232.7,238.2,256.9009,249,2.15997,2.17488,2.26015
11/6/2023,13.94125,6.37595,0.8076,-8.4367,-7.97824,-41.60934,-41.99984,5.54189,5.07912,4.80433,4.61596,4.57598,4.581,4.59634,4.41005,5.38052,5.40797,5.42736,5.49376,5.39516,4.93971,4.74057,4.60788,4.66035,4.66078,5.01243,4.83005,2.38283,2.41751,2.44786,2.5535,2.61331,2.65628,2.67396,2.71048,236.1,241.5,261.08806,252.8,2.24688,2.24578,2.30205
11/7/2023,12.66965,8.14067,0.07719,-9.3675,-8.68275,-41.77676,-42.38996,5.52823,5.0432,4.75491,4.53814,4.48661,4.48276,4.49486,4.30987,5.37462,5.40202,5.41614,5.48839,5.39437,4.9165,4.6735,4.53737,4.58029,4.56959,4.91263,4.73377,2.29753,2.35755,2.40283,2.51974,2.57959,2.6227,2.64304,2.68318,232.6,238.4,257.77595,249.63957,2.21137,2.18559,2.2373743
11/8/2023,12.74959,8.1534,0.3519,-9.05737,-6.9579,-41.65457,-41.28867,5.5503,5.06269,4.76437,4.52489,4.45564,4.43646,4.43263,4.24227,5.36872,5.38577,5.41533,5.48303,5.40765,4.93519,4.68284,4.52137,4.54621,4.50604,4.84918,4.65516,2.23504,2.3089,2.35904,2.47577,2.5409,2.59171,2.6114,2.65338,229.2,235.8,256.21677,246.96487,2.22937,2.14804,2.1855113
11/9/2023,11.44761,6.65098,-0.65092,-10.12149,-7.43924,-42.95338,-41.04931,5.5955,5.13572,4.85121,4.63266,4.5707,4.55363,4.54673,4.35462,5.36834,5.3699,5.41453,5.48757,5.45475,5.02124,4.7847,4.63917,4.67191,4.62802,4.97626,4.76511,2.22696,2.29945,2.35188,2.47106,2.5386,2.59032,2.6153,2.66215,229.6,236.3,257.83961,248.1,2.34317,2.26502,2.28411
11/10/2023,10.84008,5.98388,-0.63191,-10.16658,-6.8574,-41.54139,-40.40067,5.6057,5.16859,4.88708,4.65808,4.58579,4.55846,4.52947,4.32834,5.36597,5.37784,5.39652,5.47975,5.45231,5.06019,4.82724,4.6644,4.68746,4.62703,4.94488,4.73235,2.24747,2.30481,2.34712,2.45921,2.52311,2.56901,2.59395,2.64075,228.3,234.4,255.19019,245.8,2.3814,2.28303,2.27435
11/13/2023,11.40012,6.7114,-0.6515,-9.7751,-6.37578,-41.15818,-39.79199,5.60515,5.15302,4.87874,4.6551,4.58962,4.56723,4.54515,4.3457,5.38052,5.39767,5.41173,5.4793,5.44587,5.03902,4.81163,4.66161,4.68737,4.63099,4.95673,4.74362,2.28005,2.33753,2.37074,2.47153,2.53035,2.56876,2.5887,2.63046,228.9,234,253.37774,244.31614,2.37261,2.29099,2.3004586
11/14/2023,12.18758,7.32541,0.9538,-7.26193,-5.15041,-39.82799,-38.49165,5.45602,4.93678,4.64333,4.42964,4.38419,4.38896,4.41386,4.23492,5.3644,5.38141,5.3901,5.4168,5.32138,4.8149,4.57008,4.4201,4.45681,4.44046,4.81214,4.61984,2.21003,2.28527,2.32502,2.42626,2.49153,2.53928,2.55702,2.59773,223.5,229.8,247.73381,239.9,2.1851,2.14246,2.22084
11/15/2023,11.5874,6.5381,0.29362,-8.21217,-5.79229,-40.17355,-38.88053,5.51452,5.03086,4.74539,4.52818,4.47887,4.47835,4.48849,4.30263,5.36872,5.38062,5.39971,5.43476,5.34307,4.91499,4.68001,4.52524,4.56099,4.53627,4.89023,4.69144,2.17495,2.26984,2.31544,2.43247,2.50437,2.55801,2.57712,2.61577,224.5,231.8,250.03648,241.7,2.28024,2.21827,2.27444
11/16/2023,11.4024,6.37633,0.28427,-8.17072,-5.74497,-40.07362,-38.47318,5.47341,4.95471,4.65338,4.42945,4.38194,4.38685,4.41468,4.23652,5.35811,5.36474,5.3885,5.40716,5.35352,4.84069,4.58962,4.42661,4.46365,4.4443,4.81542,4.62125,2.13004,2.22277,2.27596,2.39686,2.47368,2.53416,2.5528,2.59068,220.8,229.3,247.11754,239.2,2.21861,2.1513,2.22925
11/17/2023,9.76953,6.03426,0.38006,-8.33756,-5.74753,-41.1089,-38.4648,5.49907,5.00343,4.69783,4.45778,4.39347,4.38284,4.39547,4.21183,5.36597,5.36753,5.38092,5.41012,5.31191,4.90573,4.63749,4.45398,4.47685,4.44032,4.80656,4.59648,2.19906,2.28001,2.31985,2.42107,2.48727,2.53197,2.54673,2.57967,223.6,229.2,247.29509,238.03642,2.21798,2.14832,2.2161158
11/20/2023,9.4814,6.10627,-0.11791,-8.74541,-6.17693,-38.63153,-39.08015,5.50894,5.0046,4.69142,4.4385,4.37101,4.35905,4.36837,4.18296,5.38052,5.39251,5.40131,5.4554,5.32235,4.90979,4.63036,4.43968,4.45846,4.42082,4.75478,4.57376,2.24282,2.30501,2.34288,2.43996,2.50462,2.54921,2.56273,2.59442,225.5,230.8,247.71774,239.2,2.18468,2.11282,2.18176
11/21/2023,9.46998,5.55677,0.2248,-8.45461,-5.91678,-38.50857,-38.51616,5.496,4.97554,4.65898,4.42061,4.36076,4.35774,4.37636,4.19426,5.37462,5.37626,5.3953,5.43931,5.30756,4.88081,4.60339,4.41835,4.44529,4.41689,4.76152,4.57941,2.24192,2.27434,2.29596,2.392,2.4579,2.50658,2.52419,2.55967,220.2,226.3,243.95295,235.6,2.21635,2.15389,2.22341
11/22/2023,10.01851,6.33989,0.3636,-8.7784,-5.59993,-38.34982,-37.9736,5.52194,5.00834,4.68937,4.4426,4.37282,4.35889,4.35781,4.16718,5.37346,5.38022,5.41453,5.46076,5.33683,4.90815,4.62597,4.43896,4.4606,4.41488,4.74137,4.54691,2.21752,2.2779,2.30445,2.39699,2.46378,2.51248,2.53407,2.57314,221.2,227.5,246.25603,237.2,2.22696,2.13988,2.17491
11/24/2023,8.43717,5.35062,-0.38912,-9.25537,-6.36673,-39.43367,-38.70189,5.54084,5.04136,4.73065,4.49793,4.43296,4.41947,4.42053,4.2298,5.37237,5.38042,5.40432,5.47037,5.3373,4.95699,4.67714,4.50182,4.52551,4.48314,4.81488,4.61682,2.18937,2.26069,2.29782,2.39449,2.46426,2.51705,2.53694,2.57436,220.7,227.7,246.55513,237.2,2.29482,2.20614,2.24482
11/27/2023,11.75717,6.04586,1.8378,-9.36618,-6.78386,-39.62354,-39.02143,5.52047,4.99257,4.66345,4.40619,4.33502,4.31968,4.32803,4.14213,5.39074,5.39251,5.42656,5.46694,5.32813,4.8545,4.60299,4.38781,4.42868,4.38752,4.72429,4.53234,2.17751,2.23967,2.26569,2.34679,2.41679,2.46973,2.50052,2.5444,215.3,222.62686,242.66136,233.562,2.23481,2.1612514,2.19672
11/28/2023,14.22423,5.62319,1.48828,-10.38785,-7.75808,-40.70561,-40.27271,5.44728,4.87751,4.53967,4.29963,4.24927,4.25758,4.29477,4.12025,5.37462,5.38656,5.41531,5.44012,5.25899,4.73527,4.48344,4.28475,4.35315,4.33516,4.70185,4.52298,2.21,2.26379,2.2903,2.37093,2.43624,2.48233,2.50823,2.54431,215.87093,224.1,242.18484,234.1,2.1260407,2.09416,2.18198
11/29/2023,12.66074,5.2823,0.8217,-11.38147,-8.84533,-41.22275,-40.8579,5.36119,4.77311,4.45521,4.22665,4.17514,4.18114,4.21563,4.04134,5.36361,5.38062,5.40406,5.4026,5.17741,4.6465,4.40239,4.21843,4.28895,4.26959,4.62786,4.44992,2.22502,2.26036,2.28284,2.34879,2.41625,2.46544,2.4903,2.51855,216.5,222.3,239.89461,231.5,2.05343,2.04659,2.13492
11/30/2023,11.1466,4.51047,0.59339,-10.79979,-8.29921,-40.12086,-39.65308,5.38535,4.82579,4.51968,4.30285,4.25586,4.26562,4.29275,4.11338,5.37346,5.38022,5.39805,5.4018,5.20197,4.71432,4.47458,4.29692,4.36386,4.34861,4.69396,4.50991,2.18226,2.24832,2.27656,2.35969,2.43201,2.48875,2.51202,2.54071,217.6,224.6,242.35429,233.7,2.12092,2.10261,2.17291
12/1/2023,10.41448,4.22805,0.65008,-10.79268,-8.17639,-39.15488,-38.83996,5.26853,4.6694,4.36847,4.16003,4.12172,4.14152,4.19513,4.02764,5.35575,5.36753,5.38002,5.35659,5.09312,4.56526,4.32619,4.15353,4.22965,4.22328,4.58668,4.41604,2.13541,2.21509,2.24818,2.32806,2.40266,2.46152,2.48617,2.51499,214.8,222.4,238.84948,231,2.00553,1.99928,2.10604
12/4/2023,8.17302,1.96493,-0.92678,-12.02134,-9.04309,-38.48024,-38.20708,5.32352,4.73776,4.43653,4.22786,4.18282,4.19327,4.22863,4.05402,5.37541,5.38221,5.37954,5.41332,5.16252,4.65603,4.41688,4.23713,4.30303,4.2837,4.61343,4.43609,2.13502,2.21499,2.24946,2.33244,2.40106,2.45572,2.4729,2.49317,215.5,222.2,236.79457,228.7,2.08213,2.0617,2.14909
12/5/2023,9.2878,2.31875,-1.55785,-12.26077,-9.57667,-38.01017,-38.32854,5.28459,4.66859,4.35162,4.12201,4.06869,4.07292,4.09888,3.92224,5.3644,5.36596,5.3892,5.38116,5.11412,4.57571,4.32843,4.13759,4.1913,4.16869,4.47898,4.30553,2.08755,2.17759,2.21706,2.30154,2.37136,2.42548,2.44732,2.47146,212.4,219.3,234.34501,225.9,2.01359,1.97569,2.04653
12/6/2023,9.88391,2.98248,-0.98377,-11.44047,-9.39529,-36.87792,-37.66324,5.30319,4.70006,4.36649,4.11195,4.03999,4.02617,4.02969,3.84676,5.3585,5.36517,5.40406,5.38116,5.13583,4.60122,4.33667,4.12179,4.15439,4.12012,4.39847,4.22339,1.98361,2.10753,2.15634,2.25358,2.32458,2.384,2.41053,2.43843,207.6,215.4,231.21642,222.6,2.04579,1.96612,1.99739
12/7/2023,9.03035,2.3272,-1.00213,-11.81789,-9.84824,-37.57256,-38.11054,5.27536,4.66819,4.34257,4.10118,4.03676,4.02914,4.04229,3.86362,5.33764,5.3699,5.5129,5.35894,5.11269,4.57789,4.3193,4.1112,4.15494,4.12762,4.41802,4.24473,1.97503,2.10531,2.16751,2.26897,2.34255,2.40425,2.43818,2.46942,209.9,217.8,233.41721,225.7,2.0122,1.94962,1.98773
12/8/2023,9.35636,3.22084,-0.92972,-11.52099,-9.70639,-37.06656,-38.28912,5.37833,4.8186,4.49647,4.24481,4.16994,4.14683,4.13153,3.94162,5.34552,5.36753,5.39045,5.3887,5.19459,4.72504,4.46426,4.25411,4.28515,4.24389,4.5022,4.32451,2.04503,2.15493,2.21356,2.31464,2.38742,2.45019,2.48018,2.50956,214.6,222,237.21853,229.2,2.10811,2.02389,2.03251
12/11/2023,8.78942,6.09726,-0.62016,-10.8774,-9.60997,-37.9276,-38.96238,5.37389,4.81266,4.50047,4.24431,4.16785,4.14195,4.12816,3.93977,5.37541,5.39251,5.37954,5.39861,5.19946,4.72477,4.4395,4.25051,4.27662,4.23805,4.50744,4.32939,2.0375,2.14258,2.20249,2.30327,2.37298,2.43371,2.45756,2.48142,213.2,220.5,234.45506,226.4,2.11851,2.03305,2.06539
12/12/2023,8.69884,5.84124,-0.34063,-10.37091,-9.39899,-38.46883,-40.00752,5.38314,4.81674,4.4882,4.22244,4.14094,4.11139,4.09174,3.90217,5.34907,5.39172,5.3892,5.36051,5.19872,4.72975,4.42979,4.22585,4.24465,4.20538,4.47643,4.30225,1.99253,2.10455,2.15661,2.2646,2.33979,2.40473,2.43438,2.46259,209.2,217.6,231.81807,224.15,2.13385,2.02938,2.06075
12/13/2023,10.74447,8.10192,1.98387,-7.93252,-8.12067,-37.43664,-39.27378,5.20068,4.58516,4.26714,4.02139,3.95909,3.95121,3.96374,3.79019,5.33807,5.38062,5.3884,5.32222,5.00782,4.47772,4.18612,4.00155,4.03842,4.03242,4.33811,4.18293,2.04254,2.13795,2.19618,2.29567,2.35606,2.40801,2.42915,2.44917,211.7,217.8,229.95686,223.3,1.88455,1.85442,1.94993
12/14/2023,9.90695,7.22558,1.72229,-8.92068,-9.20175,-39.02887,-39.86282,5.14949,4.49668,4.17203,3.92595,3.8525,3.83716,3.83163,3.65443,5.33764,5.37983,5.37717,5.30539,4.97365,4.39761,4.09977,3.90872,3.94169,3.92915,4.2219,4.05304,2.12995,2.2175,2.27532,2.38108,2.4277,2.46324,2.46369,2.46366,219.91348,223.2,233.44791,225,1.7095852,1.69715,1.80304
12/15/2023,9.75506,7.30911,1.36163,-9.75233,-9.75747,-39.5985,-40.01019,5.19997,4.55126,4.21069,3.9421,3.85756,3.8292,3.80843,3.62572,5.34552,5.36753,5.38523,5.32983,5.01623,4.45432,4.138,3.92873,3.95525,3.92688,4.20446,4.02586,2.13748,2.22637,2.28362,2.3837,2.42896,2.45626,2.4466,2.43811,220.1,222.5,231.76199,221.95,1.72773,1.70188,1.80636
12/18/2023,9.1568,6.87103,1.36276,-9.61875,-9.63655,-39.50239,-40.01718,5.18991,4.54737,4.22044,3.96292,3.88257,3.85843,3.84682,3.66823,5.34474,5.38221,5.37954,5.35437,5.0267,4.4558,4.15173,3.94929,3.97876,3.9548,4.24184,4.0684,2.16997,2.23593,2.28759,2.38761,2.43139,2.45651,2.44851,2.44421,220.9,222.2,231.79403,222.3,1.74029,1.7328,1.8454
12/19/2023,9.53203,6.36246,0.77158,-9.76573,-9.8574,-40.51588,-40.6259,5.16535,4.53153,4.20393,3.93943,3.8528,3.82244,3.80756,3.62909,5.32352,5.37111,5.37353,5.33294,5.01486,4.43621,4.14031,3.93171,3.95046,3.92101,4.21272,4.03535,2.17001,2.21522,2.26619,2.35756,2.40098,2.42441,2.41615,2.41064,218.5,219.2,228.58688,219.2,1.74671,1.72901,1.84335
12/20/2023,9.00428,5.32792,0.29565,-9.87348,-9.78079,-40.49816,-40.68144,5.11068,4.45816,4.12903,3.87382,3.79798,3.77834,3.77154,3.59698,5.32274,5.34972,5.39362,5.31687,4.95846,4.36812,4.07575,3.87086,3.89671,3.87615,4.17652,4.00379,2.16,2.19234,2.25052,2.36302,2.40888,2.43355,2.4244,2.41774,219.3,220.1,228.92337,219.9,1.67786,1.67515,1.80479
12/21/2023,6.59993,3.75746,-1.67312,-11.1885,-10.39433,-41.19658,-41.53687,5.06434,4.40868,4.09409,3.86211,3.79841,3.78819,3.79134,3.61861,5.33764,5.34927,5.37717,5.30539,4.91327,4.34841,4.05869,3.88011,3.91119,3.89275,4.2037,4.03444,2.11791,2.18268,2.24674,2.36553,2.41309,2.43843,2.42458,2.4229,219.25,220.25,228.12518,220.05,1.68761,1.69025,1.83394
12/22/2023,6.78816,4.04435,-1.81466,-11.09338,-10.15526,-40.41541,-41.15569,5.03549,4.40331,4.09254,3.86634,3.80929,3.80484,3.81672,3.64745,5.36007,5.38221,5.3688,5.29162,4.91619,4.33792,4.05464,3.88599,3.92137,3.90711,4.22134,4.05936,2.10543,2.16159,2.23052,2.35072,2.40181,2.43019,2.41558,2.41306,218.31885,219.8,226.64879,219.2,1.7028015,1.70911,1.86736
12/26/2023,16.82289,4.6307,-1.43312,-10.57968,-9.58433,-39.82805,-40.99319,5.06827,4.4181,4.09443,3.86014,3.79753,3.78876,3.80068,3.63185,5.35929,5.38141,5.36309,5.27403,4.89082,4.28603,4.04872,3.87445,3.90331,3.88458,4.19898,4.04177,2.12252,2.16477,2.2293,2.34712,2.39639,2.42245,2.40717,2.40423,218.2,219,225.3713,218.3,1.69245,1.69458,1.85877
12/27/2023,12.26243,4.16668,-0.62505,-10.013,-9.3947,-39.15544,-40.66452,5.03164,4.36321,4.02836,3.7803,3.70816,3.69401,3.70417,3.53738,5.35339,5.38062,5.39362,5.26333,4.83495,4.24074,3.98669,3.78654,3.80828,3.78795,4.09572,3.94402,2.07,2.1157,2.19336,2.31988,2.37395,2.40379,2.39091,2.38848,215.35,216.5,222.8207,216.1,1.63304,1.62295,1.78302
12/28/2023,10.94872,3.05536,-2.05854,-9.89993,-10.0938,-40.13634,-41.37594,5.04344,4.38929,4.06037,3.82562,3.76153,3.74799,3.74706,3.57488,5.31717,5.35958,5.38761,5.26792,4.86502,4.27985,4.02982,3.84615,3.86048,3.84893,4.14842,3.98864,1.98998,2.06786,2.15655,2.3208,2.37989,2.41683,2.40077,2.39648,215.2,217.3,224.12817,216.9,1.69415,1.67593,1.81964
12/29/2023,10.70397,2.93387,-2.62838,-10.8978,-11.19035,-41.60747,-42.1178,5.02098,4.35485,4.03106,3.80167,3.75087,3.74758,3.76313,3.59625,5.38563,5.39767,5.34274,5.2542,4.82897,4.24781,4.00172,3.82796,3.85985,3.85949,4.17921,4.01743,1.97996,2.055,2.15155,2.31219,2.37243,2.41123,2.39258,2.38848,215.35,217.25,223.02756,215.85,1.67446,1.68699,1.85893
1/2/2024,10.85536,2.67848,-3.36293,-11.81204,-12.87822,-42.83449,-43.52298,5.06928,4.43591,4.12411,3.88929,3.82914,3.81469,3.81839,3.6478,5.36951,5.39172,5.37322,5.25879,4.85621,4.32736,4.09732,3.92292,3.94726,3.94347,4.24673,4.08303,1.99751,2.10749,2.19756,2.33699,2.40009,2.44307,2.43176,2.42679,219.2,221.3,227.11938,219.8,1.73092,1.73047,1.88503
1/3/2024,12.54553,4.64983,-2.16911,-10.49761,-11.49653,-40.84067,-41.83324,5.09358,4.44146,4.11527,3.86987,3.80601,3.7909,3.80244,3.63695,5.36361,5.38577,5.39362,5.26408,4.86672,4.316,4.06877,3.89156,3.91098,3.90586,4.21084,4.05528,2.02002,2.11999,2.19426,2.32352,2.38931,2.43639,2.42625,2.42252,219.1,220.9,225.55558,219,1.70056,1.69686,1.86528
1/4/2024,12.39362,4.90765,-1.00803,-9.31898,-10.27534,-39.57329,-40.29015,5.12121,4.50537,4.19686,3.96198,3.90103,3.88751,3.89828,3.73179,5.35811,5.3691,5.39283,5.27403,4.89954,4.38143,4.14778,3.97206,3.99422,3.99026,4.29401,4.13469,2.00248,2.1276,2.20516,2.33404,2.40063,2.44699,2.43321,2.42802,220.4,222.2,227.58257,220.3,1.76806,1.76826,1.93169
1/5/2024,12.20575,4.55262,-1.10646,-9.10498,-10.6428,-40.11272,-41.16969,5.11305,4.51217,4.21253,3.99553,3.94193,3.93456,3.95198,3.78695,5.35575,5.39258,5.38002,5.26106,4.89757,4.39011,4.167,4.00659,4.03298,4.04099,4.3531,4.19864,1.98748,2.12491,2.20171,2.33803,2.404,2.44742,2.43361,2.43225,220.8,222.8,227.84597,221.6,1.79859,1.81299,1.98264
1/8/2024,14.04569,7.70578,1.7586,-6.05351,-8.27273,-37.66648,-39.79691,5.09801,4.48371,4.18694,3.97159,3.92156,3.91839,3.93989,3.77474,5.3703,5.40729,5.37432,5.24342,4.87463,4.34325,4.10988,3.954,3.9821,4.00112,4.31655,4.1727,1.9075,2.08539,2.18155,2.32784,2.39794,2.44784,2.43214,2.43899,219.9,222.6,228.68419,222.4,1.755,1.77512,1.9487
1/9/2024,13.41906,9.32339,1.23864,-6.49139,-8.65902,-37.44652,-39.92736,5.10993,4.50469,4.20773,3.98842,3.93488,3.92955,3.94944,3.78375,5.3644,5.37033,5.37875,5.23731,4.89348,4.3705,4.11444,3.97603,3.99979,4.01613,4.3239,4.18302,1.94005,2.09974,2.18551,2.32871,2.39671,2.44375,2.42761,2.43142,220.3,222.5,227.88846,221.9,1.77303,1.79113,1.96402
1/10/2024,12.65995,8.98918,0.95743,-7.14603,-9.14429,-38.09851,-40.29781,5.09148,4.4951,4.20314,3.98921,3.9382,3.93784,3.96057,3.79688,5.3585,5.38503,5.3884,5.25262,4.8789,4.3685,4.11319,3.97964,4.00966,4.02928,4.34155,4.19985,1.92998,2.09245,2.17513,2.3182,2.38738,2.43595,2.42183,2.42995,219.2,222.1,228.5192,222.5,1.78764,1.80828,1.97485
1/11/2024,12.10564,7.76443,0.54965,-7.56869,-9.62784,-38.64583,-40.91588,5.00278,4.37869,4.09017,3.89572,3.86097,3.87805,3.92543,3.77078,5.35811,5.35358,5.38239,5.23582,4.80592,4.25763,4.01256,3.89022,3.93666,3.97432,4.31188,4.17994,1.99754,2.13439,2.19646,2.3295,2.39673,2.44362,2.4302,2.43648,220.7,223.6,229.22257,223.9,1.68322,1.73832,1.94094
1/12/2024,13.17511,8.00299,0.9,-7.54877,-10.38219,-39.35723,-42.72165,4.90175,4.26745,4.00053,3.83898,3.81778,3.84549,3.91303,3.76905,5.3703,5.40212,5.35838,5.18474,4.69797,4.1357,3.9205,3.82998,3.89327,3.94931,4.3066,4.19626,2.03003,2.15722,2.21536,2.3527,2.42541,2.47931,2.46526,2.47096,223.9,227.8,233.21663,227.63253,1.59098,1.67131,1.9199347
1/16/2024,12.43021,7.4115,0.66688,-7.73779,-10.71387,-40.13928,-43.09867,4.97714,4.3501,4.09218,3.94899,3.93076,3.95761,4.01933,3.87222,5.37462,5.40132,5.36801,5.19376,4.78056,4.22584,4.01809,3.94234,4.00815,4.06475,4.42072,4.30321,2.02747,2.14657,2.21634,2.36498,2.44068,2.49922,2.48965,2.49974,225,230.3,236.84967,230.6,1.69234,1.76175,1.99721
1/17/2024,13.10042,8.29371,1.37433,-7.38395,-9.6132,-39.24289,-42.60594,5.08094,4.48432,4.21592,4.03644,3.99875,4.00669,4.04218,3.88468,5.36872,5.36437,5.37796,5.22051,4.87991,4.35337,4.13302,4.02272,4.0726,4.10283,4.43461,4.31074,2.07005,2.17652,2.24388,2.37799,2.44906,2.49965,2.49298,2.50599,226.3,230.7,237.58729,230.6,1.75972,1.79583,2.00474
1/18/2024,12.18684,7.88423,1.70205,-7.13208,-9.39581,-39.73312,-42.66452,5.06095,4.47745,4.22319,4.06465,4.03501,4.04903,4.09679,3.94365,5.32741,5.37944,5.36674,5.22512,4.87926,4.35558,4.14435,4.04763,4.10632,4.14298,4.49412,4.37029,2.11,2.21248,2.2786,2.4119,2.48355,2.53587,2.52757,2.53897,229.7,234.2,240.92529,233.9,1.75063,1.80098,2.03129
1/19/2024,12.69785,8.95603,2.75826,-5.93937,-8.3663,-38.56218,-41.86313,5.11331,4.53277,4.26803,4.0978,4.0585,4.06099,4.09319,3.93405,5.34552,5.38741,5.36438,5.23357,4.92453,4.40579,4.17847,4.07022,4.11789,4.14465,4.47881,4.35268,2.10997,2.20611,2.28198,2.40396,2.47896,2.53632,2.53092,2.54272,229.9,233.6,242.26344,234.9,1.77122,1.80865,2.00368
1/22/2024,12.91808,9.59756,2.89113,-5.45609,-7.85641,-37.77791,-40.98307,5.10634,4.50427,4.22939,4.04337,4.00666,4.01424,4.05901,3.90526,5.36519,5.39695,5.35865,5.23121,4.91553,4.37509,4.13341,4.01446,4.06122,4.0928,4.43679,4.31509,2.14995,2.21453,2.27395,2.37855,2.44764,2.49665,2.49373,2.50808,227.6,230.3,239.04351,231.7,1.73846,1.7898,1.99809
1/23/2024,16.18748,8.52109,2.6732,-5.61443,-7.85036,-37.97604,-41.86436,5.09858,4.50787,4.2413,4.07591,4.04743,4.06214,4.1119,3.95923,5.35929,5.38066,5.36831,5.23121,4.86846,4.346,4.15609,4.04918,4.10357,4.14064,4.49166,4.37787,2.11999,2.18497,2.24479,2.35843,2.43124,2.48412,2.48761,2.50792,226.1,229.1,237.2281,231.7,1.78818,1.84964,2.06087
1/24/2024,15.35537,8.46716,3.70214,-5.62553,-7.53611,-37.25216,-41.52345,5.10999,4.52928,4.26915,4.10977,4.08516,4.10177,4.1497,3.99666,5.34828,5.3747,5.37274,5.23656,4.87684,4.37573,4.18448,4.07275,4.14142,4.17713,4.52222,4.41189,2.13245,2.19453,2.25273,2.3772,2.45113,2.50483,2.50888,2.53001,227.6,230.1,237.87412,232.75,1.79675,1.87613,2.08439
1/25/2024,14.32961,7.73335,3.05538,-5.45166,-7.83275,-37.48206,-42.02598,5.04404,4.45612,4.19967,4.04708,4.02979,4.05253,4.10975,3.95984,5.34276,5.37427,5.3563,5.20372,4.81477,4.31282,4.12234,4.01653,4.08431,4.13086,4.48457,4.3801,2.16495,2.20285,2.24882,2.3678,2.4377,2.488,2.48792,2.50407,227.3,228.5,235.19704,230.2,1.74353,1.84586,2.0781
1/26/2024,14.59055,8.49838,3.03833,-6.0296,-8.10668,-37.94674,-42.11401,5.07689,4.51029,4.25293,4.09049,4.06415,4.0784,4.12264,3.96751,5.35064,5.36156,5.35916,5.21753,4.83797,4.36438,4.16795,4.06011,4.12445,4.15947,4.50211,4.38865,2.17246,2.21845,2.25575,2.36858,2.43622,2.48878,2.49089,2.51039,229,229,236.64613,230.8,1.77011,1.86947,2.08065
1/29/2024,13.80777,7.76693,2.87279,-5.72725,-8.34125,-37.93955,-42.39367,5.05532,4.45914,4.19179,4.0209,3.99315,4.00681,4.06068,3.91065,5.36007,5.39695,5.34821,5.19911,4.8206,4.32106,4.11412,3.99217,4.05042,4.09022,4.44008,4.33459,2.13498,2.20489,2.24748,2.37237,2.43966,2.49198,2.49324,2.51265,229.6,229.2,236.76512,230.9,1.69617,1.79822,2.02559
1/30/2024,15.26452,8.93632,3.44438,-5.05046,-7.57285,-37.757,-41.92423,5.09086,4.51068,4.23185,4.02918,3.98177,3.97997,4.01439,3.85755,5.35418,5.39616,5.35787,5.21516,4.84506,4.35819,4.14259,3.99478,4.0323,4.0557,4.39195,4.27678,2.15003,2.20258,2.24206,2.35827,2.41988,2.46757,2.45813,2.46596,228.2,226.4,233.52663,226.5,1.71278,1.7917,2.01178
1/31/2024,14.1335,7.85774,3.35026,-4.62791,-7.84692,-38.22908,-42.407,4.97147,4.36845,4.09486,3.912,3.87514,3.88584,3.93792,3.79002,5.34828,5.38503,5.35708,5.16167,4.72747,4.22727,4.01638,3.87854,3.92144,3.96431,4.3202,4.21408,2.10002,2.16386,2.2083,2.33085,2.39975,2.45181,2.44605,2.45861,225.2,224.2,233.2618,225.5,1.62654,1.72231,1.95908
2/1/2024,14.53371,8.28459,3.56423,-4.48977,-7.39149,-37.41454,-42.25276,4.96466,4.33815,4.04657,3.83366,3.78615,3.78842,3.83022,3.67941,5.35261,5.3894,5.36152,5.17164,4.73242,4.19317,3.96397,3.79817,3.83114,3.8624,4.20439,4.10196,2.01997,2.09728,2.15242,2.28376,2.35764,2.41775,2.4216,2.43298,220,219.4,231.74239,222.3,1.59817,1.6684,1.87896
2/2/2024,16.15551,9.24979,3.66754,-4.67321,-7.20454,-36.66014,-41.97823,5.12323,4.53028,4.2411,4.02862,3.96994,3.95732,3.96942,3.80595,5.37042,5.39258,5.3748,5.24426,4.87528,4.36896,4.14876,3.99204,4.01673,4.02941,4.33604,4.22575,1.99998,2.09622,2.15414,2.29098,2.36571,2.42549,2.42931,2.44045,221.6,220.80464,232.0792,223.25,1.77604,1.8213636,1.99325
2/5/2024,15.4067,8.95563,2.96955,-5.69157,-8.19617,-37.14686,-42.98663,5.18315,4.62414,4.35292,4.15119,4.09445,4.08076,4.083,3.91446,5.38501,5.39695,5.35865,5.26484,4.92758,4.47007,4.26336,4.12149,4.15136,4.16271,4.45446,4.34432,2.07996,2.17509,2.23128,2.35622,2.42325,2.47452,2.47535,2.48595,228.50443,226.2,236.36898,228.10449,1.8364457,1.90071,2.0632751
2/6/2024,15.34767,10.3315,2.47171,-6.25537,-8.92747,-37.58625,-43.8199,5.13501,4.5591,4.27882,4.06737,4.01126,4.00212,4.01875,3.85702,5.38148,5.39616,5.36831,5.22661,4.87955,4.40562,4.1755,4.04265,4.07381,4.09139,4.39461,4.29522,2.09503,2.19141,2.24546,2.35493,2.41484,2.45924,2.45684,2.46571,228,224.3,233.09538,225.7,1.76265,1.84839,2.03822
2/7/2024,15.18546,10.13928,2.47171,-6.25537,-8.92747,-37.58625,-43.8199,5.13145,4.55747,4.27689,4.06737,4.01126,4.00212,4.01875,3.85702,5.39613,5.3902,5.38318,5.24727,4.88447,4.42038,4.19076,4.05841,4.09074,4.09445,4.41021,4.30853,2.09246,2.18635,2.24263,2.3507,2.40894,2.45364,2.45033,2.45848,228.1,224.20389,233.57115,225.60347,1.77741,1.8524111,2.0524953
2/8/2024,14.73264,9.71312,2.75886,-5.89815,-7.49548,-37.82968,-43.56122,5.14753,4.60135,4.33977,4.15008,4.10034,4.09364,4.10593,3.94139,5.39533,5.38979,5.38239,5.26257,4.89774,4.45402,4.24264,4.12249,4.15932,4.16859,4.48423,4.377,2.16002,2.23984,2.28215,2.37222,2.42904,2.47205,2.47187,2.47772,230.96093,226.55884,237.56464,229.46538,1.8128807,1.9030016,2.0823462
2/9/2024,15.26082,10.13126,2.79232,-6.09317,-7.7241,-37.86213,-44.28461,5.17373,4.63984,4.37764,4.17784,4.12211,4.10885,4.10848,3.93746,5.38266,5.38224,5.38523,5.28169,4.92082,4.48723,4.27633,4.14992,4.18304,4.18609,4.4871,4.38031,2.17746,2.23969,2.28041,2.37082,2.42619,2.46929,2.46543,2.46768,230.7,225.3,234.67907,226.4,1.84292,1.93309,2.11631
2/12/2024,15.56207,10.27633,2.79163,-6.09697,-7.72404,-37.7828,-44.09942,5.17483,4.62416,4.35663,4.15497,4.10112,4.09038,4.09693,3.92882,5.38187,5.40212,5.37954,5.28474,4.93129,4.46854,4.25387,4.12705,4.16209,4.16762,4.47476,4.36981,2.18001,2.22966,2.26233,2.35436,2.41093,2.45398,2.45061,2.45344,229.3,223.9,233.78874,225.1,1.83405,1.92862,2.11881
2/13/2024,16.66795,10.17461,3.09903,-6.10031,-7.47056,-38.31468,-44.40696,5.31373,4.82024,4.56269,4.34678,4.27332,4.2406,4.20998,4.02167,5.38622,5.40649,5.3892,5.34365,5.06436,4.65356,4.46094,4.31579,4.33432,4.31531,4.59313,4.46574,2.36999,2.34942,2.35457,2.42156,2.47196,2.5097,2.49995,2.49617,236.30121,229.6,239.38948,229.5,1.9527779,2.01931,2.17074
2/14/2024,17.38335,10.86948,3.62903,-5.58335,-7.13122,-37.66007,-43.99494,5.26438,4.75059,4.49057,4.28109,4.21698,4.19486,4.1867,4.0073,5.37515,5.3747,5.38318,5.32758,5.01348,4.57676,4.38188,4.2448,4.27281,4.26617,4.5633,4.44725,2.38,2.35972,2.35493,2.41677,2.4667,2.50546,2.49354,2.48894,236.3,229.79606,238.25434,229.4,1.8818,1.9682094,2.15325
2/15/2024,17.05328,11.75262,3.88795,-5.51306,-7.00051,-37.18598,-43.61271,5.25494,4.73603,4.46856,4.25362,4.18935,4.16878,4.16293,3.98451,5.37437,5.38462,5.38239,5.32145,5.00723,4.5655,4.35103,4.21474,4.24448,4.23879,4.53479,4.42064,2.38495,2.36543,2.36677,2.42677,2.4683,2.50302,2.48821,2.48062,237.8,230.3,238.11489,229.2,1.83674,1.93579,2.12864
2/16/2024,15.53226,11.09347,3.63839,-6.0747,-7.44646,-37.9671,-43.9093,5.30475,4.80861,4.54189,4.32354,4.25024,4.21946,4.19547,4.00914,5.37121,5.40212,5.38444,5.33975,5.03788,4.65329,4.43096,4.28716,4.31099,4.29392,4.57514,4.44823,2.41031,2.39452,2.39143,2.45721,2.49668,2.52854,2.51035,2.49943,241.6,233.1,241.19064,231.2,1.87116,1.96292,2.13623
2/20/2024,15.92501,11.70279,3.73896,-5.90363,-7.39158,-37.72161,-43.87389,5.28292,4.77033,4.50282,4.28725,4.22219,4.20038,4.18956,4.00949,5.38068,5.39616,5.37875,5.32758,5.00937,4.61108,4.38579,4.24986,4.28123,4.2743,4.56678,4.44823,2.38496,2.37108,2.38254,2.44389,2.48486,2.51826,2.50033,2.48969,240.4,232.2,239.94736,230.6,1.84586,1.9523,2.14223
2/21/2024,16.07542,11.54473,3.53058,-6.19592,-7.82066,-36.35227,-43.65726,5.30789,4.81174,4.54679,4.3334,4.26715,4.2434,4.23397,4.05461,5.37988,5.39536,5.39362,5.33829,5.03355,4.65107,4.4314,4.29813,4.32913,4.32162,4.59751,4.49119,2.41252,2.39991,2.41019,2.47247,2.50909,2.53956,2.52446,2.51673,243,234.2,243.18205,233.3,1.86813,1.97962,2.15819
2/22/2024,14.8571,10.27417,2.91077,-6.71647,-8.06262,-36.21607,-43.51518,5.34311,4.86115,4.5884,4.35954,4.28137,4.245,4.21465,4.02622,5.37909,5.39496,5.39805,5.34823,5.0721,4.71264,4.4857,4.33044,4.34854,4.32563,4.57683,4.46137,2.43998,2.40952,2.40253,2.44494,2.47948,2.50756,2.49197,2.48358,240.6,231.40244,240.34436,230.41431,1.92444,2.0116056,2.1572269
2/23/2024,15.46794,10.78334,2.32966,-6.88653,-8.39258,-38.46833,-43.35607,5.33828,4.84322,4.5601,4.30764,4.21942,4.1749,4.13792,3.94578,5.37672,5.39775,5.40088,5.34588,5.05879,4.68854,4.45227,4.28434,4.28828,4.25882,4.52262,4.37934,2.37747,2.35712,2.35439,2.4111,2.45252,2.48886,2.4716,2.46661,237.6,229.4,240.62639,226.3,1.90834,1.96482,2.11634
2/26/2024,17.177,9.83878,2.43752,-8.26752,-9.89024,-38.71603,-44.15349,5.373,4.88577,4.59948,4.33399,4.24396,4.19711,4.16432,3.97417,5.38105,5.41245,5.41089,5.36508,5.0917,4.714,4.50109,4.3119,4.32829,4.29823,4.55327,4.41726,2.44001,2.38991,2.38526,2.44133,2.47255,2.50253,2.48325,2.4727,241.4,231.5,240.59953,227.7,1.8979,1.98323,2.14026
2/27/2024,18.03613,10.19434,2.07756,-8.53479,-10.01019,-38.93682,-44.40427,5.37661,4.89124,4.60739,4.3419,4.25452,4.213,4.18365,3.99584,5.38538,5.42199,5.39964,5.35972,5.1022,4.71088,4.50138,4.32104,4.33981,4.31407,4.57319,4.43999,2.4804,2.40234,2.39584,2.45129,2.48136,2.51097,2.493,2.48341,243,232.6,240.619,229.1,1.89104,1.98807,2.14899
2/28/2024,17.94914,10.39918,2.81912,-8.01396,-9.4374,-38.59681,-44.34898,5.3335,4.8262,4.54556,4.30009,4.2155,4.17835,4.15104,3.9651,5.38586,5.40827,5.39884,5.33294,5.06789,4.64671,4.44157,4.2719,4.29564,4.27272,4.53701,4.40859,2.51001,2.42239,2.40962,2.45977,2.48714,2.51293,2.49539,2.48392,244.1,233,241.39157,229.4,1.8309,1.94272,2.11459
2/29/2024,18.15831,10.49017,3.46788,-7.36496,-9.07822,-38.39778,-44.28364,5.33081,4.82617,4.54385,4.29429,4.20436,4.16036,4.12185,3.93172,5.38635,5.3872,5.3837,5.32413,5.06159,4.64459,4.43895,4.25961,4.27801,4.25114,4.50583,4.37456,2.52002,2.43394,2.41276,2.46185,2.49122,2.51904,2.4983,2.4797,245.2,233.4,240.62728,228.6,1.80761,1.91714,2.08856
3/1/2024,20.09446,12.35128,4.87138,-6.41401,-9.02179,-38.86846,-44.88054,5.25825,4.73327,4.44721,4.20673,4.12593,4.09053,4.06237,3.87732,5.38653,5.35846,5.3748,5.29239,4.99802,4.53233,4.3237,4.15802,4.19007,4.18075,4.45105,4.32613,2.54413,2.4374,2.4057,2.4505,2.47859,2.50857,2.49133,2.47749,243.8,232.1,240.14176,228.5,1.72002,1.85975,2.04113
3/4/2024,19.10323,11.36368,4.32027,-6.392,-9.33393,-39.25504,-45.41059,5.31153,4.79798,4.50477,4.25362,4.16643,4.12461,4.08759,3.90044,5.37041,5.39695,5.37954,5.28627,5.0532,4.60695,4.39113,4.21042,4.23035,4.21795,4.48014,4.35455,2.55752,2.45245,2.42963,2.47871,2.50832,2.54023,2.52183,2.5067,246,234.4,242.25915,230.8,1.75042,1.87395,2.04655
3/5/2024,18.99437,10.94919,4.25621,-6.14919,-9.22401,-39.0102,-45.50597,5.27505,4.7406,4.44063,4.17948,4.08829,4.04374,4.00549,3.81805,5.36962,5.39099,5.37353,5.29086,5.00782,4.55066,4.33114,4.13692,4.14978,4.13598,4.39559,4.27311,2.54003,2.43633,2.41691,2.46521,2.49546,2.52824,2.50791,2.49369,244.4,232.7,239.94763,229.5,1.69292,1.80898,1.97811
3/6/2024,18.53187,10.6598,4.68505,-5.25123,-8.78486,-37.44262,-45.00256,5.27819,4.74519,4.43788,4.16448,4.0655,4.01513,3.97554,3.78826,5.36884,5.39536,5.3884,5.31687,5.0183,4.55987,4.33128,4.11763,4.11801,4.10298,4.34997,4.23829,2.58754,2.44493,2.41109,2.44169,2.46763,2.49851,2.47596,2.46217,242.3,230.1,236.16809,226.6,1.69463,1.80198,1.97229
3/7/2024,18.4384,10.90723,5.02822,-5.10782,-8.77205,-37.38007,-45.12247,5.23858,4.6972,4.39178,4.13295,4.04361,4.00268,3.97615,3.79447,5.35274,5.35875,5.38761,5.31074,4.99808,4.51282,4.28271,4.08267,4.09469,4.0904,4.34995,4.24569,2.56502,2.41982,2.38586,2.42301,2.44662,2.47721,2.45407,2.43844,240.3,228.1,234.22621,224.6,1.67967,1.8094,1.99969
3/8/2024,18.36079,10.49005,5.33445,-4.47247,-8.53052,-37.25471,-45.06937,5.22632,4.6686,4.36497,4.11476,4.03426,4.00221,3.98725,3.8103,5.36059,5.38224,5.36438,5.30308,4.98767,4.48499,4.26007,4.06142,4.07898,4.08752,4.3598,4.26099,2.52496,2.4088,2.37915,2.4175,2.44228,2.47659,2.45626,2.44194,239,228.2,234.88153,225.2,1.67142,1.80552,2.00899
3/11/2024,16.92317,12.41281,5.01676,-5.01256,-8.56618,-37.32924,-45.33703,5.24853,4.70108,4.39513,4.13765,4.05204,4.01739,3.99935,3.82158,5.34451,5.38662,5.37954,5.32371,5.02043,4.53185,4.271,4.08748,4.10217,4.10305,4.37264,4.27495,2.52,2.39988,2.3678,2.40877,2.43467,2.47048,2.45305,2.44173,238,227.4,234.31826,224.9,1.70748,1.82905,2.02595
3/12/2024,16.58378,12.26566,4.66346,-5.36096,-8.68416,-37.41282,-45.33664,5.28936,4.76364,4.46384,4.20051,4.1088,4.06683,4.03958,3.85813,5.33354,5.39616,5.39442,5.33294,5.06715,4.5978,4.34118,4.15388,4.16241,4.15367,4.41371,4.3115,2.53995,2.4299,2.39368,2.42771,2.45395,2.49006,2.46852,2.45324,240.4,229.5,235.72124,226.2,1.74988,1.85867,2.0495
3/13/2024,16.9988,12.24668,4.14527,-5.79803,-9.07557,-37.70985,-45.84698,5.30491,4.78978,4.49036,4.22686,4.13823,4.10008,4.07205,3.89037,5.32767,5.3902,5.40406,5.33294,5.08039,4.61979,4.36789,4.18541,4.19621,4.19084,4.44915,4.34884,2.60998,2.45987,2.41562,2.43914,2.46073,2.49319,2.47071,2.45444,241.8,229.7,235.93125,226.2,1.76741,1.89384,2.08684
3/14/2024,17.506,12.68576,4.13966,-6.03652,-9.4685,-38.73837,-46.67153,5.33252,4.86439,4.58911,4.33429,4.24575,4.20254,4.16343,3.97624,5.33199,5.37944,5.40327,5.34287,5.11595,4.68933,4.46225,4.29288,4.3061,4.2972,4.55079,4.44294,2.59999,2.46007,2.42055,2.44652,2.46793,2.49947,2.47628,2.46174,242.9,230.7,236.6847,227.3,1.86388,1.9902,2.16994
3/15/2024,17.37775,12.59324,4.1117,-5.96019,-9.47899,-39.11336,-46.35979,5.34604,4.8957,4.62515,4.36397,4.26417,4.20847,4.15602,3.96336,5.33984,5.38224,5.39566,5.34053,5.12775,4.72226,4.49945,4.32299,4.32386,4.30331,4.54716,4.42696,2.615,2.47241,2.43418,2.46378,2.48415,2.51449,2.48693,2.46795,244,231.4,237.22036,227.3,1.88299,1.98931,2.15396
3/18/2024,18.21667,12.29026,4.00495,-6.32353,-9.35019,-38.10694,-45.99029,5.35904,4.91618,4.64946,4.39501,4.29822,4.24561,4.19632,4.00497,5.33906,5.40212,5.37954,5.35437,5.14376,4.73401,4.52656,4.35496,4.36146,4.33911,4.57739,4.46487,2.63505,2.47982,2.43812,2.46514,2.48514,2.515,2.49047,2.47446,244.4,231.5,236.80226,227.7,1.91096,2.02411,2.18787
3/19/2024,18.17442,12.652,4.30572,-6.09583,-9.06869,-37.13154,-45.60328,5.33901,4.87224,4.60079,4.3448,4.25239,4.20481,4.16981,3.98402,5.31794,5.40132,5.37875,5.35437,5.12051,4.6905,4.47427,4.30174,4.31335,4.2955,4.54113,4.44005,2.64249,2.48216,2.43268,2.45482,2.47428,2.50497,2.48133,2.46524,243.6,230.5,235.20816,226.9,1.86574,1.9905,2.17105
3/20/2024,18.84596,13.73924,5.88689,-4.29922,-7.65693,-36.55507,-44.90826,5.26657,4.79077,4.52824,4.3004,4.22434,4.19327,4.18161,4.00507,NA,5.39536,5.39362,5.32222,5.04776,4.60231,4.39085,4.24153,4.26733,4.26984,4.54716,4.45415,2.62998,2.48035,2.44129,2.47092,2.48984,2.52108,2.49455,2.47676,245.1,232.1,236.00052,228.6,1.79053,1.94884,2.16815
3/21/2024,17.74978,13.28888,5.33758,-4.88854,-7.93328,-36.63466,-45.10069,5.27471,4.80738,4.54225,4.30556,4.22572,4.19062,4.16941,3.99007,NA,5.3691,5.38761,5.32681,5.05544,4.62987,4.40934,4.25212,4.27455,4.26989,4.5357,4.44103,2.62504,2.5049,2.47228,2.51184,2.53123,2.56318,2.53194,2.50952,248.7,235.8,239.46769,231.2,1.76512,1.91189,2.12903
3/22/2024,17.49943,13.21831,5.3629,-4.70112,-7.66213,-35.62466,-44.46296,5.25402,4.77374,4.49585,4.25263,4.17309,4.1402,4.12437,3.94722,5.37555,5.37707,5.38002,5.31378,5.02821,4.59875,4.36422,4.19896,4.22005,4.21677,4.48056,4.39181,2.58587,2.47004,2.44993,2.50044,2.52211,2.55406,2.52229,2.4992,246.89786,234.4,237.47539,229.8,1.7299814,1.87277,2.09381
3/25/2024,21.82515,13.45151,5.77682,-4.0945,-7.21355,-35.02851,-43.91896,5.27704,4.80325,4.52948,4.29035,4.21257,4.18021,4.16339,3.98553,5.38501,5.40212,5.34821,5.32758,5.05265,4.58496,4.39551,4.23255,4.25349,4.25231,4.51405,4.42505,2.58746,2.47054,2.45481,2.50225,2.52222,2.55145,2.51476,2.49068,246.6,233.9,235.70342,228.60325,1.76655,1.91331,2.1390175
3/26/2024,20.73827,13.29348,5.58664,-3.84686,-7.42526,-35.87615,-44.00589,5.28499,4.80353,4.52513,4.27902,4.19597,4.15839,4.13694,3.95765,5.37397,5.39616,5.36309,5.32758,5.06032,4.5961,4.39275,4.22312,4.23443,4.23262,4.49608,4.39805,2.53753,2.42754,2.41388,2.4737,2.49608,2.52863,2.49279,2.47044,243.3,231.5,234.55228,226.6,1.79012,1.91762,2.13205
3/27/2024,20.22041,12.64613,5.47215,-3.86474,-7.6093,-35.77103,-43.88337,5.25623,4.76914,4.48629,4.24073,4.15645,4.11863,4.09737,3.91918,5.36294,5.38503,5.37796,5.32758,5.05404,4.56921,4.36155,4.18705,4.19585,4.19525,4.45553,4.35835,2.52502,2.42624,2.4184,2.47481,2.49852,2.53267,2.49768,2.47906,242.8,231.4,234.41837,227.3,1.75905,1.88125,2.08535
3/28/2024,19.16388,11.9115,5.18542,-4.34051,-8.12121,-36.62413,-44.19573,5.28794,4.80304,4.51788,4.2553,4.15943,4.11069,4.07705,3.8942,5.36017,5.38224,5.36959,5.33518,5.07355,4.61791,4.40174,4.20458,4.20365,4.19245,4.44362,4.3365,2.52676,2.43263,2.4319,2.49188,2.51456,2.54737,2.50645,2.48447,244.3,232.6,235.51201,227.9,1.76158,1.86645,2.0575
4/1/2024,18.936,11.43185,4.69593,-4.69199,-8.33797,-36.94097,-44.40615,5.35076,4.90405,4.63645,4.38357,4.29173,4.24471,4.20677,4.02235,5.39014,5.39695,5.37401,5.35045,5.12865,4.71565,4.52214,4.33661,4.33865,4.3281,4.57618,4.46641,2.51497,2.42997,2.43625,2.50223,2.52853,2.56472,2.52586,2.50572,245.6,234.6,237.97779,230.2,1.88061,1.9821,2.16441
4/2/2024,18.75716,11.70756,4.3712,-5.28609,-9.00315,-38.52483,-46.1484,5.32587,4.88687,4.63079,4.39631,4.31352,4.27307,4.23418,4.04716,5.37909,5.37549,5.36387,5.30157,5.11398,4.70024,4.51372,4.3526,4.36639,4.36311,4.61943,4.50864,2.56498,2.46738,2.45992,2.53547,2.55306,2.58075,2.54249,2.51979,248.8,236.7,239.52827,232.1,1.8646,1.99611,2.18764
4/3/2024,19.32778,11.55271,3.97755,-5.64022,-9.26404,-38.2063,-46.03139,5.31485,4.86983,4.6122,4.37654,4.2975,4.26154,4.23187,4.04834,5.37318,5.36437,5.37353,5.32222,5.09374,4.6775,4.49668,4.33677,4.35391,4.35418,4.61393,4.50865,2.59002,2.47499,2.45772,2.51526,2.53546,2.56574,2.52981,2.50875,247.4,235.7,238.22806,231.5,1.86277,1.99718,2.19365
4/4/2024,19.04422,11.64791,4.71705,-4.43914,-8.57198,-37.39083,-45.24443,5.27146,4.83056,4.57024,4.33632,4.25756,4.22166,4.19926,4.0179,5.36253,5.33289,5.3623,5.30539,5.07073,4.64012,4.45376,4.28915,4.30195,4.30739,4.57316,4.47034,2.60502,2.49258,2.47237,2.51378,2.52995,2.55627,2.51878,2.49622,247,234.5,237.38194,230,1.81915,1.96239,2.17034
4/5/2024,18.42978,11.77459,4.3439,-5.1842,-9.18246,-38.29203,-46.30192,5.32965,4.91486,4.65552,4.41066,4.32544,4.28366,4.25246,4.06844,5.36017,5.36156,5.37559,5.32983,5.1104,4.73056,4.53777,4.36722,4.37728,4.3755,4.63537,4.53145,2.65002,2.53757,2.51681,2.55299,2.56444,2.58574,2.54583,2.5212,250.3,237.2,239.24231,232.3,1.86422,2.0035,2.20845
4/8/2024,18.17552,11.6146,4.23583,-5.20814,-9.20896,-37.64353,-46.18725,5.35715,4.96929,4.72065,4.47547,4.38229,4.33068,4.28168,4.09049,5.37988,5.39178,5.35865,5.33829,5.13755,4.78753,4.6045,4.43311,4.43437,4.4228,4.65811,4.55236,2.65998,2.54847,2.53545,2.56771,2.58074,2.60401,2.56086,2.53247,251.65,238.9,240.8259,233.4,1.91661,2.0338,2.21836
4/9/2024,18.1342,12.97587,4.35151,-5.39309,-9.25654,-37.24207,-46.27117,5.32765,4.92709,4.67571,4.41981,4.32339,4.27208,4.2263,4.03614,5.37397,5.39099,5.36831,5.32222,5.09783,4.74575,4.54595,4.37629,4.37741,4.36464,4.59871,4.49884,2.63,2.53249,2.51979,2.55098,2.56602,2.59101,2.55048,2.52493,249.6,237.1,238.83669,232,1.88029,1.99364,2.17884
4/10/2024,19.32693,12.31067,4.08043,-5.57338,-8.8754,-38.22864,-46.63737,5.49639,5.16103,4.92422,4.65328,4.5398,4.46906,4.37834,4.16708,5.38343,5.40052,5.40406,5.38652,5.26158,4.96776,4.80111,4.61248,4.59565,4.55781,4.76062,4.63345,2.77272,2.63718,2.59853,2.60197,2.61121,2.6305,2.58313,2.55072,255.12048,241.3,244.01676,234.7,2.0612752,2.14481,2.28645
4/11/2024,19.11691,12.19013,3.89533,-6.02514,-9.02955,-37.83773,-46.47352,5.4801,5.151,4.91732,4.66065,4.55236,4.485,4.4048,4.19679,5.37279,5.3691,5.39805,5.37501,5.23292,4.95983,4.79542,4.6217,4.61262,4.57529,4.78323,4.66152,2.74256,2.61482,2.57362,2.57656,2.59418,2.62049,2.57543,2.54521,252.9,240.3,243.27187,234.4,2.0927,2.17229,2.31752
4/12/2024,19.89629,12.66197,3.8562,-5.80089,-9.68142,-38.58134,-46.6752,5.43332,5.07962,4.83552,4.57183,4.46435,4.40039,4.33796,4.13585,5.38068,5.38224,5.39045,5.35659,5.19724,4.88066,4.7089,4.53328,4.52236,4.4972,4.72382,4.6026,2.78005,2.63751,2.59171,2.58413,2.59609,2.61378,2.56753,2.53597,253.05,239.5,242.67241,233.6,2.00278,2.1022,2.2666
4/15/2024,19.75891,12.59455,2.86899,-6.70384,-10.43572,-39.38986,-47.94687,5.46425,5.13403,4.9102,4.67294,4.57856,4.52271,4.46281,4.25958,5.39014,5.41245,5.34821,5.3758,5.22992,4.93644,4.78425,4.64426,4.6456,4.62707,4.85676,4.73905,2.80504,2.66216,2.61726,2.6224,2.62992,2.64755,2.59933,2.56678,257,243,245.17089,236.8,2.07426,2.19707,2.37105
4/16/2024,19.16928,12.55993,2.75553,-6.56481,-10.30996,-39.35298,-48.13336,5.46655,5.15421,4.94132,4.70822,4.61191,4.55294,4.48363,4.27498,5.38934,5.41165,5.37353,5.38116,5.24106,4.96256,4.81575,4.68068,4.67757,4.65604,4.87721,4.75631,2.81998,2.67276,2.62444,2.61451,2.61963,2.63342,2.58668,2.55973,256.7,242.1,245.19061,236.6,2.11368,2.23504,2.39031
4/17/2024,18.84497,12.73437,3.04573,-5.85016,-10.01859,-39.47412,-47.98199,5.45735,5.1184,4.88917,4.64624,4.54487,4.48405,4.4227,4.2188,5.38343,5.39536,5.39884,5.3758,5.22703,4.93001,4.76187,4.61581,4.60338,4.58424,4.81744,4.69862,2.75752,2.61527,2.5773,2.57666,2.58658,2.6048,2.56037,2.53596,252.8,239.1,242.73137,234.1,2.08781,2.19324,2.35762
4/18/2024,18.72712,12.8242,2.72496,-6.25927,-10.07167,-39.53033,-48.00803,5.4882,5.17662,4.95584,4.71206,4.6099,4.54428,4.4743,4.26424,5.37792,5.37427,5.40849,5.38572,5.24872,4.98935,4.8276,4.68481,4.67248,4.64499,4.8696,4.74432,2.73255,2.61729,2.58688,2.60101,2.60674,2.62045,2.57449,2.54849,255.1071,240.49695,244.62534,235.44781,2.133739,2.2400205,2.3898419
4/19/2024,18.47248,12.41759,3.01809,-5.82785,-9.66584,-39.88392,-47.98588,5.47045,5.15222,4.92959,4.68491,4.58286,4.51684,4.44153,4.22969,5.3858,5.39775,5.40609,5.38335,5.23244,4.9675,4.80541,4.65473,4.64114,4.6135,4.84037,4.70955,2.71999,2.60754,2.57687,2.58982,2.59992,2.61751,2.57018,2.54224,243.1,240.5,245.53187,235.6,2.22373,2.2085,2.35355
4/22/2024,17.96892,12.21474,2.93478,-5.64506,-9.42991,-39.61287,-47.87273,5.46944,5.14991,4.92778,4.68977,4.59095,4.52757,4.45572,4.24484,5.39014,5.40729,5.37432,5.38652,5.22889,4.97022,4.80563,4.66042,4.6474,4.62187,4.85185,4.72357,2.71001,2.61,2.58303,2.59843,2.60649,2.6218,2.57302,2.54421,243.6,240.8,245.57777,235.8,2.22442,2.21387,2.36557
4/23/2024,18.11458,12.5125,3.14977,-5.44042,-9.29068,-39.38823,-48.06017,5.44078,5.10458,4.88518,4.65227,4.56,4.50442,4.44654,4.24195,5.38934,5.40132,5.3892,5.38116,5.20573,4.9025,4.76006,4.62077,4.6144,4.59733,4.84042,4.72255,2.70502,2.60004,2.57631,2.5965,2.60313,2.6163,2.56763,2.53877,242.9,240,244.83699,235.25,2.19177,2.19733,2.37005
4/24/2024,19.88194,12.77682,4.28735,-5.40534,-9.20335,-39.29175,-48.02853,5.45479,5.134,4.92236,4.70123,4.61334,4.56104,4.50632,4.30244,5.38343,5.40052,5.41451,5.38652,5.23019,4.93518,4.79459,4.66636,4.66739,4.65307,4.89924,4.78272,2.69376,2.59465,2.57203,2.5993,2.60698,2.62102,2.57393,2.54876,243.3,240.6,246.85139,236.5,2.23336,2.24707,2.41772
4/25/2024,20.40043,13.73413,4.52947,-5.20651,-9.17166,-39.18632,-47.88097,5.50209,5.20048,4.98954,4.76156,4.67025,4.61327,4.54865,4.34043,5.37279,5.37944,5.40327,5.4018,5.26866,4.99648,4.8522,4.71627,4.72232,4.70499,4.94051,4.81924,2.69504,2.60513,2.58504,2.61152,2.6212,2.63752,2.59748,2.57603,244.39115,242.5,250.47689,239.6,2.2723585,2.27999,2.42324
4/26/2024,19.81949,13.77621,4.82227,-4.83025,-8.94466,-38.45269,-47.41858,5.50313,5.19675,4.97634,4.73964,4.64082,4.57765,4.51355,4.30651,5.38068,5.38224,5.40609,5.39405,5.26638,4.99856,4.83858,4.69142,4.68912,4.6671,4.89808,4.7807,2.70752,2.61277,2.59253,2.61329,2.6253,2.64344,2.60189,2.57901,244.7,242.6,250.08748,239.9,2.24442,2.2411,2.3817
4/29/2024,20.39728,13.8037,4.8813,-4.30021,-8.79128,-38.2075,-47.11571,5.49643,5.17545,4.94032,4.68706,4.58463,4.52255,4.46676,4.26506,5.38501,5.40212,5.39521,5.36129,5.26282,4.97153,4.80283,4.63826,4.62764,4.61048,4.84886,4.7362,2.68998,2.59968,2.57594,2.59632,2.60944,2.62766,2.5881,2.56695,243,240.9,249.71605,238.7,2.20826,2.20148,2.3492
4/30/2024,19.92913,13.56795,4.87099,-4.65722,-8.84177,-38.20034,-47.27671,5.54256,5.24296,5.01749,4.7694,4.66177,4.59453,4.52382,4.31584,5.37397,5.40132,5.39964,5.38731,5.30964,5.04447,4.88236,4.72072,4.70835,4.68294,4.90586,4.78865,2.67255,2.58804,2.56864,2.587,2.6032,2.62431,2.58177,2.5579,242.2,240.3,248.62013,237.8,2.29872,2.27994,2.41065
5/1/2024,21.75152,14.58184,5.27785,-3.95008,-8.40039,-37.35542,-46.92227,5.49516,5.1539,4.91826,4.66443,4.56359,4.50617,4.44552,4.24151,5.36806,5.40569,5.40929,5.39188,5.2613,4.93725,4.77301,4.61167,4.60319,4.59017,4.81905,4.71078,2.62001,2.54762,2.53213,2.55828,2.57714,2.601,2.56019,2.53625,239.75367,237.80558,244.97708,235.4,2.2141333,2.2121142,2.35678
5/2/2024,21.04588,13.86725,5.23639,-3.76905,-8.88655,-38.22287,-47.85997,5.44611,5.08462,4.853,4.61633,4.52734,4.4805,4.43394,4.23866,5.35703,5.37908,5.39805,5.38037,5.227,4.87579,4.71561,4.5648,4.56563,4.56976,4.81654,4.71754,2.60103,2.53593,2.52006,2.54681,2.56636,2.59414,2.55383,2.53197,237.8,236.60262,243.55011,234.8,2.1868,2.2037338,2.36954
5/3/2024,20.04461,13.10044,4.80784,-4.09859,-9.24513,-38.27987,-47.72308,5.39949,5.00164,4.76072,4.52776,4.44496,4.40548,4.3723,4.18277,5.37042,5.39775,5.39566,5.37264,5.19126,4.80352,4.63252,4.48084,4.48674,4.4985,4.75545,4.66037,2.55361,2.49096,2.4848,2.52632,2.55364,2.58722,2.55631,2.54425,235,235.4,243.70815,235.4,2.13084,2.1445,2.30637
5/6/2024,19.52051,12.93784,4.42622,-4.48587,-9.67869,-38.31916,-48.0537,5.41259,5.01632,4.77062,4.52676,4.43657,4.3906,4.35287,4.16094,5.37988,5.40212,5.39521,5.38116,5.19331,4.82111,4.64124,4.4825,4.48143,4.48739,4.73606,4.64148,2.57002,2.4974,2.48612,2.52228,2.54891,2.58296,2.55366,2.54302,234.6,234.8,243.80761,235.3,2.1365,2.13939,2.28848
5/7/2024,19.23676,13.96856,4.38436,-4.42858,-9.62688,-38.35859,-47.98836,5.41936,5.01856,4.77019,4.51392,4.41614,4.36375,4.31882,4.12507,5.37909,5.39099,5.40486,5.3758,5.20094,4.82619,4.6305,4.47008,4.46043,4.46002,4.70241,4.60495,2.53246,2.45744,2.44767,2.49074,2.51821,2.55325,2.52728,2.51618,231.47606,231.8,241.19676,232.55055,2.1553194,2.14202,2.2794445
5/8/2024,19.57401,13.94948,4.48907,-4.27648,-8.70659,-38.13963,-47.56365,5.42308,5.03751,4.79602,4.54483,4.44771,4.39485,4.3497,4.15569,5.3783,5.40052,5.40406,5.3758,5.20856,4.84177,4.65653,4.49994,4.49047,4.48192,4.7311,4.63133,2.52748,2.47257,2.46479,2.50175,2.52779,2.56122,2.53534,2.52446,232.3,232.5,241.82659,233.2,2.17694,2.15692,2.29933
5/9/2024,19.42604,14.53039,4.77796,-3.7275,-8.55734,-37.81316,-46.99913,5.39641,5.00024,4.75662,4.50708,4.41254,4.36266,4.3212,4.12901,5.37279,5.38462,5.40327,5.37501,5.19946,4.80598,4.61132,4.4593,4.44981,4.44823,4.69933,4.599,2.55628,2.49745,2.48699,2.51807,2.5398,2.57049,2.54541,2.53519,234.3,233.8,242.83615,234.4,2.1163,2.11023,2.255
5/10/2024,19.2794,14.78398,4.84935,-3.8652,-8.47208,-37.66091,-47.07115,5.42972,5.05937,4.81852,4.56576,4.46929,4.41754,4.36958,4.17467,5.3653,5.38224,5.40088,5.39405,5.23624,4.86658,4.67068,4.51727,4.50794,4.50226,4.74619,4.64538,2.5251,2.48503,2.48006,2.52546,2.54984,2.58399,2.55959,2.54999,234.3,234.9,244.694,236,2.17427,2.15326,2.28538
5/13/2024,19.42454,14.46845,4.86556,-3.75453,-8.33107,-37.48148,-46.81132,5.42864,5.0502,4.80121,4.54639,4.44866,4.39632,4.34826,4.1535,5.37988,5.40212,5.38477,5.39724,5.23828,4.85595,4.65653,4.49773,4.48621,4.47963,4.72307,4.62161,2.51749,2.47486,2.47,2.51951,2.54409,2.57822,2.55172,2.53945,233.45,234.2,243.82345,234.95,2.16323,2.13763,2.27211
5/14/2024,19.57429,14.70508,4.79832,-3.56938,-8.2949,-37.45795,-46.60544,5.4143,5.01357,4.7612,4.50497,4.41046,4.36136,4.31924,4.12663,5.36885,5.40132,5.40486,5.39188,5.2158,4.81783,4.61415,4.45699,4.44615,4.44431,4.69382,4.59268,2.47249,2.44045,2.44777,2.49968,2.52782,2.56603,2.54275,2.53202,231.6,233.1,242.87234,234.2,2.14099,2.11331,2.25068
5/15/2024,18.98273,14.08088,5.26907,-2.93851,-7.6046,-36.15895,-45.25666,5.36459,4.92514,4.65907,4.4074,4.31813,4.27755,4.24836,4.06249,5.36294,5.36954,5.39884,5.37044,5.15973,4.73531,4.51826,4.35471,4.34752,4.3536,4.60995,4.51506,2.41502,2.41484,2.42708,2.49232,2.51903,2.55581,2.53399,2.52448,230.1,231.7,241.24868,233.2,2.05371,2.0366,2.18306
5/16/2024,18.66823,13.95007,4.96652,-3.06441,-7.50941,-35.79549,-44.39173,5.39561,4.97671,4.70852,4.44822,4.35064,4.30085,4.26243,4.07348,5.36253,5.40531,5.40327,5.38037,5.18982,4.79003,4.56902,4.39855,4.38128,4.37594,4.62038,4.5174,2.42504,2.43779,2.45161,2.50481,2.52667,2.55557,2.52947,2.51569,231.1,231.8,241.84232,232.7,2.08755,2.05794,2.1904
5/17/2024,18.77539,14.55223,4.93263,-3.62634,-7.78614,-36.02653,-44.84848,5.41105,5.01123,4.7514,4.48987,4.39181,4.34098,4.30141,4.11112,5.38068,5.40292,5.40088,5.38335,5.19321,4.82348,4.60588,4.44054,4.42807,4.41884,4.66168,4.5596,2.47245,2.46757,2.48059,2.52883,2.54864,2.57619,2.54795,2.5322,233,233.5,243.30779,234.1,2.11054,2.08384,2.2186
5/20/2024,18.78504,14.15358,4.47377,-3.78143,-8.23627,-36.24232,-45.04397,5.42373,5.02396,4.76023,4.50109,4.40459,4.3541,4.31227,4.12205,5.36963,5.39695,5.39521,5.38652,5.20648,4.83611,4.61869,4.45635,4.4424,4.43646,4.67469,4.57249,2.48504,2.47346,2.48345,2.53276,2.55171,2.57822,2.55157,2.53718,233.4,233.7,243.87654,234.6,2.12235,2.09946,2.22649
5/21/2024,17.58134,13.56911,4.42616,-3.80273,-8.16129,-35.99409,-44.66388,5.41345,5.00747,4.74374,4.47923,4.38133,4.33134,4.29435,4.10674,5.36885,5.39099,5.39442,5.38116,5.20293,4.83173,4.6081,4.435,4.41938,4.41296,4.65429,4.55338,2.48505,2.48248,2.48981,2.53299,2.55162,2.57799,2.54878,2.53195,233.55,233.8,242.79038,234.2,2.0995,2.07496,2.21138
5/22/2024,17.87903,13.39258,4.25213,-3.91363,-7.93673,-34.17629,-44.29528,5.44132,5.05517,4.78896,4.51458,4.40966,4.35218,4.30023,4.1066,5.36806,5.39536,5.40929,5.39724,5.23299,4.87645,4.65508,4.47209,4.44881,4.43156,4.64207,4.54956,2.46,2.46751,2.47815,2.52628,2.54495,2.57101,2.54211,2.52541,233,233.6,243.37349,233.8,2.14209,2.09556,2.21156
5/23/2024,17.70456,13.34673,3.84174,-4.04199,-8.12952,-34.50237,-44.47291,5.4718,5.1091,4.84567,4.56373,4.45568,4.3925,4.33197,4.13443,5.36766,5.38462,5.40849,5.4018,5.26305,4.93205,4.7122,4.52531,4.4961,4.47379,4.67703,4.57916,2.46607,2.47751,2.47944,2.5058,2.52294,2.5473,2.52162,2.50316,231.2,231.5,241.13296,231.7,2.21331,2.15879,2.26216
5/24/2024,16.85267,13.20302,3.86958,-3.83609,-8.23519,-34.38174,-44.65043,5.48187,5.12002,4.8548,4.56907,4.45618,4.38949,4.32708,4.12975,5.37988,5.40729,5.4105,5.40396,5.27401,4.95149,4.72277,4.53037,4.49454,4.47184,4.67092,4.57625,2.48246,2.49249,2.50034,2.52835,2.54297,2.5648,2.53382,2.51527,232.6,232.6,241.71546,232.4,2.20437,2.14584,2.25225
5/28/2024,18.9291,13.16785,5.03402,-4.36984,-8.34814,-34.45923,-44.57525,5.49704,5.14429,4.88903,4.62228,4.51626,4.45754,4.4041,4.20976,5.37397,5.40132,5.39964,5.37202,5.28444,4.955,4.75735,4.57194,4.55996,4.54102,4.74869,4.65551,2.52,2.51736,2.52369,2.55027,2.56275,2.58125,2.54822,2.52868,234.9,234,243.14796,233.5,2.22294,2.20102,2.32051
5/29/2024,17.54123,12.17472,4.26725,-5.16215,-8.43482,-34.69646,-45.41876,5.49636,5.15942,4.92384,4.68329,4.58751,4.53834,4.48557,4.28856,5.37318,5.40052,5.40929,5.39267,5.28928,4.98401,4.80209,4.64062,4.63913,4.62268,4.83252,4.74274,2.51997,2.52959,2.53751,2.5734,2.59025,2.612,2.57991,2.56154,237.1,236.7,246.67956,236.9,2.26962,2.25568,2.37374
5/30/2024,18.31125,12.09476,4.33316,-4.66174,-8.37896,-34.69485,-45.97946,5.46285,5.11102,4.86356,4.61307,4.51848,4.46919,4.41965,4.22508,5.37792,5.39496,5.40849,5.38652,5.26054,4.92791,4.74261,4.56974,4.5651,4.55298,4.7666,4.68487,2.49498,2.51997,2.53267,2.57548,2.59394,2.61753,2.58332,2.56274,237.3,237,245.88922,236.9,2.19674,2.18298,2.31587
5/31/2024,18.25826,11.7971,4.24484,-4.96606,-8.59951,-35.04615,-46.46129,5.44583,5.07398,4.81932,4.56973,4.47395,4.4254,4.37976,4.18648,5.36017,5.39258,5.40609,5.37878,5.24989,4.8914,4.70135,4.52728,4.52361,4.5114,4.73022,4.65109,2.50493,2.51496,2.52584,2.56626,2.58161,2.60194,2.56744,2.5464,235.5,235.2,245.56262,235.4,2.17228,2.1594,2.29709
6/3/2024,18.19497,11.4769,4.57107,-4.15736,-8.28275,-34.34171,-45.66866,5.40529,4.99934,4.72926,4.4619,4.36442,4.31732,4.28017,4.09275,5.37988,5.40729,5.39521,5.38116,5.21284,4.81739,4.61449,4.41619,4.40599,4.40015,4.62359,4.54944,2.42753,2.46253,2.48417,2.53898,2.56,2.5871,2.55487,2.53252,232.4,233.2,243.4016,233.5,2.09219,2.06815,2.21444
6/4/2024,17.44238,11.04134,4.34487,-4.16976,-8.75626,-35.15665,-45.64802,5.37275,4.94375,4.66609,4.3946,4.29474,4.24715,4.21194,4.02634,5.37909,5.40132,5.39964,5.36508,5.18699,4.76933,4.55568,4.35115,4.33644,4.33471,4.56351,4.48282,2.38,2.43228,2.45455,2.51355,2.54055,2.57153,2.54425,2.52202,229.6,231.4,242.88731,232.2,2.05515,2.02071,2.16082
6/5/2024,17.24615,11.31741,4.40782,-4.51528,-9.08548,-35.74757,-46.49383,5.3389,4.90094,4.62439,4.34959,4.24719,4.1972,4.16017,3.97496,5.3783,5.40052,5.40406,5.35972,5.15839,4.72848,4.51122,4.30551,4.29234,4.28805,4.51765,4.4399,2.39253,2.43759,2.45783,2.50696,2.53107,2.55994,2.53152,2.50921,229.2,230.56496,241.62575,231.3,2.01351,1.9824004,2.1269
6/6/2024,16.36366,10.52988,4.34626,-4.51765,-9.21114,-36.24682,-46.61374,5.32201,4.88247,4.60358,4.33484,4.23541,4.18815,4.14805,3.96262,5.36766,5.38979,5.39805,5.35358,5.15487,4.71883,4.49828,4.29138,4.28059,4.28026,4.51052,4.42876,2.39502,2.43248,2.4475,2.48904,2.51242,2.53971,2.51266,2.4917,227.4,228.6,240.01655,229.76941,2.01738,1.99426,2.1310659
6/7/2024,15.72614,10.06199,3.72011,-5.66382,-9.58786,-36.50256,-46.68467,5.42305,5.0262,4.75663,4.48827,4.38467,4.33074,4.27424,4.08015,5.36017,5.38741,5.40088,5.3887,5.24461,4.86894,4.65601,4.45107,4.44131,4.42662,4.63927,4.547,2.37746,2.42996,2.45088,2.50331,2.52924,2.559,2.53185,2.51092,228.7,230.4,242.49023,231.6,2.16407,2.12262,2.231
6/10/2024,14.97966,12.43272,3.74368,-5.13073,-9.70917,-36.79482,-47.19138,5.42352,5.03338,4.77533,4.5203,4.42198,4.37092,4.31692,4.12246,5.36963,5.39695,5.37954,5.39188,5.24385,4.88358,4.65106,4.48286,4.47329,4.46801,4.68487,4.59437,2.39245,2.43755,2.45969,2.509,2.5343,2.56326,2.53755,2.51673,229.4,231.2,242.87239,232.3,2.18886,2.15601,2.27137
6/11/2024,15.14701,12.39715,3.93074,-5.10037,-9.66042,-36.8132,-47.03743,5.40248,4.98446,4.71853,4.45672,4.35554,4.3035,4.25782,4.06378,5.3586,5.38066,5.39442,5.38116,5.22141,4.83299,4.59471,4.41741,4.40654,4.4001,4.62595,4.53415,2.38751,2.42757,2.445,2.48243,2.50821,2.54172,2.5177,2.49721,226,228.5,241.14449,230.15,2.15741,2.1151,2.23265
6/12/2024,14.50943,12.29889,4.39573,-4.12484,-9.22118,-36.39015,-46.50114,5.35309,4.89271,4.61125,4.34422,4.24694,4.20145,4.17087,3.98408,5.36294,5.3747,5.40406,5.36508,5.17654,4.74762,4.48859,4.30026,4.28819,4.29366,4.53477,4.44909,2.22,2.31515,2.34982,2.41123,2.45249,2.4986,2.48409,2.47318,219,223.6,237.54066,227.2,2.11026,2.05766,2.17709
6/13/2024,13.08776,10.73724,3.27048,-5.15469,-10.28072,-38.24614,-47.48971,5.30256,4.8183,4.53175,4.26713,4.17516,4.13655,4.10962,3.92563,5.35739,5.37427,5.38239,5.35358,5.12539,4.68742,4.42482,4.2344,4.22669,4.23936,4.49206,4.40051,2.19267,2.29507,2.3322,2.39553,2.43817,2.48696,2.47568,2.47048,216.3,221.2,236.62317,225.8,2.0714,2.02736,2.14251
6/14/2024,11.83225,9.08848,1.38884,-6.90006,-12.45637,-41.47704,-48.78659,5.28844,4.80268,4.51208,4.23908,4.13726,4.08761,4.05127,3.86231,5.34479,5.3719,5.39566,5.35123,5.12323,4.68436,4.42298,4.22518,4.20625,4.21219,4.46606,4.35016,2.19503,2.28257,2.31522,2.36682,2.40403,2.45422,2.44549,2.44043,213.2,218.3,234.1709,223.3,2.09318,2.02919,2.11716
6/17/2024,11.29238,9.27912,1.96277,-5.99806,-11.49332,-39.94198,-48.0009,5.33679,4.8731,4.59003,4.3184,4.2146,4.16304,4.11978,3.92919,5.35426,5.39178,5.37954,5.3758,5.17288,4.76018,4.49724,4.29877,4.27458,4.27797,4.51924,4.4092,2.2424,2.32249,2.35863,2.41422,2.44563,2.48702,2.47873,2.47268,217.8,221.7,236.52163,225.9,2.12077,2.06097,2.1502
6/18/2024,11.73557,9.89702,2.23671,-5.93783,-11.52984,-40.37651,-48.57562,5.31015,4.81876,4.52832,4.25584,4.15221,4.10061,4.05752,3.86753,5.29635,5.3747,5.39884,5.36508,5.14903,4.7014,4.42935,4.23347,4.21159,4.21591,4.46129,4.35329,2.27246,2.35042,2.37975,2.42929,2.45612,2.4915,2.48202,2.47468,219.3,222.4,236.70311,226.1,2.04047,1.99191,2.09229
6/20/2024,11.18574,9.57581,2.03142,-6.29765,-11.57902,-40.17459,-48.10404,5.30925,4.83844,4.55588,4.2853,4.18532,4.13688,4.09909,3.91065,5.30096,5.37427,5.38761,5.36965,5.17068,4.72658,4.46012,4.26495,4.24827,4.25264,4.50081,4.39167,2.30752,2.38145,2.41314,2.46074,2.48371,2.51546,2.49975,2.4862,222.97586,225.3,238.16374,227.5,2.0351914,1.99964,2.11667
6/21/2024,10.67621,9.11229,1.78067,-6.66875,-11.33131,-39.38003,-47.85703,5.30566,4.83535,4.55324,4.28749,4.18949,4.14306,4.10637,3.91811,5.31916,5.36673,5.3748,5.36729,5.16848,4.72899,4.46238,4.26982,4.25626,4.25642,4.50017,4.39668,2.30251,2.37255,2.39819,2.43117,2.45783,2.49322,2.47598,2.45844,220,223.2,235.57801,225.1,2.06982,2.02442,2.14568
6/24/2024,9.92712,8.14373,0.67831,-7.5776,-12.31148,-40.30778,-48.84366,5.29805,4.83185,4.5469,4.27634,4.17443,4.12352,4.07933,3.88896,5.32351,5.35045,5.3691,5.30234,5.16496,4.733,4.46573,4.26969,4.25029,4.24668,4.48241,4.3774,2.29931,2.37973,2.39794,2.42347,2.45015,2.48518,2.46852,2.45162,219.6,222.9,235.30106,224.8,2.07369,2.01768,2.1294
6/25/2024,14.21012,8.86539,1.1355,-7.11024,-12.0491,-40.32332,-49.0881,5.29666,4.8311,4.54856,4.27388,4.16935,4.11649,4.0721,3.88103,5.33298,5.37549,5.36831,5.323,5.1726,4.68899,4.45989,4.2625,4.24043,4.23695,4.47531,4.37189,2.28496,2.36126,2.38466,2.40845,2.4372,2.47476,2.46056,2.4459,218.6,222.1,235.19157,225.1,2.0765,2.01595,2.12089
6/26/2024,14.38962,9.12695,1.36106,-7.31681,-11.92407,-40.7298,-49.12451,5.33078,4.89217,4.61974,4.3472,4.2464,4.19552,4.14818,3.95536,5.34245,5.3747,5.39362,5.35437,5.2026,4.74819,4.52846,4.33355,4.31956,4.31474,4.55546,4.44659,2.32249,2.3948,2.41984,2.45282,2.47901,2.51408,2.49396,2.47417,222.83324,225.5202,238.64366,228.00635,2.1052176,2.059538,2.1665265
6/27/2024,14.46481,8.97345,1.44082,-6.23823,-12.119,-41.13672,-49.3973,5.30417,4.85972,4.58541,4.31439,4.21578,4.16622,4.1232,3.93219,5.342,5.39496,5.38239,5.33752,5.17393,4.71503,4.49568,4.29996,4.27815,4.2874,4.53456,4.42616,2.34005,2.41727,2.43828,2.4696,2.49122,2.52424,2.505,2.4854,224.1,226.8,239.24035,228.8,2.05896,2.0194,2.13816
6/28/2024,13.54921,7.8654,0.90587,-7.20547,-13.08935,-42.58011,-50.98621,5.29776,4.85471,4.58952,4.33892,4.25172,4.21116,4.17887,3.99195,5.33966,5.36156,5.3748,5.32983,5.16336,4.71922,4.51087,4.32984,4.32376,4.34205,4.60467,4.50181,2.34342,2.41902,2.43943,2.47033,2.49176,2.52463,2.50516,2.48551,226.3,228.2,239.48662,229.2,2.06684,2.06005,2.20981
7/1/2024,13.84262,8.29939,1.21588,-7.11481,-13.28087,-43.78585,-51.16577,5.31355,4.90967,4.67146,4.45145,4.37692,4.34534,4.31772,4.13101,5.38501,5.39695,5.35838,5.32905,5.17936,4.77123,4.58846,4.43928,4.44806,4.47815,4.75558,4.64267,2.42004,2.51127,2.53557,2.5497,2.5584,2.57828,2.55273,2.52974,231.1,232.7,244.94133,233.6,2.12828,2.15115,2.30667
7/2/2024,13.90666,8.19666,0.98697,-7.51404,-13.8833,-44.14779,-51.77699,5.29711,4.87712,4.63251,4.40412,4.32746,4.29574,4.27464,4.09046,5.37909,5.37549,5.37353,5.32681,5.14797,4.73803,4.55053,4.39424,4.40259,4.43457,4.71611,4.60822,2.39878,2.48256,2.5056,2.51605,2.53026,2.55454,2.53516,2.51828,227.6,230.2,242.48889,232.2,2.11824,2.13257,2.28622
7/3/2024,13.69072,9.00135,1.63028,-6.63223,-13.42974,-43.20872,-51.14938,5.26947,4.82817,4.56677,4.32505,4.24435,4.21163,4.1913,4.00776,5.35739,5.37427,5.38761,5.3161,5.10476,4.69126,4.47676,4.30875,4.31067,4.34592,4.62338,4.51925,2.35998,2.44497,2.46644,2.47877,2.49927,2.52948,2.51043,2.49402,224,227.7,240.37313,230.4,2.06875,2.06892,2.21525
7/5/2024,12.93919,7.63716,1.35107,-6.32238,-13.67194,-44.39116,-51.59486,5.20578,4.7277,4.46266,4.23081,4.15793,4.13482,4.12942,3.95246,5.36017,5.3719,5.38523,5.30308,5.06092,4.59831,4.38629,4.2173,4.22115,4.27153,4.57333,4.4684,2.34752,2.44505,2.46646,2.47953,2.50234,2.53627,2.5166,2.49974,223.45,227.75,241.34294,230.85,1.9828,1.99403,2.1599
7/8/2024,12.62756,7.72706,1.19759,-6.45029,-13.30884,-43.48587,-50.60115,5.21825,4.74226,4.47402,4.23627,4.15988,4.13452,4.12827,3.95163,5.33376,5.39695,5.3691,5.3008,5.06577,4.61598,4.39675,4.22429,4.22438,4.2676,4.56312,4.45764,2.31501,2.43746,2.45961,2.47476,2.49624,2.52776,2.50935,2.49225,222.6,226.9,240.17806,229.6,1.99829,1.9986,2.16164
7/9/2024,12.07527,8.87517,0.80076,-7.01075,-13.57848,-42.97197,-49.99505,5.2248,4.74712,4.48525,4.25423,4.18232,4.16205,4.16706,3.99378,5.32274,5.37549,5.36831,5.30616,5.07573,4.62637,4.3965,4.24622,4.25242,4.29783,4.59677,4.49372,2.27501,2.41994,2.44586,2.47206,2.49261,2.52202,2.50289,2.48376,222.7,226.7,239.61267,229,2.01922,2.03083,2.20372
7/10/2024,10.86694,8.24195,0.33338,-7.54466,-13.80456,-43.06702,-49.85513,5.21627,4.73917,4.47567,4.24161,4.16521,4.14121,4.14444,3.97075,5.34245,5.36954,5.38318,5.30616,5.06454,4.6305,4.39325,4.23828,4.24065,4.27925,4.5751,4.4693,2.25251,2.42249,2.44729,2.47476,2.49782,2.52973,2.50985,2.48999,223.1,227.6,240.08522,229.5,2.00728,2.00325,2.1743
7/11/2024,9.91276,7.14004,-0.641,-8.51862,-14.96504,-44.04298,-50.80573,5.11352,4.60481,4.33922,4.11603,4.05261,4.04207,4.06064,3.89575,5.34713,5.36392,5.36152,5.22512,4.96047,4.50568,4.26782,4.12244,4.13779,4.19171,4.50107,4.4038,2.08255,2.32036,2.37754,2.4298,2.46104,2.50236,2.48789,2.47351,218.6,225.1,238.12695,228.1,1.93644,1.94071,2.1228
7/12/2024,11.38105,7.79816,-0.74318,-8.79044,-15.02093,-43.96302,-50.08461,5.09062,4.5726,4.31086,4.10249,4.04259,4.03556,4.06021,3.89924,5.37555,5.38224,5.35916,5.20685,4.93056,4.45879,4.23288,4.10992,4.13049,4.18576,4.49984,4.40008,2.03504,2.29496,2.34992,2.39827,2.43393,2.48201,2.47317,2.46422,215.7,223.7,237.49637,227.3,1.95292,1.94876,2.12708
7/15/2024,10.24825,7.15343,-1.24975,-9.34485,-15.90646,-45.0277,-50.97373,5.06301,4.55468,4.30494,4.11837,4.06817,4.06839,4.1008,3.9441,5.37988,5.39178,5.34298,5.19911,4.89926,4.4522,4.23341,4.13086,4.16162,4.22745,4.55107,4.45383,2.02753,2.31272,2.37971,2.44423,2.47433,2.51823,2.50789,2.49748,220.8,227.7,240.67396,230.5,1.92286,1.95045,2.14883
7/16/2024,10.49019,7.71027,-0.74696,-8.48132,-15.14301,-44.13695,-49.95639,5.06063,4.54829,4.29139,4.08121,4.02282,4.01485,4.03416,3.87385,5.37397,5.38066,5.34742,5.19911,4.91252,4.44349,4.21436,4.08872,4.10767,4.1663,4.47554,4.37342,1.98002,2.285,2.36258,2.43845,2.46808,2.51028,2.49679,2.48267,220.35,226.9,239.86175,228.9,1.88522,1.8973,2.08442
7/17/2024,10.82765,7.83456,-0.62888,-8.29056,-14.76915,-43.93105,-49.70562,5.06106,4.5366,4.27286,4.06302,4.00458,3.99728,4.01968,3.86081,5.35782,5.37987,5.35708,5.20446,4.90351,4.42844,4.1946,4.06936,4.08752,4.14499,4.459,4.35787,1.99001,2.28791,2.3656,2.42799,2.45813,2.50105,2.48841,2.47418,219.3,225.6,238.71288,227.8,1.87636,1.88899,2.07987
7/18/2024,9.63327,7.31994,-0.27244,-7.95643,-14.66385,-44.21826,-49.71892,5.06451,4.5561,4.30051,4.09982,4.04551,4.04088,4.06592,3.90837,5.35226,5.35875,5.3563,5.20372,4.91955,4.45977,4.22731,4.10254,4.12507,4.18751,4.5081,4.40556,1.98745,2.28313,2.37261,2.43764,2.46654,2.50771,2.49656,2.48514,220.4,226.4,239.80393,228.9,1.89854,1.92351,2.11656
7/19/2024,9.48671,7.34741,-0.78863,-8.43716,-15.05347,-44.95215,-50.47969,5.08558,4.60045,4.35442,4.15418,4.09655,4.08741,4.10509,3.94431,5.3653,5.36156,5.34873,5.20685,4.93425,4.50558,4.28095,4.16207,4.18092,4.23794,4.55461,4.44911,1.93003,2.2514,2.34882,2.42361,2.45893,2.50421,2.4989,2.49217,219.16726,229.89747,240.7695,229.61966,1.9703974,1.9389653,2.1529134
7/22/2024,9.6842,7.16667,-0.93243,-8.70977,-15.06737,-44.97889,-50.9905,5.10215,4.6192,4.3694,4.16855,4.11468,4.10871,4.12823,3.96726,5.38501,5.39178,5.33776,5.16313,4.95028,4.52236,4.29773,4.17787,4.20178,4.25938,4.57802,4.47716,1.91999,2.21999,2.32503,2.41429,2.44873,2.49325,2.49222,2.48688,218.8,229.2,240.18588,229.7,1.98987,1.96738,2.18016
7/23/2024,13.88265,7.17468,-1.02131,-8.64883,-15.04584,-44.9258,-51.35664,5.07502,4.58037,4.33413,4.13939,4.08913,4.08741,4.11373,3.95562,5.38422,5.39616,5.32654,5.1945,4.93014,4.44154,4.26238,4.1496,4.17562,4.23787,4.56299,4.46918,1.91999,2.21913,2.31184,2.40104,2.43658,2.48075,2.48266,2.46815,217.6,227.7,237.98862,227.7,1.9736,1.96087,2.19218
7/24/2024,13.57358,6.39666,-0.73822,-9.47142,-16.16774,-46.58314,-53.24403,5.04604,4.55095,4.31353,4.14237,4.10963,4.12308,4.16718,4.01566,5.38343,5.39536,5.32577,5.16702,4.89612,4.41521,4.24956,4.14975,4.20434,4.28476,4.63301,4.5481,1.94996,2.23288,2.32017,2.38934,2.42534,2.47023,2.47478,2.46416,217.3,227.4,237.64134,227.8,1.97675,2.01076,2.2701
7/25/2024,11.90634,5.78155,-1.39315,-9.56701,-16.56266,-47.04584,-53.51958,5.03961,4.5611,4.31993,4.13012,4.08645,4.08975,4.12019,3.96404,5.37792,5.37427,5.31977,5.1556,4.90102,4.44204,4.26211,4.14405,4.18212,4.25538,4.59065,4.49924,1.95005,2.22012,2.30655,2.38127,2.41875,2.46473,2.46908,2.45568,216.5,226.6,237.29058,226.7,1.97905,1.98938,2.23224
7/26/2024,13.197,6.91422,-0.26378,-8.65418,-15.56919,-46.22837,-53.0968,5.01192,4.52037,4.27147,4.07754,4.03587,4.04303,4.0791,3.92554,5.37555,5.3719,5.31224,5.14808,4.86298,4.3884,4.20233,4.08018,4.12241,4.19872,4.54138,4.45651,1.9175,2.20902,2.3024,2.37578,2.41029,2.45373,2.46027,2.44516,215.7,225.5,235.83669,225.9,1.92318,1.94372,2.19751
7/29/2024,12.98871,6.11724,-0.14136,-7.98662,-15.26044,-46.56518,-52.60636,5.01277,4.51623,4.26049,4.06742,4.02181,4.02372,4.05899,3.90576,5.39526,5.39178,5.29077,5.14028,4.86788,4.38634,4.19932,4.06883,4.10168,4.17632,4.52464,4.43182,1.90498,2.19877,2.29879,2.38279,2.41521,2.45641,2.46285,2.44888,214.9,224.9,236.73214,225.4,1.91983,1.92732,2.17782
7/30/2024,12.46772,6.09512,-0.25399,-7.8997,-15.27164,-46.78246,-52.58718,4.98983,4.48187,4.22952,4.03306,3.98579,3.98767,4.02587,3.87309,5.39447,5.38582,5.29,5.12959,4.85614,4.35748,4.16874,4.03569,4.06485,4.14041,4.4937,4.39897,1.88003,2.18256,2.28768,2.37801,2.40917,2.44929,2.45428,2.43887,213.3,223.8,236.07245,224.4,1.90269,1.90241,2.15497
7/31/2024,12.64299,6.49595,0.45036,-6.85779,-14.16931,-44.43098,-50.84715,4.97369,4.46196,4.20651,4.00093,3.95557,3.96192,4.00857,3.85881,5.38855,5.38503,5.29446,5.12424,4.84441,4.33574,4.14167,3.9965,4.02419,4.10363,4.45288,4.36728,1.93497,2.21312,2.30386,2.38083,2.40757,2.44323,2.44319,2.4279,213.7,223.2,234.05946,223.2,1.8595,1.87163,2.13528
8/1/2024,11.01838,5.81095,0.90828,-6.70389,-14.1678,-44.19938,-51.02878,4.8108,4.27367,4.02884,3.85294,3.81738,3.83528,3.89936,3.75886,5.35703,5.37908,5.27283,5.05408,4.69991,4.1636,3.97081,3.84389,3.88443,3.97696,4.34135,4.26914,1.91003,2.18003,2.26819,2.32848,2.36093,2.40354,2.40269,2.38703,208.1,218.6,228.77066,219.2,1.76289,1.79096,2.07714
8/2/2024,9.45508,5.37114,0.51552,-6.49634,-15.08359,-46.43571,-52.29765,4.4909,3.9651,3.74972,3.62181,3.60818,3.6433,3.72166,3.58684,5.34992,5.30472,5.19239,4.85473,4.40621,3.87055,3.69601,3.61664,3.67313,3.79412,4.186,4.10981,1.73997,1.99752,2.09081,2.159,2.20934,2.26899,2.28026,2.27644,189.4,203.4,217.31888,207.4,1.72264,1.76012,2.03581
8/5/2024,10.09472,5.75622,0.62947,-6.57623,-14.91246,-47.31726,-52.3853,4.48839,3.98309,3.77043,3.63214,3.60909,3.63268,3.69143,3.54692,5.35938,5.32978,5.20203,4.88397,4.43864,3.88214,3.71287,3.62584,3.67485,3.7818,4.16459,4.07077,1.76005,2.02623,2.1225,2.20178,2.25292,2.31304,2.3269,2.32021,192,206.3,221.6316,210.5,1.70584,1.7188,1.96577
8/6/2024,9.21134,6.85106,-0.33735,-7.08788,-15.17678,-47.64429,-53.01176,4.59487,4.07541,3.86101,3.72524,3.70932,3.73538,3.79347,3.64693,5.34835,5.33417,5.22216,4.95866,4.49421,3.9833,3.7925,3.72861,3.7802,3.88715,4.26991,4.17705,1.77754,2.04502,2.15024,2.2407,2.28697,2.34326,2.35473,2.34627,197.2,210.7,225.13591,213.8,1.75661,1.78015,2.03905
8/7/2024,9.16086,6.06327,-0.82383,-7.9563,-15.79468,-47.5275,-53.45958,4.57827,4.09085,3.89686,3.78575,3.7762,3.80767,3.87056,3.72506,5.35269,5.33339,5.23707,4.964,4.49421,3.99924,3.83623,3.79399,3.85576,3.96562,4.34583,4.25966,1.81247,2.06363,2.1626,2.25327,2.29623,2.34927,2.35964,2.34873,199.2,212.3,225.46662,215,1.80199,1.84262,2.10966
8/8/2024,9.07769,5.53697,-1.48624,-8.72897,-16.81742,-48.85345,-54.34354,4.61973,4.13392,3.93691,3.81708,3.80221,3.82817,3.88746,3.74056,5.35226,5.25531,5.24153,4.98467,4.52686,4.04314,3.88154,3.83194,3.8895,3.99634,4.37599,4.284,1.84626,2.07862,2.1713,2.25831,2.30229,2.3563,2.37214,2.36551,199.7,213,227.09922,216.3,1.83494,1.86634,2.121
8/9/2024,8.85299,5.67837,-1.17598,-8.29785,-16.52654,-48.46595,-54.19484,4.63491,4.14057,3.93065,3.78261,3.75703,3.77548,3.83102,3.68265,5.36017,5.27888,5.23407,4.9933,4.53348,4.05204,3.87387,3.79437,3.84001,3.94075,4.31568,4.2246,1.86048,2.08201,2.15665,2.23836,2.28469,2.34146,2.36105,2.35545,196.80555,210.72631,224.76042,214.21212,1.8263145,1.8334869,2.0824788
8/12/2024,8.56809,5.1985,-1.08115,-7.69713,-16.09813,-48.13307,-53.73265,4.61554,4.09982,3.88196,3.7376,3.71961,3.74636,3.80673,3.65974,5.37988,5.25745,5.20203,4.98001,4.51632,4.01414,3.82997,3.74841,3.79658,3.90734,4.28806,4.19707,1.92308,2.11734,2.18134,2.24937,2.29058,2.34181,2.36136,2.35641,198.98,212.0858,225.30507,214.75998,1.75861,1.786482,2.0494702
8/13/2024,7.92294,5.35642,-0.66584,-7.32371,-15.75306,-47.31059,-53.12836,4.54468,4.02007,3.80981,3.67431,3.66225,3.69565,3.77375,3.63389,5.33811,5.29285,5.19608,4.93731,4.44394,3.94084,3.75625,3.68097,3.73549,3.85318,4.24686,4.16517,1.89501,2.1052,2.16821,2.22918,2.26818,2.31699,2.33986,2.33744,196.8,209.7,222.66925,213,1.71297,1.75618,2.03517
8/14/2024,8.22908,5.71884,-0.26817,-6.84075,-15.12212,-46.87589,-52.17634,4.56195,4.02874,3.80788,3.66261,3.64286,3.66978,3.73154,3.58661,5.33733,5.29725,5.22142,4.96934,4.46548,3.94645,3.75069,3.66529,3.71127,3.821,4.2003,4.10837,1.84001,2.07496,2.14394,2.21686,2.25105,2.29549,2.31874,2.31646,195.8,207.8,221.09306,210.9,1.70729,1.743,1.99937
8/15/2024,8.26742,5.44683,-0.57639,-7.67511,-15.53761,-47.10959,-52.06986,4.68145,4.18293,3.95983,3.79246,3.75835,3.77008,3.81228,3.65901,5.33687,5.26048,5.21024,5.01136,4.57823,4.10026,3.90536,3.79822,3.8351,3.92546,4.28338,4.17971,1.89406,2.1306,2.19786,2.27142,2.30353,2.34297,2.36193,2.35417,201,211.8,224.91687,213.8,1.78822,1.80746,2.04171
8/16/2024,9.05122,6.53695,-0.27043,-7.77385,-15.31119,-47.32105,-51.77368,4.65811,4.15594,3.93323,3.76392,3.72765,3.73802,3.78433,3.63243,5.33966,5.27888,5.22886,4.9933,4.54059,4.06543,3.86786,3.76662,3.80539,3.89113,4.25754,4.15017,1.85995,2.09674,2.16589,2.24525,2.28055,2.32254,2.33742,2.33119,198.4,209.5,224.7368,211.5,1.78262,1.79613,2.03517
8/19/2024,8.33742,5.6168,-0.61949,-8.15062,-15.66487,-47.94919,-52.26131,4.65403,4.15044,3.9234,3.75162,3.70718,3.70879,3.7467,3.59197,5.35938,5.29878,5.20203,4.93331,4.54555,4.06707,3.86723,3.75781,3.78869,3.86544,4.22619,4.11458,1.82995,2.07249,2.1437,2.22202,2.2589,2.30579,2.31839,2.3107,195.8,207.2,222.61107,209.2,1.79981,1.79344,2.02258
8/20/2024,8.16283,5.44156,-0.79139,-8.28224,-15.86901,-48.31373,-52.36483,4.59693,4.08099,3.85662,3.69258,3.65228,3.65744,3.69887,3.5463,5.33298,5.27219,5.18042,4.93798,4.49806,3.99936,3.8022,3.70049,3.7351,3.81613,4.18201,4.06995,1.80759,2.05235,2.13264,2.2255,2.26289,2.31148,2.32543,2.31917,195.8,207.4,224.12649,210.3,1.74249,1.74213,1.96695
8/21/2024,7.67398,5.46158,-0.4272,-7.45049,-14.93226,-46.46061,-51.58757,4.51312,3.99776,3.782,3.6338,3.60714,3.62618,3.681,3.53413,5.31684,5.2353,5.16405,4.8893,4.4286,3.92109,3.72743,3.6381,3.68168,3.77551,4.14568,4.05001,1.80001,2.04459,2.12261,2.22078,2.25937,2.30848,2.33062,2.32192,195.2,207.1,223.38533,210.7,1.6861,1.70451,1.94301
8/22/2024,6.85361,4.73904,-1.31898,-8.32392,-15.27146,-46.4709,-51.81892,4.57064,4.07415,3.86145,3.71164,3.68691,3.70726,3.76293,3.6153,5.30096,5.20877,5.17896,4.93131,4.49971,4.00878,3.81624,3.72615,3.77109,3.86064,4.22814,4.13387,1.84032,2.07547,2.15089,2.24677,2.2842,2.33021,2.34845,2.33881,197.4,209.2,224.57811,212.4,1.75215,1.76864,2.00987
8/23/2024,7.65171,4.85728,-1.51739,-8.56135,-15.3311,-46.24038,-51.52545,4.492,3.98424,3.77096,3.63092,3.61777,3.64964,3.72496,3.58444,5.31403,5.21171,5.15072,4.89202,4.41819,3.91107,3.72583,3.64942,3.70578,3.8056,4.18943,4.10151,1.9185,2.13911,2.2071,2.29396,2.32591,2.36682,2.37574,2.36052,202.4,212.8,226.35005,214.5092,1.62542,1.6776,1.956418
8/26/2024,7.16562,4.53967,-1.70353,-8.99629,-15.67377,-46.01191,-51.7538,4.52161,4.00319,3.7862,3.64407,3.62883,3.65824,3.73176,3.58746,5.34401,5.25229,5.10883,4.8733,4.45343,3.93153,3.7412,3.66308,3.72024,3.81693,4.19352,4.10642,1.96244,2.1648,2.23015,2.31802,2.34569,2.38194,2.38477,2.36824,204.22059,214.2,226.8094,215.2,1.6208741,1.67493,1.95442
8/27/2024,11.05656,4.42761,-1.70516,-9.72689,-15.93355,-46.01202,-51.49719,4.48116,3.97565,3.76812,3.63898,3.63305,3.67187,3.75435,3.61304,5.34323,5.24637,5.1029,4.85197,4.42263,3.8622,3.72082,3.65597,3.73027,3.83208,4.21462,4.12796,1.94505,2.15754,2.22848,2.31771,2.35156,2.39411,2.39887,2.38474,204.4,215.4,228.51655,217.1,1.61197,1.67808,1.95696
8/28/2024,11.07336,3.90208,0.25678,-9.55653,-16.04579,-46.41193,-51.49008,4.48121,3.97937,3.77124,3.64583,3.64034,3.67831,3.75742,3.61535,5.34245,5.24562,5.10741,4.85197,4.43859,3.86573,3.72919,3.64323,3.73586,3.83965,4.22167,4.1302,1.94935,2.15277,2.2259,2.31628,2.34788,2.38824,2.38742,2.37598,204,215.2,227.94796,216.6,1.60323,1.68765,1.9642
8/29/2024,9.07669,2.74424,-0.5659,-10.27122,-16.86101,-46.99271,-51.82358,4.48197,3.9836,3.7819,3.66159,3.6579,3.69765,3.77533,3.63227,5.24452,5.21394,5.11712,4.86732,4.4573,3.89241,3.75446,3.66725,3.76065,3.86626,4.24524,4.15051,1.97504,2.16726,2.23885,2.33312,2.36255,2.39796,2.39513,2.38444,205.8,216.3,228.78959,217.2,1.60925,1.70326,1.97851
8/30/2024,9.09043,2.98404,-1.07582,-11.02629,-17.55379,-47.66306,-52.79579,4.50191,4.01671,3.82093,3.70323,3.69744,3.7346,3.81131,3.66803,5.28251,5.22646,5.11426,4.87006,4.45513,3.92581,3.79109,3.71399,3.8077,3.91014,4.28794,4.19599,1.95802,2.15885,2.22978,2.32206,2.35331,2.39172,2.39293,2.38315,204.7,215.8,228.4955,217.2,1.66699,1.75214,2.02399
9/3/2024,8.71568,2.71412,-1.34406,-10.98632,-17.92654,-47.31868,-53.17175,4.47326,3.97394,3.77088,3.64171,3.63111,3.66408,3.73968,3.59796,5.26126,5.22572,5.09176,4.82277,4.42712,3.88678,3.74374,3.65515,3.74097,3.84335,4.21287,4.12968,1.87998,2.09998,2.17141,2.25999,2.29968,2.34676,2.35742,2.35425,198.5,211.3,225.06804,214.3,1.67015,1.73035,1.98668
9/4/2024,8.14637,2.22664,-1.08043,-10.61231,-17.59447,-47.13541,-53.25515,4.34979,3.85078,3.66084,3.55462,3.55183,3.59156,3.6732,3.53364,5.21953,5.19916,5.09627,4.76962,4.30591,3.76932,3.63857,3.56542,3.65795,3.7675,4.14455,4.06619,1.81746,2.03009,2.10501,2.18954,2.23607,2.29026,2.3056,2.30594,192.20498,206.4,220.93595,210.1,1.6433702,1.7035,1.96519
9/5/2024,8.27629,2.70107,-1.13049,-10.38424,-17.1872,-47.53898,-53.04103,4.33316,3.8335,3.64149,3.52826,3.5229,3.55976,3.63442,3.4925,5.16758,5.15707,5.08513,4.75306,4.24803,3.75074,3.61448,3.53956,3.62674,3.73163,4.10981,4.02291,1.79004,2.00625,2.08132,2.16202,2.21062,2.26647,2.28036,2.27524,189.5994,204.4,219.97321,207.95236,1.643566,1.68763,1.9433864
9/6/2024,7.43693,2.20263,-2.07806,-11.05545,-17.97668,-47.01765,-53.31095,4.23997,3.72366,3.54792,3.46699,3.47854,3.52916,3.62175,3.48624,5.15001,5.08258,5.06219,4.71937,4.12562,3.64929,3.52589,3.48777,3.58909,3.70893,4.09193,4.01935,1.75752,1.99379,2.07138,2.15424,2.20276,2.25873,2.27114,2.26473,187.29917,202.18325,215.9251,205.81778,1.6147783,1.6870975,1.9611722
9/9/2024,7.31818,2.30944,-2.48778,-11.40362,-18.49076,-47.37144,-53.44134,4.25071,3.7378,3.55581,3.46109,3.46673,3.5127,3.60154,3.46392,5.13392,5.13351,5.00382,4.69526,4.1581,3.66462,3.53272,3.48597,3.58077,3.69761,4.07525,3.99833,1.78753,2.01801,2.09253,2.16172,2.20967,2.26649,2.2801,2.26974,189.73762,204.4,218.74798,207.85511,1.5885938,1.65361,1.9197789
9/10/2024,7.10546,5.97333,-2.38796,-11.26581,-18.49135,-47.04583,-53.38544,4.2049,3.67859,3.49773,3.40363,3.41042,3.45831,3.55451,3.41972,5.0615,5.06569,4.98229,4.66871,4.11371,3.60754,3.43797,3.42751,3.52308,3.64322,4.02497,3.95357,1.73503,1.98469,2.05664,2.14005,2.18772,2.24399,2.25594,2.24672,187.40994,202.4,216.13964,205.8,1.5534106,1.61922,1.89557
9/11/2024,7.94011,6.62281,-2.37122,-11.6126,-18.43471,-47.19321,-53.34646,4.26557,3.724,3.53043,3.42256,3.42394,3.46816,3.56327,3.42874,5.05568,5.07015,5.01809,4.74306,4.16264,3.6446,3.46415,3.44627,3.54007,3.65251,4.0352,3.9622,1.83572,2.04969,2.11622,2.18433,2.22035,2.26445,2.27094,2.25623,191.8,204.7,216.44989,206,1.52827,1.60551,1.9022
9/12/2024,6.93068,5.87662,-2.10259,-11.40202,-18.22595,-47.38995,-53.12853,4.22694,3.7158,3.53544,3.44403,3.44814,3.49642,3.59673,3.46437,5.04448,5.07953,4.96531,4.70527,4.13472,3.64649,3.47661,3.46506,3.56216,3.67868,4.07063,3.99566,1.88834,2.0975,2.15484,2.21032,2.23862,2.27624,2.28293,2.26696,194.3,206,219.14762,208.2,1.52206,1.61868,1.91366
9/13/2024,8.29402,6.25685,-0.8884,-9.88053,-17.293,-46.23455,-52.67248,4.14215,3.65807,3.49354,3.41463,3.42383,3.47562,3.58023,3.44974,5.03215,5.04644,4.91126,4.62391,4.04567,3.57513,3.43097,3.42349,3.52262,3.64853,4.04256,3.97645,1.90005,2.10985,2.16737,2.22353,2.25451,2.29375,2.29504,2.28018,196.1,208,220.58169,210.4,1.46249,1.56853,1.87245
9/16/2024,8.25652,6.53667,-0.92397,-10.01945,-17.19102,-45.61489,-52.23694,4.10131,3.63659,3.47975,3.39525,3.40084,3.4476,3.54603,3.41386,4.9956,4.99928,4.8579,4.52661,4.00692,3.55402,3.41437,3.40447,3.50102,3.61949,4.00216,3.93621,1.94254,2.13729,2.18659,2.23395,2.26616,2.30596,2.30666,2.29471,196.99374,209.1,221.91858,211.62381,1.4345326,1.52849,1.8199719
9/17/2024,8.70176,6.79481,-1.12674,-10.31286,-17.42819,-45.86616,-52.03897,4.13611,3.67818,3.5183,3.42056,3.42249,3.46666,3.56395,3.43264,4.90787,4.93669,4.85726,4.53666,4.03656,3.59127,3.45042,3.43185,3.52561,3.64093,4.02259,3.95301,1.98603,2.16473,2.20826,2.25501,2.28593,2.3265,2.32421,2.30834,199,211.4,223.805,213.14728,1.44185,1.52693,1.8215372
9/18/2024,9.13997,7.47349,-0.05915,-9.2928,-16.32015,-44.89116,-51.43785,4.11517,3.69228,3.54806,3.46474,3.47339,3.52317,3.62213,3.50135,4.79461,4.81226,4.77332,4.50959,3.99511,3.60042,3.47269,3.46448,3.5655,3.68589,4.07115,4.00737,2.00998,2.18751,2.22998,2.27948,2.30758,2.34425,2.33801,2.32347,200.05442,211.74773,222.96815,212.59015,1.4639358,1.5684127,1.8814685
9/19/2024,7.92516,6.04552,-0.70095,-10.14038,-16.90218,-45.05969,-51.97746,4.09169,3.68257,3.55129,3.49711,3.51434,3.56961,3.67938,3.55378,4.76762,4.69731,4.74668,4.48784,4.00014,3.60332,3.49083,3.50411,3.61574,3.73863,4.12997,4.07355,2.05269,2.22995,2.27244,2.32194,2.341,2.373,2.36296,2.34594,205.2,215.8,226.29242,216.6,1.45211,1.58063,1.90755
9/20/2024,8.29846,6.88201,-0.75908,-9.90793,-16.87614,-43.89151,-52.14782,4.05919,3.65616,3.53268,3.47555,3.49801,3.55844,3.67312,3.54938,4.75552,4.71098,4.68246,4.46501,3.97698,3.57318,3.46386,3.48311,3.59706,3.72717,4.11201,4.07084,2.03941,2.20708,2.25904,2.32062,2.33861,2.3667,2.34974,2.33062,205.3,215.3,224.26655,215.95,1.43011,1.57417,1.91134
9/23/2024,7.78648,6.3575,-0.69023,-10.07067,-16.71795,-43.8096,-52.16285,4.04882,3.65263,3.53502,3.48819,3.50967,3.56846,3.68319,3.55946,4.73442,4.75163,4.62881,4.40364,3.96564,3.575,3.47159,3.49514,3.6104,3.73564,4.12126,4.08107,2.00985,2.19098,2.24642,2.31976,2.34264,2.37595,2.36499,2.34747,205.6,216.6,226.6191,218,1.43914,1.56964,1.90107
9/24/2024,9.96229,5.3672,-0.78628,-9.93685,-17.01601,-44.2971,-52.28356,4.01818,3.61688,3.50424,3.46983,3.49881,3.5645,3.68585,3.56494,4.66726,4.70461,4.60742,4.37718,3.93248,3.5175,3.45071,3.47774,3.5982,3.73465,4.12879,4.08775,2.06002,2.22512,2.27762,2.34484,2.3649,2.39199,2.3757,2.35289,208.56664,218.2,227.354,218.8,1.3920736,1.55265,1.89975
9/25/2024,9.2113,5.23538,-2.25141,-10.50833,-17.72331,-45.48315,-53.03096,4.01254,3.64941,3.53635,3.50256,3.53402,3.60293,3.72428,3.60366,4.68202,4.68339,4.61724,4.38247,3.95387,3.55204,3.48429,3.52503,3.63907,3.78012,4.17946,4.13443,2.04995,2.21132,2.26598,2.33478,2.35657,2.3862,2.36827,2.34519,207.6,217.5,227.80339,218.4,1.44903,1.60512,1.95043
9/26/2024,8.13382,4.56986,-2.51059,-10.24179,-17.94843,-45.69123,-52.8444,4.07866,3.70184,3.58611,3.53077,3.55019,3.60822,3.71787,3.59381,4.73174,4.7128,4.61666,4.40311,4.0189,3.6205,3.54041,3.55588,3.65261,3.7877,4.17478,4.12225,2.01504,2.19873,2.2513,2.31866,2.34643,2.38301,2.37161,2.35264,206.1,216.8,228.25362,218.4,1.49488,1.6197,1.93825
9/27/2024,8.22928,5.3336,-2.14394,-9.72759,-17.56845,-45.26193,-52.42234,4.02494,3.64454,3.53161,3.48117,3.50674,3.57206,3.69242,3.57286,4.76064,4.73677,4.61491,4.38565,3.96305,3.56225,3.47827,3.50258,3.604,3.74773,4.14503,4.09708,2.01999,2.19348,2.24368,2.3118,2.33744,2.37345,2.36203,2.33911,205.3,215.6,226.19535,216.8,1.44958,1.59173,1.92908
9/30/2024,8.33971,4.22224,-2.39643,-10.15254,-17.82154,-46.0983,-52.80086,4.1281,3.73423,3.60888,3.55261,3.56684,3.62271,3.72903,3.60502,4.82659,4.79289,4.58198,4.37718,4.03895,3.65032,3.56624,3.57657,3.66837,3.80093,4.19001,4.13303,2.0325,2.21322,2.26715,2.34202,2.36699,2.4012,2.38681,2.36467,210.04298,220.21402,230.41179,220.16382,1.4761402,1.5987898,1.9313918
10/1/2024,7.59438,3.62574,-2.50132,-10.1776,-18.05425,-46.94803,-53.03927,4.10805,3.69619,3.56223,3.49472,3.50663,3.56142,3.67147,3.54969,4.85155,4.79742,4.59701,4.36659,3.99028,3.6197,3.52553,3.51974,3.60841,3.74197,4.14096,4.08009,2.0775,2.24001,2.27642,2.34673,2.3712,2.4072,2.39114,2.36778,209.1606,219.1,229.81276,219.42567,1.428134,1.55097,1.8858333
10/2/2024,8.50341,4.13352,-2.52559,-10.17457,-18.19792,-47.2763,-53.17746,4.11893,3.72063,3.59055,3.5272,3.54298,3.60175,3.71784,3.59853,4.81508,4.76586,4.60164,4.36659,3.99576,3.63625,3.5496,3.55246,3.64473,3.78373,4.1906,4.1303,2.11231,2.26874,2.30585,2.36074,2.38501,2.42102,2.41027,2.39197,212.7,221.6,232.37945,222.2,1.42546,1.56773,1.9083
10/3/2024,7.78635,3.74683,-2.91761,-10.44538,-18.33828,-47.20866,-53.4346,4.17093,3.79092,3.66456,3.6028,3.61391,3.66527,3.76977,3.64496,4.76762,4.60957,4.60106,4.37665,4.03918,3.71256,3.62676,3.63198,3.71836,3.84865,4.24186,4.17931,2.23497,2.32991,2.33532,2.36435,2.38255,2.40852,2.39742,2.37924,213.34887,221.1,231.55953,221.35414,1.4984913,1.63765,1.9657686
10/4/2024,8.75021,4.11447,-2.95886,-10.7288,-18.30821,-46.60291,-53.64173,4.37478,4.0191,3.88172,3.78382,3.77074,3.79673,3.86895,3.73099,4.75552,4.72645,4.64608,4.45443,4.24104,3.93109,3.84023,3.81341,3.87803,3.97981,4.33498,4.26741,2.23442,2.33987,2.35476,2.38802,2.40318,2.43097,2.42016,2.40194,216.3,223.6,234.3262,223.7,1.65041,1.74381,2.03041
10/7/2024,9.19587,4.90176,-2.83817,-10.54601,-17.88035,-46.44359,-53.21309,4.43642,4.09391,3.95159,3.83956,3.82279,3.84579,3.91222,3.77133,4.87268,4.79289,4.62881,4.44601,4.27632,4.00145,3.90219,3.86794,3.92825,4.02459,4.37666,4.30346,2.2975,2.39528,2.406,2.43854,2.44645,2.46855,2.4525,2.42845,220.6,226.6,236.36987,225.6,1.66194,1.75859,2.04746
10/8/2024,9.06736,4.95797,-3.07488,-10.93448,-17.99966,-45.93913,-53.21706,4.41195,4.06921,3.93594,3.83384,3.82422,3.85438,3.92881,3.79203,4.83107,4.77164,4.64903,4.44601,4.24556,3.97806,3.886,3.86459,3.93356,4.03438,4.3882,4.3242,2.22751,2.35989,2.39345,2.43802,2.44957,2.47373,2.45804,2.43445,219.8,226.5,235.85017,225.7,1.66659,1.76938,2.0672
10/9/2024,9.87836,5.7215,-3.06182,-11.33925,-17.99584,-46.21373,-53.21415,4.4572,4.11476,3.97869,3.87463,3.86081,3.88574,3.94738,3.80531,4.80996,4.77102,4.66405,4.4619,4.28907,4.0163,3.92166,3.90525,3.9742,4.0657,4.40952,4.33745,2.21249,2.37501,2.41498,2.46394,2.4763,2.49673,2.48361,2.46077,222.4,229.3,239.72254,228.66631,1.68125,1.7727,2.0507869
10/10/2024,9.80285,5.96091,-3.85046,-11.77134,-18.27582,-45.57003,-53.36007,4.42926,4.09557,3.96767,3.87929,3.87561,3.91045,3.98685,3.85058,4.80351,4.70247,4.66346,4.45606,4.26107,3.99706,3.90773,3.91779,3.99332,4.09321,4.44255,4.38418,2.37747,2.4627,2.48208,2.51599,2.52176,2.52795,2.50755,2.47968,228,232.8,241.00114,230.76364,1.63779,1.76521,2.0765436
10/11/2024,9.45536,5.21147,-4.1309,-12.52245,-18.84921,-46.22297,-53.70925,4.37535,4.03241,3.90818,3.83579,3.83975,3.88285,3.97344,3.84396,4.83683,4.74647,4.65069,4.44859,4.22063,3.93962,3.85761,3.87794,3.96555,4.07178,4.43591,4.38131,2.39255,2.47894,2.49671,2.52231,2.52702,2.53428,2.5142,2.48962,228.4,233.2,241.55934,231.6,1.59394,1.73978,2.06531
10/15/2024,8.57,4.76263,-4.00905,-12.26225,-18.7827,-45.50691,-52.98428,4.38924,4.0412,3.91048,3.8195,3.81486,3.84872,3.93023,3.79768,4.78938,4.7407,4.62822,4.41477,4.22289,3.95491,3.86243,3.85959,3.93748,4.03655,4.3853,4.32752,2.30749,2.41736,2.43836,2.47563,2.4832,2.49463,2.47805,2.45526,223.7,229.1,238.17881,227.9,1.62259,1.74555,2.04852
10/16/2024,8.80818,4.70602,-3.87485,-12.08476,-18.15045,-45.20573,-52.22655,4.37726,4.02233,3.89194,3.80249,3.79841,3.83359,3.91083,3.77601,4.79461,4.72978,4.63804,4.43012,4.21417,3.93441,3.84497,3.84124,3.91926,4.01509,4.36289,4.29828,2.30746,2.40748,2.42611,2.45893,2.4676,2.48045,2.46354,2.43993,221.92618,227.3,237.25589,226.04492,1.6219782,1.74209,2.0378308
10/17/2024,8.51896,4.69471,-4.03676,-12.39514,-18.43646,-45.99493,-52.87988,4.41425,4.07123,3.94515,3.86639,3.87017,3.91113,3.99629,3.865,4.77275,4.69731,4.65305,4.45606,4.26033,3.98564,3.89793,3.90676,3.99412,4.09549,4.45624,4.3938,2.33004,2.42876,2.44702,2.48096,2.49055,2.50828,2.48723,2.45994,224.6,230.2,240.09343,229,1.66076,1.79349,2.1038
10/18/2024,9.06511,5.5702,-3.28328,-11.94924,-18.0577,-45.80055,-52.62866,4.3892,4.04378,3.91762,3.8444,3.84998,3.89341,3.98418,3.85457,4.75552,4.71098,4.65128,4.45443,4.23964,3.95252,3.8615,3.87723,3.96947,4.07399,4.44219,4.38086,2.30685,2.41901,2.44341,2.48123,2.49485,2.51478,2.49416,2.46724,225.11455,231.1,241.13512,230.20208,1.6260845,1.76299,2.0788392
10/21/2024,9.44493,5.64513,-3.13368,-11.89232,-18.15909,-46.05046,-53.22484,4.44535,4.11934,4.00528,3.94279,3.95358,3.99912,4.0851,3.95292,4.7805,4.74647,4.62881,4.4672,4.29401,4.02428,3.94835,3.97413,4.0725,4.18071,4.5456,4.48517,2.31498,2.42474,2.44286,2.47788,2.49289,2.51273,2.49533,2.47094,224.95944,231.39927,241.19752,230.55459,1.7245356,1.8667173,2.1796241
10/22/2024,9.58166,4.64487,-3.47833,-12.22716,-18.49157,-46.17352,-53.42101,4.44392,4.13203,4.02622,3.96897,3.97822,4.01972,4.09515,3.95883,4.76452,4.7407,4.62822,4.4725,4.29351,4.03561,3.97931,4.00375,4.10049,4.20464,4.55689,4.49304,2.37245,2.46552,2.47298,2.50192,2.51408,2.53193,2.51341,2.48967,227.45,233.7,243.53438,232.6,1.72925,1.86764,2.16704
10/23/2024,9.42976,4.62974,-3.62553,-12.35011,-18.75686,-47.17472,-53.67841,4.47239,4.17967,4.08205,4.01953,4.02103,4.05304,4.11907,3.97798,4.75878,4.72978,4.63804,4.49369,4.32593,4.08539,4.03572,4.05579,4.14453,4.24061,4.59082,4.51476,2.34498,2.44736,2.45087,2.47605,2.49104,2.51373,2.4965,2.47423,225.2,232,243.35604,231.3,1.80379,1.92061,2.20176
10/24/2024,7.46727,3.55747,-4.24763,-12.92394,-18.99799,-47.12047,-53.5377,4.42951,4.14004,4.04218,3.97782,3.97886,4.01082,4.07388,3.9307,4.74712,4.68183,4.61666,4.49314,4.30347,4.06478,4.0062,4.0203,4.1081,4.2008,4.54508,4.46608,2.33001,2.41624,2.41865,2.44001,2.46331,2.49147,2.4786,2.45837,222.4218,230.4,242.59358,230.16841,1.796082,1.8968,2.1643959
10/25/2024,7.31431,3.4475,-4.76241,-13.3606,-19.23322,-47.74388,-53.6808,4.44403,4.16972,4.07244,4.00386,4.00559,4.03861,4.10473,3.96219,4.74528,4.6955,4.64089,4.51795,4.33485,4.09599,4.03756,4.05148,4.1392,4.23094,4.58217,4.499,2.34752,2.43015,2.42287,2.4269,2.44647,2.47513,2.46352,2.43791,231.05,229.5,241.64668,229.3,1.74098,1.93594,2.206
10/28/2024,6.49772,2.54662,-6.57795,-14.67467,-20.42599,-49.0879,-54.43608,4.4621,4.20356,4.11313,4.04537,4.04406,4.07281,4.13108,3.98532,4.7549,4.70006,4.6132,4.48309,4.33982,4.138,4.08728,4.11115,4.19081,4.27707,4.62196,4.52968,2.25752,2.39056,2.41157,2.42962,2.44775,2.47379,2.46553,2.44893,231.1,229.5,243.19154,230.41349,1.80015,1.98207,2.2255451
10/29/2024,5.41076,1.388,-7.36634,-14.78931,-21.21843,-50.00896,-54.62368,4.43667,4.17263,4.08759,4.02954,4.03141,4.06097,4.11938,3.97205,4.75428,4.69945,4.60742,4.4778,4.30915,4.11781,4.07324,4.1032,4.1793,4.27315,4.61947,4.51829,2.25003,2.38615,2.41625,2.44081,2.45258,2.47185,2.46218,2.4419,232.7,230.2,244.06834,231,1.7762,1.97115,2.20829
10/30/2024,6.08783,1.27005,-7.14728,-14.78941,-20.89566,-49.84091,-53.93047,4.45142,4.21333,4.12859,4.05266,4.03882,4.05425,4.09332,3.93908,4.75367,4.69885,4.59124,4.4672,4.30915,4.15275,4.11603,4.12413,4.18671,4.26321,4.59173,4.47838,2.30755,2.44035,2.46999,2.49727,2.50084,2.511,2.49702,2.47288,237.1,233.6,247.33502,233.3,1.75313,1.92721,2.14538
10/31/2024,5.89564,1.24135,-7.9056,-16.39961,-21.90039,-50.34298,-54.42472,4.45208,4.22331,4.14308,4.07475,4.05596,4.06437,4.09149,3.92972,4.68562,4.64054,4.56467,4.46136,4.31415,4.16405,4.13045,4.15381,4.21996,4.28337,4.59492,4.47397,2.32609,2.46013,2.49133,2.51637,2.51095,2.51255,2.48603,2.4557,238.5,233.4,246.91049,232.26597,1.76881,1.94937,2.1513103
11/1/2024,4.75942,-0.43557,-9.52511,-18.18442,-23.79019,-52.12297,-56.31953,4.46363,4.24928,4.17342,4.11552,4.10759,4.12445,4.15637,3.99545,4.65821,4.63361,4.5318,4.44384,4.31262,4.20126,4.17748,4.21077,4.28943,4.36235,4.6776,4.55865,2.32999,2.45368,2.47513,2.50419,2.5084,2.51675,2.48615,2.45245,236.8,232.8,246.78133,232,1.84277,2.03435,2.23865
11/4/2024,5.61922,1.04061,-8.62487,-17.06495,-22.88662,-50.18236,-55.42037,4.44804,4.23218,4.15186,4.07978,4.06637,4.07902,4.10399,3.93946,4.64226,4.63303,4.53517,4.41423,4.28458,4.17541,4.141,4.16603,4.23702,4.30789,4.60581,4.49366,2.32749,2.41123,2.43832,2.464,2.47581,2.4907,2.4549,2.42323,231.9,228.7,241.66213,228.14732,1.84703,2.02089,2.2121868
11/5/2024,6.00712,1.67936,-8.61233,-16.93489,-22.74626,-49.98307,-55.40263,4.47182,4.26304,4.17442,4.08517,4.05918,4.0599,4.06823,3.89457,4.6212,4.56544,4.54501,4.41953,4.31436,4.20238,4.15716,4.17129,4.22853,4.28736,4.56806,4.4486,2.34003,2.42134,2.45011,2.48051,2.48911,2.50148,2.45924,2.42252,233.3,229.9,242.54569,228.5,1.83829,1.98836,2.1636
11/6/2024,7.61367,3.47536,-6.68414,-16.61107,-21.69791,-47.73062,-53.71811,4.52396,4.34212,4.26842,4.20477,4.19525,4.20759,4.22929,4.06024,4.58992,4.61124,4.55484,4.43542,4.36067,4.26585,4.23352,4.27161,4.36136,4.42457,4.7066,4.59742,2.48375,2.6212,2.61247,2.60744,2.60027,2.59403,2.54847,2.50646,247,239.84527,249.85875,236.44093,1.80161,2.0261173,2.2330107
11/7/2024,7.99426,3.89527,-5.51727,-14.16997,-20.40976,-46.76198,-52.82172,4.4943,4.29858,4.2147,4.13457,4.12226,4.13721,4.17572,4.01494,4.58313,4.55797,4.55427,4.42958,4.33261,4.21808,4.17536,4.18974,4.26396,4.34131,4.64334,4.54316,2.51997,2.61279,2.59881,2.56442,2.56237,2.56353,2.51779,2.4777,242.2,236.10088,245.16805,232.9,1.76774,1.9803012,2.21416
11/8/2024,8.10683,3.80585,-4.71534,-13.19683,-18.74527,-44.92039,-50.53449,4.53222,4.33326,4.237,4.14477,4.11659,4.11947,4.13906,3.97255,4.59619,4.59179,4.54681,4.4433,4.35807,4.2529,4.19987,4.19241,4.24897,4.30722,4.58843,4.47811,2.54069,2.62128,2.61037,2.57946,2.57602,2.57748,2.53007,2.488,243.2,237,246.36076,233.2,1.76041,1.93722,2.14611
11/12/2024,7.53278,2.58445,-7.11112,-16.48143,-21.68546,-47.88505,-53.20459,4.59332,4.41812,4.33142,4.24332,4.21547,4.21559,4.21841,4.04449,4.60073,4.59636,4.5398,4.46245,4.42363,4.34223,4.30515,4.31443,4.38028,4.43244,4.69726,4.57654,2.55511,2.61738,2.60749,2.58425,2.58207,2.58526,2.53141,2.48249,242.8,236.9443,246.00018,232.47843,1.88643,2.062997,2.2517557
11/13/2024,7.08683,2.57486,-8.10347,-17.11081,-22.94057,-48.50921,-54.59923,4.50936,4.35262,4.28613,4.21928,4.20659,4.22076,4.25153,4.08925,4.58992,4.58548,4.51845,4.43012,4.34602,4.28149,4.26018,4.30031,4.3777,4.45017,4.73662,4.63524,2.57501,2.62871,2.6078,2.57302,2.57209,2.57649,2.52466,2.47898,241.4,235.9,244.15206,232.31362,1.88631,2.09117,2.3121038
11/14/2024,6.76162,2.44087,-7.78533,-16.66439,-22.30333,-47.93273,-54.07674,4.52455,4.36023,4.2863,4.21277,4.19058,4.19564,4.21033,4.04161,4.56263,4.52702,4.5075,4.44547,4.36201,4.29217,4.26159,4.29062,4.35722,4.41867,4.68966,4.58238,2.59754,2.63011,2.58991,2.55323,2.5487,2.55246,2.49692,2.45451,240.7,235.09133,243.97759,231.79934,1.88362,2.0677567,2.2643866
11/15/2024,7.71732,2.71538,-7.84506,-16.77619,-22.42923,-48.63629,-54.70662,4.55001,4.37674,4.29638,4.21679,4.19429,4.20035,4.21887,4.05187,4.57628,4.55627,4.52141,4.47031,4.37144,4.29903,4.26886,4.29524,4.36205,4.42464,4.70523,4.59894,2.59749,2.62399,2.5766,2.54196,2.53864,2.54245,2.48667,2.44518,239.7,234,243.32945,231.4,1.89824,2.08464,2.28494
11/18/2024,8.22151,3.49399,-7.39572,-16.31958,-22.29523,-48.99977,-55.3308,4.54558,4.36618,4.28393,4.20003,4.18036,4.18991,4.21592,4.05246,4.60131,4.5557,4.51956,4.4672,4.37366,4.28335,4.24851,4.27399,4.34356,4.41286,4.70592,4.60577,2.67001,2.65193,2.59425,2.55804,2.54915,2.54797,2.49405,2.45649,241.8,235.3,244.19348,232.77841,1.85599,2.05986,2.2779859
11/19/2024,8.02182,3.17033,-6.82523,-15.84641,-21.78095,-48.57363,-55.19114,4.54824,4.35166,4.26316,4.17917,4.15405,4.15875,4.17984,4.01345,4.57002,4.52422,4.51901,4.4672,4.38139,4.2708,4.23096,4.24742,4.31251,4.37656,4.66558,4.56536,2.70004,2.67141,2.6,2.55481,2.54097,2.53474,2.47361,2.43224,242.1,235.1,242.66183,231.6,1.82642,2.02556,2.24936
11/20/2024,7.91233,3.44237,-6.40776,-15.02322,-21.2976,-45.45291,-54.95251,4.57068,4.38636,4.29595,4.20824,4.1855,4.19205,4.20967,4.0411,4.5848,4.52366,4.53404,4.4725,4.40285,4.30702,4.26134,4.27232,4.33573,4.40503,4.6642,4.59063,2.75797,2.70754,2.63225,2.57002,2.55883,2.55501,2.49101,2.44625,243.9,236.5,243.19755,232.5,1.83332,2.04003,2.26563
11/21/2024,6.92568,2.93314,-6.67284,-15.20916,-21.5641,-46.16691,-55.71114,4.58941,4.41737,4.32927,4.23589,4.21089,4.21501,4.23178,4.06336,4.60362,4.52186,4.53868,4.48254,4.43255,4.34761,4.29959,4.30262,4.36298,4.43065,4.69345,4.62047,2.75249,2.71562,2.63017,2.56264,2.55016,2.54475,2.48215,2.44451,243.5,235.57573,243.24798,232.74916,1.86762,2.0748927,2.2929784
11/22/2024,6.22405,2.35006,-6.78788,-14.58837,-21.42563,-46.64822,-55.1396,4.60534,4.43039,4.33301,4.2296,4.19605,4.19479,4.2105,4.04214,4.60189,4.54596,4.54218,4.49148,4.45017,4.36761,4.30914,4.29748,4.34193,4.40905,4.67698,4.59354,2.74503,2.70261,2.61749,2.55853,2.54357,2.5396,2.47643,2.43698,243.6,235.26018,243.71038,232.21592,1.86148,2.0564482,2.2713808
11/25/2024,10.57549,3.34978,-5.47613,-12.92983,-19.7357,-45.14579,-52.9039,4.56725,4.35585,4.23971,4.11567,4.07263,4.06509,4.0829,3.9168,4.63832,4.57117,4.52997,4.49314,4.42216,4.2495,4.20581,4.17043,4.20193,4.26245,4.53436,4.44584,2.62748,2.59643,2.52236,2.49011,2.48537,2.4902,2.4304,2.38976,236.3,229.9,239.85165,227.1,1.80743,1.96345,2.17484
11/26/2024,11.67855,4.85502,-2.49909,-11.78227,-18.60935,-43.92546,-51.89732,4.56862,4.3694,4.26192,4.15335,4.11836,4.11526,4.12969,3.96046,4.64797,4.56544,4.50861,4.48254,4.4085,4.25194,4.21292,4.17834,4.23618,4.30135,4.56894,4.47943,2.62495,2.60985,2.53466,2.50306,2.4874,2.48817,2.43145,2.39453,237.8,230.2,239.4514,227.2,1.80034,1.99935,2.20743
11/27/2024,10.24752,4.24522,-2.89767,-12.06462,-19.12275,-43.98443,-51.88073,4.52554,4.31125,4.19489,4.08283,4.04807,4.04922,4.0744,3.90883,4.63949,4.55797,4.51269,4.46136,4.36984,4.21172,4.15489,4.1136,4.16983,4.24011,4.51359,4.427,2.57622,2.57528,2.50259,2.4746,2.46271,2.46603,2.40742,2.36995,235.70642,227.9064,237.34704,224.98839,1.7565358,1.961046,2.1771161
11/29/2024,10.75945,4.87581,-2.92531,-12.35526,-18.81689,-43.94891,-50.99162,4.50402,4.2797,4.15931,4.04598,4.0066,4.00448,4.02807,3.86342,4.62749,4.56143,4.50064,4.44914,4.34345,4.17154,4.11017,4.07523,4.13015,4.19265,4.46756,4.37334,2.56954,2.5634,2.49649,2.464,2.44724,2.45322,2.39048,2.35151,235.47673,227.59214,237.27241,223.9,1.7204627,1.9167286,2.13434
12/2/2024,10.94092,4.18487,-3.17876,-12.33631,-18.43961,-43.39881,-50.36289,4.53014,4.30715,4.18149,4.06083,4.01651,4.00822,4.02239,3.85397,4.61666,4.55055,4.48647,4.4566,4.36223,4.19716,4.13923,4.09262,4.13987,4.19262,4.45638,4.3576,2.57504,2.55881,2.49386,2.45824,2.43709,2.44379,2.38215,2.34504,235.2,227,235.82852,222.75,1.74062,1.92262,2.1301
12/3/2024,10.15549,3.94089,-4.05826,-13.36734,-19.19957,-43.76165,-50.99867,4.47431,4.27233,4.1684,4.06247,4.0283,4.02768,4.04933,3.88237,4.54955,4.47785,4.44963,4.41423,4.3066,4.17018,4.12855,4.10305,4.16197,4.21968,4.48695,4.39236,2.62246,2.59757,2.53974,2.49719,2.4712,2.47278,2.41102,2.37377,239.1,229.9,237.64802,224.88899,1.71205,1.92068,2.1434701
12/4/2024,10.14292,3.89854,-3.79466,-12.77036,-18.68709,-42.71623,-50.23707,4.43259,4.22238,4.12099,4.02492,3.99331,3.99412,4.01394,3.84551,4.54387,4.46185,4.45427,4.37718,4.26206,4.12042,4.08162,4.06287,4.12101,4.18099,4.4411,4.34788,2.62737,2.60366,2.53739,2.49248,2.46651,2.46574,2.40407,2.36848,239,229.7,237.3715,224.6,1.67287,1.88399,2.10188
12/5/2024,9.88893,3.92984,-4.42644,-13.187,-19.06419,-42.89892,-50.35727,4.44444,4.24436,4.14035,4.03252,3.99562,3.99032,4.0039,3.83234,4.43967,4.41869,4.44336,4.38724,4.27532,4.14501,4.10074,4.07678,4.12749,4.18096,4.43289,4.33591,2.61253,2.59253,2.51746,2.46501,2.44165,2.4445,2.38159,2.34371,236.57475,227.18819,234.75271,222.05486,1.7110325,1.9090781,2.1153614
12/6/2024,9.70173,3.46501,-4.53213,-13.08804,-19.42596,-43.11754,-51.22895,4.3899,4.1932,4.09357,3.9894,3.9563,3.95672,3.98354,3.81807,4.43805,4.40163,4.41068,4.34864,4.22161,4.09563,4.05855,4.03472,4.08718,4.15098,4.41472,4.33036,2.56245,2.55242,2.48384,2.44077,2.42145,2.43254,2.37315,2.33922,234.2,226.0021,232.98604,221.3,1.69272,1.890959,2.11736
12/9/2024,9.08281,3.54745,-4.79397,-13.44485,-19.81485,-43.78911,-52.11876,4.40377,4.21688,4.12068,4.02165,3.99362,3.99914,4.03068,3.86785,4.44775,4.41141,4.38796,4.33587,4.2376,4.1255,4.08483,4.06959,4.12807,4.19729,4.46857,4.38904,2.58504,2.55733,2.48462,2.44453,2.42749,2.44203,2.38261,2.34725,235.19722,227.27206,234.25301,222.6,1.7176178,1.9245694,2.16304
12/10/2024,9.36742,4.80626,-5.05513,-14.03729,-20.57133,-44.3563,-52.87321,4.42261,4.24241,4.14697,4.04525,4.01308,4.01384,4.04148,3.87755,4.41651,4.39027,4.38743,4.34065,4.26237,4.14818,4.0985,4.0958,4.15345,4.21955,4.48504,4.40628,2.58747,2.56679,2.49883,2.45923,2.44393,2.45854,2.39959,2.36798,236.84446,229.13588,235.5862,224.8599,1.7273554,1.9281912,2.157681
12/11/2024,9.56568,5.11686,-4.89256,-14.18443,-20.47206,-45.17798,-53.77069,4.41201,4.25255,4.17252,4.08368,4.05863,4.06538,4.0997,3.93971,4.38017,4.36915,4.36618,4.32426,4.24759,4.15634,4.12096,4.13261,4.20047,4.2701,4.55148,4.47742,2.63503,2.60247,2.53211,2.49295,2.47036,2.47879,2.42097,2.38702,239.8,231.5,237.4794,227.223,1.73461,1.9551,2.20519
12/12/2024,9.46496,5.30683,-4.60477,-13.66325,-20.25021,-45.71315,-54.10668,4.42456,4.28053,4.20799,4.12876,4.10908,4.12037,4.16096,4.0058,4.31673,4.35166,4.32941,4.31317,4.26083,4.18541,4.15461,4.17481,4.24571,4.32287,4.61809,4.54687,2.64996,2.62001,2.54748,2.50852,2.48287,2.48657,2.42986,2.39799,241.6,233.4,238.572,228.4,1.75881,1.98887,2.26287
12/13/2024,8.6768,4.56801,-4.93525,-14.35887,-20.77466,-46.83261,-55.313,4.4524,4.32582,4.26176,4.19791,4.17995,4.18993,4.22081,4.06042,4.30497,4.32434,4.32787,4.3275,4.28129,4.23853,4.21572,4.24726,4.32354,4.39768,4.68914,4.61355,2.64999,2.61252,2.5401,2.50572,2.4849,2.49327,2.43863,2.40271,241.7,234.2,240.25872,229.9,1.83026,2.05568,2.31455
12/16/2024,9.19565,5.44207,-4.62595,-13.79402,-20.27333,-45.71049,-54.43845,4.45834,4.33936,4.27839,4.20636,4.18698,4.19498,4.2247,4.06475,4.32493,4.34959,4.31022,4.3089,4.27805,4.24688,4.2236,4.25261,4.32492,4.3977,4.6818,4.60913,2.61872,2.5792,2.50887,2.47768,2.45862,2.46932,2.42242,2.39397,240.4,233.3,239.66927,229.9598,1.84861,2.0647,2.309532
12/17/2024,9.89254,5.52785,-4.3378,-13.36704,-20.03257,-46.37796,-54.30979,4.46424,4.33884,4.27376,4.20395,4.18072,4.18357,4.20034,4.03478,4.35,4.35937,4.30972,4.31419,4.28852,4.23945,4.21812,4.24733,4.31439,4.3839,4.66412,4.57788,2.57503,2.54499,2.47373,2.44523,2.43035,2.4472,2.40361,2.37425,237.88535,231.1,238.72455,227.55,1.8684765,2.0729,2.30238
12/18/2024,9.74683,5.04435,-4.60722,-14.56261,-20.46783,-47.29692,-54.59454,4.53622,4.45044,4.39415,4.33561,4.30162,4.29136,4.28812,4.11347,4.33414,4.34856,4.35064,4.31419,4.33743,4.3524,4.3433,4.38168,4.44725,4.49604,4.76109,4.65942,2.59,2.5573,2.483,2.45349,2.44442,2.46246,2.42032,2.38969,238.6,232,240.66658,228.6,1.99568,2.17604,2.37342
12/19/2024,11.25646,5.78531,-4.89094,-14.73752,-20.76397,-47.34678,-55.87444,4.50387,4.4306,4.40032,4.37758,4.36217,4.36153,4.35797,4.18078,4.30137,4.3001,4.32941,4.29781,4.30398,4.31755,4.34214,4.42649,4.50955,4.56917,4.83144,4.73952,2.55495,2.53141,2.45614,2.42053,2.41577,2.43821,2.4033,2.38222,234.55545,230.2,239.74216,228.6,2.0809355,2.26717,2.45352
12/20/2024,10.27893,5.5782,-4.73821,-13.6342,-20.48964,-47.66448,-56.36226,4.49763,4.4146,4.37153,4.32942,4.31534,4.31737,4.32488,4.15227,4.27426,4.30889,4.3227,4.29101,4.29971,4.3113,4.31594,4.37675,4.45164,4.52221,4.80148,4.71585,2.54762,2.52255,2.45038,2.41794,2.40791,2.43044,2.40275,2.38144,234.57942,229.74211,239.82946,228.91605,2.0309558,2.2247889,2.4266895
12/23/2024,10.09363,5.28369,-4.98159,-14.14814,-20.35057,-46.53085,-55.41359,4.51759,4.44906,4.41994,4.39424,4.38733,4.3941,4.40325,4.23011,4.32237,4.34186,4.31541,4.30574,4.29587,4.34752,4.36664,4.44406,4.52881,4.59761,4.86856,4.78425,2.54287,2.54177,2.47791,2.45002,2.43993,2.46218,2.43406,2.41334,238.73851,233.2,242.70115,232.2,2.0566749,2.26561,2.46225
12/24/2024,10.17908,4.52174,-6.44594,-14.81274,-20.78947,-46.16339,-55.32925,4.4976,4.43056,4.40349,4.37605,4.36883,4.37675,4.38117,4.20551,4.31368,4.34856,4.32992,4.30839,4.28208,4.32828,4.35794,4.44051,4.51696,4.58464,4.8428,4.7588,2.54359,2.54399,2.47986,2.45102,2.44068,2.4626,2.43432,2.41336,240.7,235.4,244.64948,234.2,2.03351,2.23064,2.4168
12/26/2024,9.90995,4.27484,-6.46399,-14.39266,-20.61048,-45.6462,-54.91346,4.49988,4.43096,4.39916,4.36753,4.36105,4.37156,4.38509,4.21171,4.31673,4.3001,4.32941,4.31317,4.27056,4.33137,4.35608,4.43217,4.50498,4.57766,4.84155,4.76084,2.54502,2.5573,2.49426,2.47128,2.46408,2.4894,2.4567,2.43737,240.5,235.4,244.37136,234.2,2.02717,2.22366,2.41884
12/27/2024,10.05348,4.35273,-6.34487,-14.23746,-20.63034,-46.21826,-54.85802,4.4816,4.42511,4.40642,4.39164,4.39511,4.41193,4.43175,4.2603,4.3152,4.28828,4.29165,4.29579,4.23603,4.32415,4.36262,4.45509,4.53748,4.61823,4.89393,4.80888,2.52499,2.5429,2.4814,2.4606,2.45744,2.48668,2.45886,2.4397,239.70382,235.26288,244.7556,234.6,2.0580518,2.2656012,2.46288
12/30/2024,11.16407,5.75884,-5.72629,-13.4195,-20.5104,-46.55985,-54.97248,4.44717,4.36524,4.33587,4.31159,4.31795,4.3386,4.37726,4.21318,4.32493,4.31868,4.2895,4.28194,4.20254,4.25309,4.27787,4.36885,4.45214,4.5437,4.84286,4.7629,2.50095,2.51266,2.45201,2.42898,2.42345,2.45171,2.42482,2.4051,236.9,232.3,240.89593,231.5,1.99985,2.2207,2.4479
12/31/2024,12.0332,6.37995,-5.58355,-14.59524,-21.50667,-47.08307,-56.65181,4.44994,4.3708,4.34682,4.33403,4.3415,4.36095,4.38524,4.21574,4.27276,4.29192,4.32474,4.26608,4.20157,4.24987,4.28257,4.38989,4.48747,4.57603,4.85609,4.78227,2.52069,2.52764,2.47252,2.44973,2.44011,2.46472,2.43256,2.40788,239.6,234.1,240.63176,232.3,1.99389,2.23503,2.45927
1/2/2025,12.22554,5.93934,-5.23963,-14.30753,-21.77439,-46.91953,-56.2939,4.4516,4.36947,4.34252,4.32691,4.33452,4.35634,4.39635,4.23417,4.286,4.29863,4.31388,4.27615,4.20109,4.24671,4.28279,4.37931,4.4776,4.57408,4.86555,4.79711,2.56748,2.54876,2.4877,2.459,2.44967,2.46975,2.43642,2.40928,241.9,235.10709,240.0398,232.29559,1.96031,2.2230091,2.4741541
1/3/2025,11.95365,5.58953,-5.50374,-14.71436,-21.84782,-47.10807,-56.42798,4.46397,4.39662,4.37269,4.35417,4.35733,4.37599,4.41094,4.2498,4.28961,4.29712,4.29682,4.27994,4.21337,4.2766,4.31646,4.40921,4.50447,4.59447,4.88202,4.81408,2.56125,2.53519,2.4852,2.46074,2.44672,2.466,2.42907,2.40295,242.2,234.6,239.81648,231.95106,1.98721,2.24847,2.4945694
1/6/2025,13.33084,6.0337,-3.4029,-12.64916,-19.93453,-45.21634,-54.94888,4.46396,4.40309,4.39017,4.38577,4.39377,4.41543,4.45015,4.2873,4.33005,4.32229,4.2895,4.24592,4.20464,4.2693,4.3295,4.4198,4.52026,4.61478,4.90231,4.83679,2.545,2.52141,2.47341,2.45255,2.44749,2.47227,2.43732,2.41073,242,235.6,240.70284,232.95,1.9998,2.25878,2.50729
1/7/2025,13.22993,6.02531,-3.06742,-12.26693,-19.98275,-45.15207,-54.62045,4.48223,4.42702,4.42367,4.43514,4.45374,4.48415,4.52556,4.3652,4.3193,4.31665,4.29936,4.256,4.22612,4.29424,4.36296,4.46581,4.57641,4.68398,4.97708,4.9114,2.57506,2.55495,2.50993,2.49326,2.48873,2.51672,2.48432,2.46024,246.2,239.8,244.76792,236.9,2.00381,2.28598,2.5424
1/8/2025,12.42034,5.44097,-3.1884,-12.44528,-20.11057,-45.56567,-55.25202,4.47372,4.41389,4.41366,4.43395,4.45594,4.49112,4.53883,4.37893,4.30856,4.311,4.30921,4.27137,4.21465,4.28903,4.35875,4.46583,4.58039,4.69223,4.99449,4.93145,2.61503,2.59377,2.54591,2.51828,2.51525,2.54526,2.50829,2.48144,248.2,241.9,245.8032,238.4,1.98383,2.27323,2.54745
1/9/2025,12.03789,4.70005,-3.68162,-13.07279,-20.42098,-45.30357,-55.67983,4.45053,4.3817,4.38218,4.4113,4.43774,4.47587,4.52344,4.36305,4.29624,4.30378,4.30352,4.27087,4.19771,4.26085,4.33486,4.44812,4.56847,4.68008,4.97648,4.91985,2.63076,2.60349,2.54989,2.52453,2.5148,2.54096,2.50304,2.47528,247.7,240.6,243.31299,236.4,1.97112,2.27408,2.55585
1/10/2025,12.3316,4.80604,-4.14346,-13.78907,-20.66655,-46.18056,-56.51285,4.53767,4.51769,4.53039,4.54831,4.55372,4.56593,4.57421,4.39769,4.30497,4.30739,4.31752,4.30107,4.27031,4.39391,4.48201,4.58974,4.69161,4.7726,5.03602,4.96282,2.68996,2.65754,2.60466,2.57835,2.5633,2.58425,2.53531,2.49868,253.2,244.8,246.71965,238.5,2.05774,2.3246,2.57782
1/13/2025,13.08567,5.31393,-3.54347,-12.63452,-19.44531,-45.09012,-55.03634,4.5498,4.53183,4.54899,4.58034,4.59207,4.60816,4.61641,4.43598,4.3147,4.32229,4.31541,4.32426,4.27256,4.40036,4.49542,4.61577,4.71842,4.80261,5.06731,4.98634,2.73753,2.69607,2.63705,2.61011,2.58785,2.597,2.54517,2.50478,257,246.7,249.08823,239.69061,2.04577,2.33561,2.5894339
1/14/2025,13.88408,5.42382,-3.15288,-12.18541,-19.05982,-44.97198,-54.60195,4.52937,4.50311,4.52265,4.55748,4.5752,4.59665,4.61567,4.43819,4.31419,4.31665,4.30972,4.31897,4.2556,4.36365,4.46789,4.58901,4.69705,4.78725,5.06539,4.98421,2.75004,2.70251,2.63259,2.59821,2.57399,2.58075,2.52072,2.47622,257.2,246.2,248.25939,238.54197,2.01701,2.32525,2.5987903
1/15/2025,14.44573,6.6658,-1.93558,-10.64786,-17.85102,-43.66734,-53.48246,4.47459,4.40785,4.40344,4.42349,4.44345,4.47356,4.51173,4.34261,4.30345,4.30587,4.31439,4.29781,4.21673,4.2627,4.33629,4.44285,4.54993,4.65207,4.9484,4.87743,2.76491,2.7093,2.63201,2.57123,2.5463,2.55332,2.49535,2.45377,255,243.7,246.80509,236.5,1.89285,2.21507,2.51243
1/16/2025,14.38554,6.7588,-1.91643,-10.87188,-17.95076,-44.1668,-53.15369,4.45974,4.38073,4.36771,4.37754,4.39554,4.42589,4.47483,4.31261,4.31161,4.29863,4.30352,4.2973,4.21624,4.23635,4.29976,4.3967,4.50426,4.6054,4.9165,4.84415,2.75997,2.70019,2.62515,2.5553,2.53524,2.54683,2.48741,2.44918,253.43979,242.22938,245.64091,234.9,1.8623021,2.1831062,2.49515
1/17/2025,13.91139,6.50895,-1.40812,-10.16459,-17.19748,-43.40004,-52.83151,4.47515,4.41024,4.39596,4.40022,4.41306,4.43774,4.48002,4.31579,4.31981,4.29147,4.30666,4.30585,4.24715,4.27099,4.3308,4.41442,4.51479,4.60976,4.91404,4.8442,2.77005,2.70202,2.62871,2.57399,2.55372,2.56499,2.50458,2.46549,253.54054,242.5724,245.66355,234.8,1.8790146,2.184036,2.4962
1/21/2025,13.54236,6.67067,-1.53531,-9.98816,-16.8089,-43.45123,-52.44735,4.48438,4.41547,4.39522,4.38129,4.38644,4.40525,4.44209,4.27744,4.31419,4.31665,4.30454,4.31368,4.24301,4.27945,4.32801,4.39664,4.48632,4.57334,4.8766,4.80191,2.69731,2.63524,2.57887,2.52662,2.5171,2.53898,2.48531,2.45044,248.8,239.90232,244.56579,233.44617,1.90864,2.1743168,2.4674483
1/22/2025,12.36501,6.07786,-2.67394,-11.08862,-17.81836,-43.91607,-53.26225,4.48478,4.42079,4.40631,4.40014,4.40387,4.41955,4.4495,4.28215,4.32391,4.32127,4.31956,4.30839,4.23751,4.29643,4.345,4.42688,4.51476,4.59773,4.88866,4.81477,2.68003,2.62666,2.57634,2.53944,2.53008,2.55199,2.49417,2.45693,250.6,241.7,245.78868,234.7,1.92088,2.18073,2.46777
1/23/2025,11.9125,4.97056,-3.37685,-11.88139,-18.84393,-44.56499,-54.2246,4.46976,4.40335,4.39441,4.40738,4.42247,4.44801,4.48887,4.32642,4.34746,4.29349,4.31905,4.2973,4.2205,4.28368,4.34434,4.44115,4.54128,4.63645,4.93452,4.86867,2.69497,2.64246,2.5942,2.56669,2.55602,2.57849,2.52305,2.48965,254.4,240.69606,250.63474,238.6,1.89715,2.2294894,2.48267
1/24/2025,11.82977,5.26528,-2.80853,-11.26767,-18.33833,-43.9642,-53.7172,4.45357,4.38867,4.38118,4.39881,4.41398,4.43906,4.47516,4.31073,4.33568,4.30739,4.31235,4.28522,4.20804,4.2698,4.32814,4.4269,4.52666,4.62244,4.9148,4.8479,2.65749,2.61908,2.57791,2.55359,2.54452,2.56928,2.51899,2.48692,255,241.7,251.87358,239.63361,1.8769,2.20544,2.4515639
1/27/2025,11.55869,5.31507,-3.3445,-11.16497,-18.50593,-43.96233,-53.84268,4.40769,4.31015,4.29238,4.29444,4.31176,4.34217,4.39043,4.23234,4.33516,4.32743,4.29986,4.28194,4.16908,4.194,4.23884,4.32788,4.42341,4.52723,4.83005,4.77077,2.61003,2.58537,2.55402,2.53416,2.52645,2.55127,2.50481,2.47618,252.8,240,250.90235,238,1.79988,2.12723,2.39077
1/28/2025,11.98212,5.94385,-2.62504,-10.68344,-18.28124,-43.92944,-53.55441,4.41601,4.32457,4.31206,4.31765,4.33495,4.36469,4.41154,4.25312,4.34488,4.32178,4.29418,4.28194,4.17959,4.20419,4.25226,4.3439,4.44178,4.5475,4.85083,4.78866,2.63758,2.62603,2.59078,2.5626,2.54492,2.56542,2.51897,2.48589,255.5,241.3,250.66777,238.6,1.7889,2.1345,2.40266
1/29/2025,11.89134,6.11178,-2.27678,-11.0538,-18.28539,-43.91248,-53.67114,4.44215,4.34428,4.32934,4.33169,4.3438,4.37078,4.41173,4.25247,4.34437,4.31614,4.29367,4.29781,4.21208,4.22478,4.26784,4.35446,4.45434,4.55363,4.85085,4.78918,2.62756,2.62639,2.58944,2.55376,2.54029,2.55999,2.51778,2.48888,254.89834,240.5,250.07521,238.35801,1.8054766,2.14863,2.4055999
1/30/2025,13.0963,6.4902,-1.39004,-9.83288,-17.16355,-42.39009,-52.67894,4.43053,4.32731,4.30035,4.2966,4.31071,4.33962,4.38675,4.23128,4.31515,4.3192,4.28799,4.30788,4.19786,4.19595,4.23515,4.3105,4.40904,4.51126,4.81065,4.75807,2.59717,2.59761,2.56378,2.52538,2.51466,2.53768,2.49483,2.46447,252.3,237.9,246.70838,235.7,1.7875,2.13226,2.40107
1/31/2025,12.62802,6.4839,-1.17226,-10.31721,-17.07148,-42.47479,-52.70807,4.45287,4.36314,4.34361,4.35163,4.36699,4.39535,4.44133,4.28473,4.31362,4.30225,4.29165,4.30635,4.21563,4.23637,4.27844,4.36335,4.47016,4.56606,4.86608,4.81181,2.62107,2.63917,2.5998,2.55806,2.54254,2.55995,2.5154,2.48272,256.4,240.5,249.47619,237.9,1.79935,2.16106,2.43281
2/3/2025,12.39167,6.19656,-1.16,-10.30488,-17.17566,-42.67491,-53.18242,4.48029,4.38783,4.35645,4.34296,4.34999,4.37005,4.40153,4.23902,4.32332,4.32229,4.31541,4.30941,4.2371,4.26339,4.29412,4.35456,4.45304,4.54181,4.82828,4.77084,2.77001,2.75873,2.69933,2.63823,2.60747,2.60798,2.55096,2.50628,264.49269,245.40242,251.5858,240.09204,1.7096331,2.0877858,2.3699196
2/4/2025,12.99044,6.09767,-1.3893,-10.23823,-17.40797,-42.85658,-53.29644,4.45198,4.34317,4.30851,4.30191,4.31318,4.33747,4.37464,4.21399,4.3126,4.31151,4.30972,4.29832,4.21465,4.2127,4.24703,4.3158,4.41556,4.51155,4.80321,4.74695,2.74249,2.72888,2.67122,2.61878,2.5875,2.58976,2.53288,2.49397,262.5,243.6,250.32631,238.9,1.6908,2.07555,2.35795
2/5/2025,12.69456,5.90442,-1.33928,-10.04902,-17.22778,-41.64385,-51.99917,4.43942,4.3102,4.25732,4.22855,4.22925,4.24683,4.28197,4.12077,4.29679,4.311,4.31439,4.3031,4.20319,4.18268,4.19779,4.24194,4.32974,4.41911,4.69841,4.64076,2.71501,2.69608,2.64207,2.59006,2.55903,2.56153,2.50778,2.46975,260.5,241.4,248.26461,236.6,1.63694,2.00511,2.27476
2/6/2025,12.34076,6.03361,-0.30293,-8.75655,-15.12749,-37.54462,-48.08124,4.44656,4.33039,4.28686,4.26876,4.27025,4.28592,4.3242,4.16491,4.29983,4.30892,4.31905,4.30788,4.21917,4.20659,4.22625,4.27179,4.35782,4.43719,4.69965,4.64572,2.72,2.69624,2.63421,2.58189,2.55523,2.56353,2.50775,2.47203,259.7,241.1,247.19247,235.7,1.67479,2.02619,2.28872
2/7/2025,12.21351,5.71039,0.16802,-7.21189,-13.28652,-35.88796,-46.29839,4.50159,4.40041,4.35743,4.33518,4.33683,4.35273,4.3871,4.22658,4.30852,4.31767,4.33304,4.3275,4.2753,4.27774,4.29989,4.3335,4.40895,4.4856,4.74598,4.68956,2.76002,2.72487,2.66,2.60153,2.57207,2.57728,2.52336,2.48573,262.49744,242.80162,248.48187,236.93888,1.7085256,2.0575838,2.3201712
2/10/2025,12.59704,5.78148,-0.38691,-7.81204,-13.78493,-36.09106,-46.92986,4.49944,4.3929,4.34948,4.32787,4.33411,4.35587,4.39811,4.24084,4.33353,4.34284,4.32577,4.33484,4.27206,4.26638,4.29129,4.33174,4.41223,4.49372,4.75902,4.71014,2.80501,2.76004,2.68981,2.62109,2.58776,2.58973,2.53519,2.49303,264.1,243.6,248.28794,237.3,1.69074,2.05772,2.33714
2/11/2025,12.98664,7.92868,-0.47084,-8.00448,-13.80968,-36.14828,-46.64044,4.51719,4.41893,4.38227,4.36423,4.37437,4.39816,4.43996,4.28214,4.32791,4.34233,4.32526,4.34542,4.28802,4.28851,4.3025,4.36894,4.45441,4.53626,4.80144,4.74854,2.86606,2.79115,2.71653,2.64465,2.60755,2.60877,2.54759,2.50073,267.1,246,249.8393,238.7,1.69794,2.07626,2.36154
2/12/2025,13.97525,8.87902,0.52478,-6.23455,-10.88388,-33.45602,-43.01882,4.57357,4.50466,4.4863,4.48625,4.50011,4.52354,4.56344,4.40447,4.3325,4.33154,4.3351,4.3613,4.32868,4.3643,4.39697,4.481,4.56246,4.63238,4.898,4.83466,2.93526,2.82962,2.73505,2.6604,2.62457,2.62854,2.56264,2.51475,268.8,247.6,250.78362,239.6,1.793,2.15638,2.43866
2/13/2025,13.57393,8.62108,1.00817,-5.02389,-9.58115,-31.55826,-40.56101,4.53887,4.44506,4.40954,4.39506,4.40419,4.42814,4.47276,4.31739,4.31515,4.3192,4.32423,4.36078,4.30621,4.30881,4.32298,4.38498,4.45443,4.52395,4.78834,4.723,2.94997,2.80972,2.71123,2.63761,2.59974,2.60247,2.53405,2.48819,267,245,248.24965,237.2,1.71498,2.07395,2.351
2/14/2025,12.84151,7.4698,0.01731,-6.35641,-10.7797,-33.34209,-42.55667,4.49685,4.38617,4.34466,4.32655,4.33796,4.36741,4.42005,4.26959,4.32332,4.32743,4.32218,4.34812,4.26308,4.25784,4.27024,4.32654,4.40164,4.47527,4.75351,4.69527,2.95245,2.77036,2.68255,2.6172,2.58668,2.5925,2.52626,2.48317,265.35,244,247.42377,236.7,1.67304,2.03527,2.32827
2/18/2025,13.0562,7.44633,-0.41751,-7.24524,-11.76128,-34.06478,-43.53795,4.52605,4.42722,4.39446,4.38814,4.39923,4.42584,4.4772,4.32635,4.32791,4.32692,4.32008,4.37188,4.28158,4.29604,4.31948,4.39232,4.47168,4.54345,4.81785,4.76173,3.01043,2.80038,2.69644,2.63484,2.60292,2.60654,2.54283,2.49799,267.8,245.9,248.86187,238.8,1.71432,2.08445,2.37373
2/19/2025,13.89687,8.66801,0.71372,-6.18618,-10.57578,-31.47261,-42.60623,4.51445,4.41151,4.37714,4.37637,4.3946,4.42788,4.48427,4.33717,4.32229,4.3264,4.32474,4.36659,4.25678,4.27186,4.2899,4.36923,4.45646,4.53364,4.799,4.76323,3.04535,2.82737,2.7158,2.64728,2.61257,2.61554,2.55095,2.49999,269.34901,246.30994,249.18761,238.67261,1.6757399,2.0705406,2.3765039
2/20/2025,13.00652,8.23605,0.72717,-6.17501,-11.05451,-32.69861,-43.83391,4.49848,4.39516,4.35568,4.34808,4.35967,4.38793,4.44426,4.29896,4.31515,4.3192,4.31388,4.36078,4.24252,4.26459,4.27298,4.34081,4.42142,4.49848,4.77125,4.7373,3.0425,2.81611,2.70334,2.64134,2.60595,2.60995,2.5466,2.49847,269.5,246,249.1447,235.55,1.64581,2.03848,2.3818
2/21/2025,12.22048,7.53118,0.16203,-7.08449,-11.62574,-33.81879,-45.04064,4.43977,4.31327,4.27033,4.25901,4.27144,4.30246,4.36125,4.21735,4.31362,4.31767,4.302,4.33278,4.19154,4.19058,4.19462,4.25739,4.34228,4.41872,4.69944,4.66776,2.9817,2.7563,2.64742,2.58356,2.55655,2.56548,2.50551,2.46048,265.07964,242.89346,247.39622,233.19562,1.6065936,1.9897854,2.3358038
2/24/2025,12.87972,7.40158,0.30316,-6.62995,-11.35928,-34.28131,-45.03083,4.43311,4.28933,4.24144,4.23205,4.24572,4.27801,4.34032,4.1984,4.30801,4.31716,4.29468,4.32955,4.18831,4.16,4.16705,4.22902,4.31202,4.3916,4.68313,4.64871,2.96098,2.75753,2.64461,2.57117,2.54412,2.55513,2.49387,2.44824,264.5,242.5,247.69182,232.7,1.58402,1.9666,2.32171
2/25/2025,12.12111,6.45982,0.11202,-7.40617,-12.55139,-36.18111,-46.479,4.39532,4.217,4.14886,4.12615,4.13845,4.17185,4.23273,4.09045,4.2922,4.31665,4.289,4.31368,4.15762,4.09522,4.08387,4.1281,4.21251,4.29736,4.59454,4.55524,2.93001,2.72501,2.60897,2.53964,2.50679,2.50905,2.44283,2.39429,261.6,238.9,244.02907,228.8,1.5121,1.90836,2.26724
2/26/2025,12.17357,6.42474,-0.33475,-8.14331,-13.37432,-36.86692,-46.49739,4.38659,4.1929,4.10756,4.07247,4.08201,4.11389,4.18088,4.04193,4.29679,4.30587,4.29885,4.31368,4.15715,4.07058,4.0429,4.07575,4.163,4.24763,4.54955,4.5069,2.87256,2.69517,2.58624,2.52651,2.49293,2.4937,2.42898,2.38345,259.68512,236.89046,242.74827,226.98264,1.4788988,1.8787254,2.2370736
2/27/2025,12.37359,7.36248,-0.06248,-8.12182,-13.22555,-36.21282,-46.16076,4.38724,4.20309,4.13217,4.10141,4.11721,4.15249,4.22765,4.09171,4.29983,4.27807,4.30352,4.31846,4.17314,4.07879,4.05816,4.10203,4.19843,4.28475,4.58978,4.55332,2.92754,2.74394,2.62335,2.54202,2.50173,2.49282,2.42547,2.37397,262.2,236.9,241.29667,225.9,1.48003,1.91575,2.29432
2/28/2025,12.61756,7.18023,-0.27282,-8.40201,-14.06961,-38.24459,-47.76382,4.31994,4.12077,4.05154,4.0216,4.04352,4.0875,4.1688,4.03676,4.30341,4.28684,4.29682,4.27994,4.11687,3.99404,3.97934,4.02433,4.12754,4.2282,4.55125,4.5144,2.92251,2.73734,2.61614,2.54224,2.50245,2.49429,2.42973,2.38248,262.6,237.3,244.33494,227,1.39833,1.8552,2.2444
3/3/2025,12.57429,7.41749,0.49155,-7.40093,-13.42287,-37.58335,-47.37107,4.30719,4.1058,4.03047,3.9935,4.00685,4.04355,4.12195,3.98952,4.31311,4.31716,4.2895,4.27237,4.09449,3.9794,3.95583,3.98858,4.08086,4.17778,4.49778,4.46323,2.91377,2.73,2.61168,2.5408,2.49642,2.48572,2.4174,2.36453,262.7,236.7,242.19278,225.7,1.36158,1.81078,2.20623
3/4/2025,12.4753,7.1681,-0.13604,-8.53782,-14.92922,-40.2421,-49.69459,4.28789,4.07965,4.01632,3.9994,4.01812,4.05969,4.147,4.01837,4.3177,4.31665,4.29418,4.25071,4.07761,3.95443,3.94428,4.00076,4.1035,4.20898,4.54942,4.51532,2.98504,2.78011,2.6494,2.54045,2.49335,2.47798,2.40989,2.35951,263.3,236.3,242.51073,225.2,1.36776,1.84598,2.26332
3/5/2025,12.44355,7.18968,0.33597,-7.848,-13.52289,-38.25162,-47.46987,4.30295,4.10902,4.06139,4.06,4.08543,4.12987,4.21426,4.08285,4.31209,4.30587,4.30921,4.25551,4.10453,3.98407,3.98911,4.05664,4.16391,4.2651,4.59678,4.55755,2.93252,2.71882,2.59414,2.50677,2.46296,2.45223,2.38619,2.34048,260.3,234.6,241.72331,224.3,1.45364,1.9191,2.31455
3/6/2025,11.68335,6.57852,-0.16935,-8.59778,-14.21926,-39.70522,-48.66044,4.25868,4.07951,4.04088,4.05496,4.08835,4.13812,4.22354,4.09102,4.29472,4.28835,4.29317,4.22858,4.05755,3.96213,3.97472,4.05665,4.17433,4.28031,4.62059,4.57762,2.89514,2.67989,2.56748,2.48103,2.44132,2.44526,2.38862,2.35173,257.6,234.4,242.79773,225.8,1.48065,1.93631,2.31962
3/7/2025,11.33868,6.30461,-0.43001,-8.59609,-14.35906,-39.84845,-48.67653,4.29713,4.11469,4.07628,4.08922,4.12365,4.17387,4.2604,4.12933,4.29831,4.29198,4.302,4.24296,4.09448,4.00075,4.01286,4.09352,4.20961,4.31746,4.65888,4.6161,2.93504,2.70723,2.58211,2.48279,2.44291,2.44625,2.39273,2.35672,257.01238,234,240.828,225.8,1.5233962,1.97746,2.3581
3/10/2025,11.0247,5.76675,-1.12388,-9.47874,-15.18095,-40.36983,-49.14273,4.21884,4.00558,3.95535,3.96142,4.00077,4.06035,4.16863,4.04703,4.30291,4.30688,4.2895,4.20793,4.02296,3.89467,3.8972,3.97266,4.09556,4.21216,4.57233,4.53846,2.93755,2.70009,2.55911,2.45524,2.41921,2.4275,2.37792,2.34149,253.9,231.5,238.03733,223.9,1.43366,1.89716,2.29946
3/11/2025,11.37468,6.73951,-1.27534,-9.96693,-15.58598,-40.4223,-49.04421,4.25628,4.05422,4.01113,4.02726,4.06944,4.13071,4.23482,4.11165,4.2973,4.30124,4.29418,4.22379,4.07442,3.94001,3.94336,4.04001,4.16911,4.28657,4.63904,4.60209,2.97104,2.72754,2.57654,2.4631,2.41969,2.42647,2.37793,2.34227,255.2,231.9,238.49558,224.1,1.48801,1.96757,2.36109
3/12/2025,11.69018,7.2438,-0.42041,-8.88323,-14.41774,-38.37681,-47.3759,4.30505,4.11122,4.06295,4.07181,4.11165,4.17111,4.27807,4.15589,4.29169,4.30587,4.30403,4.23965,4.11224,3.99385,3.99017,4.07601,4.20048,4.31529,4.66184,4.62965,2.99927,2.76898,2.61121,2.49689,2.45292,2.45503,2.40235,2.36347,257.8,234,240.2696,226.1,1.49801,1.97529,2.36865
3/13/2025,11.89268,7.617,-0.28119,-8.38645,-13.96844,-37.94883,-47.29851,4.27244,4.07033,4.01706,4.02404,4.06957,4.13522,4.24396,4.12234,4.28961,4.29863,4.29834,4.22858,4.07351,3.95088,3.94053,4.02685,4.15343,4.2749,4.62345,4.59533,2.96376,2.6974,2.54773,2.44876,2.41748,2.4318,2.38284,2.3465,253,230.8,237.11172,223.9,1.49685,1.9669,2.35633
3/14/2025,11.95543,7.85277,0.07588,-7.92006,-12.98305,-36.75417,-46.06013,4.31705,4.13293,4.07888,4.08213,4.12002,4.17747,4.27803,4.15353,4.29831,4.29198,4.29682,4.24296,4.11585,4.01285,3.99997,4.08136,4.19921,4.30728,4.64556,4.61412,2.9323,2.69486,2.54495,2.46005,2.42782,2.44022,2.39123,2.353,252.7,230.9,237.63992,224.19669,1.55436,1.99828,2.3721531
3/17/2025,11.44649,7.54628,0.19294,-7.85733,-12.60972,-35.92314,-45.05989,4.3539,4.16633,4.10663,4.09741,4.12852,4.17917,4.27432,4.14759,4.30291,4.30688,4.29519,4.25022,4.15637,4.05149,4.03088,4.09548,4.20709,4.30527,4.63355,4.59819,2.94031,2.69231,2.53768,2.45273,2.41758,2.43075,2.3799,2.34076,251.81605,230.2,236.53756,223.20182,1.5773195,2.00327,2.3661718
3/18/2025,11.90971,7.70499,0.45492,-7.44715,-12.59749,-36.26349,-44.92723,4.36285,4.15927,4.09011,4.07361,4.10314,4.15424,4.25355,4.12921,4.3024,4.2961,4.27914,4.25022,4.16047,4.03977,4.01274,4.06906,4.17761,4.28021,4.61618,4.57848,2.92505,2.67129,2.52398,2.44577,2.41254,2.42843,2.38144,2.34695,251.2,230.1,236.37077,223.2,1.55706,1.97921,2.34648
3/19/2025,12.75823,8.00052,0.59362,-7.31172,-12.46292,-36.41668,-45.17108,4.33106,4.1045,4.03771,4.03451,4.07178,4.13057,4.23708,4.11431,4.29679,4.29046,4.29936,4.24493,4.13023,3.97651,3.9574,4.02857,4.1449,4.2552,4.60125,4.56602,2.94503,2.69251,2.55491,2.47779,2.43878,2.44396,2.39796,2.35896,254.4,231.9,236.97336,224.4,1.48457,1.9362,2.32202
3/20/2025,12.047,7.7124,-0.14769,-7.85278,-13.32108,-37.11748,-46.0366,4.30118,4.0762,4.0112,4.00431,4.0403,4.09901,4.21345,4.09518,4.28451,4.27807,4.29367,4.23387,4.09681,3.95522,3.9336,4.0057,4.11877,4.23214,4.58457,4.5555,2.95501,2.71034,2.575,2.49431,2.45588,2.45607,2.40404,2.36001,256.3,232.9,237.35693,224.7,1.4427,1.90314,2.3085
3/21/2025,10.88718,6.86669,-0.89206,-9.11709,-14.82139,-39.14923,-48.54354,4.28079,4.05631,3.99494,3.9985,4.03866,4.10279,4.224,4.1103,4.27789,4.28684,4.28698,4.22712,4.07348,3.947,3.92592,4.00742,4.12983,4.251,4.61549,4.59574,2.95003,2.71601,2.58212,2.50225,2.46089,2.45871,2.40277,2.35719,256.6,233,236.52534,224.6,1.44142,1.921,2.34974
3/24/2025,9.87444,6.42685,-1.05214,-9.34597,-15.10477,-39.56171,-48.56963,4.34016,4.13471,4.07787,4.08162,4.11963,4.17873,4.28837,4.1692,4.2876,4.30175,4.28432,4.22907,4.14162,4.03563,4.01324,4.09214,4.21309,4.32978,4.68399,4.6549,2.97006,2.75024,2.61218,2.52116,2.48046,2.47404,2.41238,2.3668,259.5,235.4,239.00925,226.3,1.49714,1.97578,2.3919
3/25/2025,12.50628,6.59084,-1.03464,-9.05614,-15.22264,-40.05453,-49.11982,4.32755,4.10741,4.04364,4.04645,4.08904,4.15432,4.27618,4.16272,4.2922,4.27556,4.27864,4.22379,4.12743,3.982,3.97736,4.0568,4.1796,4.30655,4.67673,4.65392,2.97476,2.75406,2.61834,2.5225,2.47972,2.47002,2.41161,2.36779,259.5,235,238.88106,226.4,1.4618,1.95655,2.38992
3/26/2025,11.64995,5.88826,-2.6695,-10.16096,-16.35827,-41.9643,-50.87573,4.33297,4.12421,4.06131,4.06275,4.10757,4.17378,4.29038,4.17455,4.28659,4.2956,4.29367,4.22379,4.14068,4.00735,4.00211,4.08944,4.20918,4.33736,4.71002,4.68331,3.02135,2.78259,2.64601,2.54971,2.50658,2.49126,2.42871,2.38551,261.51521,237,241.37146,228.3,1.4742879,1.96736,2.40031
3/27/2025,11.92216,6.05203,-2.27569,-9.80583,-16.43218,-41.71459,-50.72865,4.33039,4.11684,4.0574,4.07403,4.13096,4.20395,4.33186,4.22048,4.28961,4.28835,4.29317,4.22858,4.13747,3.99707,3.99654,4.09679,4.22902,4.36827,4.74901,4.72777,3.10216,2.84076,2.70029,2.58717,2.53597,2.51616,2.4465,2.39651,265.7,239.5,241.8734,229.4,1.43979,1.97327,2.43377
3/28/2025,11.02446,5.5696,-2.02259,-10.15135,-16.71872,-42.08957,-50.82165,4.25076,4.01857,3.95103,3.95804,4.01118,4.087,4.22744,4.12327,4.2881,4.31767,4.29682,4.21655,4.07578,3.90779,3.89493,3.97827,4.11269,4.25419,4.64834,4.63149,3.16245,2.85489,2.70767,2.57433,2.51905,2.49923,2.42244,2.36952,263.6,237.3,239.53475,226.7,1.34227,1.88119,2.36449
3/31/2025,11.34756,5.71234,-2.02076,-10.03123,-16.46235,-42.03327,-50.25345,4.25432,4.02493,3.95954,3.95976,4.00847,4.07989,4.21659,4.11054,4.30291,4.31716,4.2895,4.20891,4.07259,3.91086,3.90199,3.97997,4.10878,4.24451,4.63692,4.61307,3.3049,2.92629,2.76606,2.60954,2.54586,2.51982,2.43723,2.3781,267.10391,239.6,242.18457,227.8,1.3089309,1.84851,2.33507
4/1/2025,11.2929,5.61426,-1.61971,-8.97707,-15.24234,-41.68607,-49.15473,4.21793,3.97498,3.902,3.88999,3.9331,4.0022,4.13189,4.023,4.3075,4.31665,4.29936,4.20313,4.03656,3.86155,3.84545,3.90616,4.02285,4.15461,4.54875,4.51455,3.26003,2.87001,2.69797,2.538,2.4833,2.46476,2.38481,2.3363,259.8,234.1,238.06938,223.5,1.30816,1.81361,2.27955
4/2/2025,11.02132,5.41258,-1.38662,-8.54423,-14.82195,-40.8366,-48.60885,4.25944,4.01303,3.94071,3.93821,3.97994,4.04632,4.17415,4.06406,4.30699,4.31614,4.30921,4.22907,4.08263,3.90262,3.8864,3.95208,4.06538,4.19454,4.58252,4.55015,3.28254,2.85998,2.68155,2.52551,2.47362,2.4582,2.3837,2.3375,258.3,233.2,237.61796,223.5,1.36908,1.86254,2.31515
4/3/2025,9.92724,4.36199,-2.94801,-10.12206,-17.38878,-45.0335,-52.31885,4.13471,3.82346,3.7341,3.72883,3.78748,3.88009,4.05126,3.96072,4.31004,4.29863,4.29317,4.18632,3.96736,3.72371,3.69016,3.75831,3.8887,4.05398,4.50159,4.48391,3.47499,2.9325,2.70729,2.52698,2.45681,2.42854,2.34735,2.29478,256.96415,229.1,234.31756,218.6,1.1886685,1.76298,2.29791
4/4/2025,7.48901,1.73218,-5.17665,-12.52933,-19.73445,-48.00968,-54.59327,4.04465,3.74274,3.66072,3.65792,3.70636,3.79134,3.94158,3.84277,4.283,4.29198,4.26578,4.11628,3.89516,3.66738,3.64308,3.70969,3.83165,3.98868,4.42168,4.3887,3.37745,2.77129,2.52508,2.3508,2.3077,2.31727,2.26794,2.2297,239.2,217.6,228.44716,212.1,1.31769,1.81268,2.2677
4/7/2025,4.44679,-1.33794,-7.95757,-15.45829,-22.65403,-52.8295,-59.02269,4.04907,3.78016,3.72454,3.76111,3.8293,3.92835,4.09771,4.00205,4.30801,4.31202,4.2636,4.12342,3.90565,3.73509,3.73745,3.84069,3.98388,4.15489,4.62601,4.59228,3.39997,2.76746,2.49876,2.32583,2.30338,2.33397,2.29131,2.26078,235.8,219,231.12323,215.3,1.48269,1.96489,2.43928
4/8/2025,0.96033,-6.57383,-12.71504,-20.47623,-27.79902,-59.61542,-64.67314,4.01134,3.74581,3.71155,3.78114,3.86816,3.98116,4.16013,4.06665,4.3126,4.33205,4.28382,4.1287,3.89433,3.73589,3.777,3.90829,4.07292,4.25915,4.75628,4.71338,3.56001,2.88485,2.59533,2.39145,2.34775,2.36755,2.32426,2.29247,242,223,235.88997,219.5,1.48829,2.02915,2.51838
4/9/2025,5.92522,-0.44775,-8.66925,-16.89205,-23.24944,-52.13346,-58.10984,4.23287,4.0047,3.96605,4.01122,4.07672,4.16122,4.31391,4.20722,4.31209,4.3264,4.34028,4.20793,4.07943,3.94512,3.97026,4.09791,4.24564,4.39371,4.83524,4.78832,3.49253,2.89497,2.66684,2.48074,2.42533,2.42952,2.3734,2.32526,250.7,229.2,237.09149,222.9,1.59091,2.10171,2.55932
4/10/2025,3.98595,-3.12219,-11.89099,-20.18106,-27.35973,-58.21149,-63.23849,4.12738,3.88567,3.85063,3.91673,4.00389,4.11615,4.30678,4.2148,4.29472,4.30892,4.31905,4.15991,3.99707,3.84536,3.88154,4.03564,4.2057,4.38975,4.88889,4.84718,3.30998,2.74003,2.51559,2.35103,2.31517,2.34248,2.30366,2.2768,234.6952,213.77873,226.57386,214.00307,1.688688,2.2519627,2.7071493
4/11/2025,3.16806,-3.58469,-11.93491,-21.58903,-26.90868,-54.39892,-60.63966,4.19766,3.98266,3.96273,4.03597,4.11944,4.2224,4.38202,4.26797,4.30341,4.30225,4.32787,4.19544,4.08307,3.95053,3.99826,4.15532,4.33533,4.49149,4.92601,4.87437,3.31503,2.74639,2.5165,2.34199,2.30165,2.3272,2.27868,2.24252,237.8,220.6,229.46476,217,1.77732,2.28549,2.70437
4/14/2025,5.33996,-1.16429,-9.50193,-17.96911,-24.35622,-51.67713,-58.12973,4.14732,3.88557,3.8439,3.90202,3.99856,4.11965,4.31413,4.21562,4.2978,4.32229,4.32059,4.1868,4.02531,3.83144,3.85504,3.99704,4.17825,4.36321,4.8309,4.79692,3.3148,2.74551,2.5159,2.34172,2.30149,2.3271,2.2786,2.24248,240.47624,223.97047,232.57398,219.80559,1.5922776,2.1235053,2.5988641
4/15/2025,5.18575,-0.36568,-8.11795,-15.71662,-22.84383,-51.38445,-57.36035,4.15213,3.8794,3.83083,3.88081,3.97407,4.0939,4.29476,4.20116,4.2922,4.30124,4.30972,4.19208,4.00947,3.82716,3.83418,3.96199,4.13124,4.32234,4.8086,4.77476,3.18747,2.72875,2.51983,2.35984,2.31536,2.33441,2.28149,2.23793,237.1,219.7,228.23424,215.3,1.59099,2.12534,2.62176
4/16/2025,4.21521,-1.29469,-8.26995,-15.8453,-23.72121,-53.86901,-59.46998,4.11674,3.82794,3.77218,3.82506,3.91875,4.04054,4.24152,4.15101,4.29679,4.2956,4.31439,4.1868,3.99302,3.78522,3.78473,3.90776,4.0772,4.27775,4.78021,4.74571,3.1526,2.70664,2.48904,2.31272,2.28232,2.31744,2.27071,2.23218,233.9,218.2,228.65022,215.2,1.56876,2.09575,2.59371
4/17/2025,3.94589,-1.46586,-8.77204,-16.56079,-24.11303,-53.9693,-60.12056,4.13511,3.8342,3.77968,3.84516,3.9512,4.08473,4.29496,4.20737,4.30852,4.30739,4.31752,4.19544,4.0214,3.79402,3.79381,3.93288,4.11681,4.32586,4.83465,4.80858,3.34531,2.83097,2.58964,2.39548,2.35571,2.37696,2.32611,2.28536,225.8766,223.8,232.85709,220.4,1.674114,2.08786,2.60458
4/21/2025,1.39055,-4.42252,-12.10961,-20.76212,-28.2339,-59.54285,-64.3876,4.07601,3.7654,3.72917,3.83715,3.96672,4.12143,4.34963,4.26462,4.30801,4.31716,4.30504,4.19208,3.97441,3.75074,3.77283,3.95825,4.17434,4.40377,4.94506,4.9085,3.24995,2.75497,2.52551,2.35378,2.32072,2.35646,2.32481,2.30121,223,222.4,235.7563,222.5,1.72825,2.17977,2.6835
4/22/2025,4.37244,-2.89184,-10.86709,-19.53372,-26.85672,-56.74157,-62.25805,4.12852,3.82955,3.78341,3.86711,3.98097,4.1195,4.34104,4.25545,4.27179,4.2961,4.29936,4.19737,4.01504,3.7855,3.81203,3.97578,4.17631,4.38807,4.90846,4.87803,3.35497,2.82833,2.59465,2.4216,2.37862,2.40182,2.35839,2.32152,229.9,227.3,237.74267,224.9,1.67678,2.11507,2.62903
4/23/2025,4.31565,-1.95567,-9.8201,-18.05741,-24.36652,-52.38022,-58.62787,4.18126,3.90215,3.85391,3.91561,4.01608,4.14239,4.3389,4.24517,4.27129,4.29046,4.31439,4.20793,4.0502,3.85856,3.87313,4.01381,4.19665,4.38606,4.8627,4.83145,3.34996,2.83385,2.62035,2.4756,2.42909,2.43674,2.37739,2.33281,234.3,230.3,238.275,225.4,1.67081,2.08306,2.57745
4/24/2025,4.78872,-1.07644,-8.61221,-16.72329,-22.8408,-50.26032,-56.91614,4.13721,3.83732,3.78205,3.8401,3.94477,4.07581,4.28439,4.19609,4.26408,4.29349,4.30352,4.20217,4.01142,3.78888,3.79243,3.92622,4.112,4.30422,4.78699,4.76525,3.4369,2.88997,2.66241,2.50628,2.45006,2.44872,2.38126,2.33452,236.5,230.5,237.52378,224.7,1.56122,1.99922,2.51825
4/25/2025,4.87981,-0.53956,-8.59552,-16.4905,-23.04386,-50.25383,-57.28913,4.11942,3.8106,3.74948,3.79858,3.90302,4.0348,4.24939,4.16437,4.27279,4.28684,4.302,4.20072,3.99095,3.76125,3.7545,3.88454,4.06792,4.26524,4.75193,4.73726,3.46991,2.88374,2.64244,2.47581,2.42029,2.41876,2.35244,2.30872,233.3,227,233.16701,221.5,1.55154,1.99524,2.52226
4/28/2025,5.61211,-0.18713,-8.44801,-16.67168,-23.39318,-50.58806,-56.95566,4.0808,3.73916,3.67431,3.72907,3.84103,3.98104,4.20449,4.12258,4.2978,4.30688,4.29986,4.18247,3.96046,3.68255,3.67585,3.81355,4.00775,4.21497,4.71037,4.69214,3.46996,2.87528,2.63267,2.46703,2.40447,2.39942,2.33333,2.28743,232.7,225.2,231.67275,219,1.48655,1.96297,2.50214
